timesteps,elapsed_seconds,episode_reward_mean,episode_length_mean,policy_entropy,entropy_loss,policy_gradient_loss,value_loss,approx_kl,clip_fraction,explained_variance,learning_rate,environment,environment_id,seed
1024,3.373,0.2340624,200.8,1.9459097385406492,,,,,,,,empty-8x8,MiniGrid-Empty-8x8-v0,0
2048,7.797,0.1300346666666666,225.33333333333331,1.9423370361328125,-1.945592999458313,-0.0023631117423065,0.0052729557617567,0.0019944715,0.0,0.0006818175315856,0.00025,empty-8x8,MiniGrid-Empty-8x8-v0,0
3072,14.437,0.090024,234.7692307692308,1.91973078250885,-1.9238105088472368,-0.0106500095571391,0.0001326759733274,0.01368614,0.10888671875,-4.080629348754883,0.00025,empty-8x8,MiniGrid-Empty-8x8-v0,0
4096,18.911,0.1512152777777777,220.88888888888889,1.8964663743972776,-1.9054475486278533,-0.0047383970813825,4.016007087557227e-05,0.010878544,0.04951171875,-1.7084288597106934,0.00025,empty-8x8,MiniGrid-Empty-8x8-v0,0
5120,23.033,0.1733526086956521,215.34782608695653,1.877488374710083,-1.8857906877994537,-0.0041134592553135,0.006421472353395,0.0059374734,0.0255859375,0.0281558036804199,0.00025,empty-8x8,MiniGrid-Empty-8x8-v0,0
6144,28.899,0.1738978928571428,215.67857142857144,1.8684920072555544,-1.8666914612054823,-0.0041961526032537,0.00589941458893,0.008468715,0.02705078125,0.0214006304740905,0.00025,empty-8x8,MiniGrid-Empty-8x8-v0,0
7168,33.964,0.2005285,209.0,1.8829138278961184,-1.8939926773309708,-0.005205684993416,0.002735302169458,0.008838831,0.04638671875,0.055802047252655,0.00025,empty-8x8,MiniGrid-Empty-8x8-v0,0
8192,39.014,0.219381,204.53846153846155,1.8819762468338013,-1.8691298604011533,-0.0027982137049548,0.0085131416795775,0.003239861,0.01796875,0.0930563807487487,0.00025,empty-8x8,MiniGrid-Empty-8x8-v0,0
9216,45.156,0.2263628222222222,203.62222222222223,1.8602501153945925,-1.8564101934432984,-0.0074038803228177,0.0066250978677999,0.0048756553,0.06982421875,0.1755173802375793,0.00025,empty-8x8,MiniGrid-Empty-8x8-v0,0
10240,60.235,0.3103906363636364,182.7090909090909,1.800894021987915,-1.8180541962385175,-0.00626920692157,0.0064262856729328,0.0040183384,0.09873046875,0.1472476720809936,0.00025,empty-8x8,MiniGrid-Empty-8x8-v0,0
11264,64.659,0.346698015625,173.828125,1.7149977684020996,-1.7393883645534516,-0.0115436393010895,0.0200791727984324,0.012692225,0.10107421875,0.236612856388092,0.00025,empty-8x8,MiniGrid-Empty-8x8-v0,0
12288,68.179,0.4361545555555555,150.90123456790124,1.6883565187454224,-1.7299007058143616,-0.008875951974187,0.0171821353258565,0.008006442,0.08662109375,0.0938358306884765,0.00025,empty-8x8,MiniGrid-Empty-8x8-v0,0
13312,73.135,0.50531646,133.03,1.5886095762252808,-1.6531606137752533,-0.0136051681940443,0.0259974055923521,0.011393594,0.11123046875,0.3561410307884216,0.00025,empty-8x8,MiniGrid-Empty-8x8-v0,0
14336,76.524,0.7138945800000001,79.39,1.522343397140503,-1.568764340877533,-0.0094331443542614,0.0225749335717409,0.008045677,0.042578125,0.3913373947143554,0.00025,empty-8x8,MiniGrid-Empty-8x8-v0,0
15360,80.514,0.8447852000000001,44.15,1.4230737686157229,-1.4861574202775956,-0.0179844597354531,0.0206828840076923,0.0138194095,0.14609375,0.4303743839263916,0.00025,empty-8x8,MiniGrid-Empty-8x8-v0,0
16384,83.645,0.89175391,30.79,1.2892686128616333,-1.3620040237903597,-0.0152596738538704,0.0128112466540187,0.011937469,0.11083984375,0.4377679228782654,0.00025,empty-8x8,MiniGrid-Empty-8x8-v0,0
17408,87.77,0.9129883,24.75,1.1748743057250977,-1.2404694318771363,-0.0151555039337836,0.0115050703287124,0.009103023,0.08623046875,0.3203225135803222,0.00025,empty-8x8,MiniGrid-Empty-8x8-v0,0
18432,90.911,0.93436333,18.67,1.011702537536621,-1.1083617061376572,-0.0159541455912403,0.0042505691875703,0.008294079,0.09365234375,0.4853682518005371,0.00025,empty-8x8,MiniGrid-Empty-8x8-v0,0
19456,95.763,0.93699997,17.92,0.8914798498153687,-0.956335099041462,-0.0130509023903869,0.0028114662098232,0.0064127343,0.07919921875,0.3838608860969543,0.00025,empty-8x8,MiniGrid-Empty-8x8-v0,0
20480,99.431,0.94691395,15.1,0.7678434252738953,-0.8465925261378289,-0.0103218814590945,0.0031405236688442,0.006998291,0.0767578125,0.4331322908401489,0.00025,empty-8x8,MiniGrid-Empty-8x8-v0,0
21504,104.683,0.95355847,13.21,0.6288477182388306,-0.6950424566864968,-0.0161495351116173,0.0015355304349213,0.00952516,0.1115234375,0.5098878145217896,0.00025,empty-8x8,MiniGrid-Empty-8x8-v0,0
22528,107.878,0.95521078,12.74,0.4711853861808777,-0.5329899020493031,-0.0262320347013883,0.0002995820461364,0.010664811,0.14736328125,0.7791674733161926,0.00025,empty-8x8,MiniGrid-Empty-8x8-v0,0
23552,111.08,0.95795291,11.96,0.3498094081878662,-0.4046861805021763,-0.0126399406814016,0.000459311256418,0.008645735,0.0748046875,0.740898072719574,0.00025,empty-8x8,MiniGrid-Empty-8x8-v0,0
24576,115.255,0.9597810599999996,11.44,0.2190089672803878,-0.274046266451478,-0.020429194252938,0.0001219665113239,0.010337571,0.05166015625,0.8965317010879517,0.00025,empty-8x8,MiniGrid-Empty-8x8-v0,0
25600,118.607,0.9601326399999998,11.34,0.1535174697637558,-0.1728625740855932,-0.0130265799351036,4.192668020550627e-05,0.0044175927,0.02353515625,0.9602394104003906,0.00025,empty-8x8,MiniGrid-Empty-8x8-v0,0
26624,122.912,0.96055454,11.22,0.1144267097115516,-0.1370006039738655,-0.0112192992790369,8.524140557710779e-05,0.0016796263,0.01083984375,0.8821302652359009,0.00025,empty-8x8,MiniGrid-Empty-8x8-v0,0
27648,126.216,0.9605545199999996,11.22,0.0999653562903404,-0.102129135467112,-0.0059484935482032,2.347518552596739e-05,0.001131504,0.00830078125,0.9729407429695128,0.00025,empty-8x8,MiniGrid-Empty-8x8-v0,0
28672,131.425,0.9609060899999996,11.12,0.0660746544599533,-0.0774909950792789,-0.0111475356738083,2.2100292358118168e-05,0.003343233,0.0154296875,0.9813812375068665,0.00025,empty-8x8,MiniGrid-Empty-8x8-v0,0
29696,135.894,0.9611521999999998,11.05,0.0483185239136219,-0.0541387717239558,-0.0075261395191773,1.0077332058244793e-05,0.0013832063,0.0083984375,0.9891539216041564,0.00025,empty-8x8,MiniGrid-Empty-8x8-v0,0
30720,139.74,0.9610818899999998,11.07,0.041184939444065,-0.0429030262865126,-0.0032005009212298,6.873313623145805e-06,0.00027546642,0.00234375,0.9940681457519532,0.00025,empty-8x8,MiniGrid-Empty-8x8-v0,0
31744,143.979,0.9611522,11.05,0.0337514318525791,-0.0369633669499307,-0.0033694423618726,1.5646822703274665e-05,0.00033916603,0.003515625,0.985615611076355,0.00025,empty-8x8,MiniGrid-Empty-8x8-v0,0
32768,147.418,0.9609061,11.12,0.0291668009012937,-0.0301369865424931,-0.0024409937206655,6.174375317868907e-06,0.00024498417,0.00224609375,0.9903156757354736,0.00025,empty-8x8,MiniGrid-Empty-8x8-v0,0
33792,151.584,0.9611522099999996,11.05,0.0222715362906456,-0.0252882984932512,-0.0045549319358542,1.84967618565679e-05,0.0005690764,0.00546875,0.9824615120887756,0.00025,empty-8x8,MiniGrid-Empty-8x8-v0,0
34816,154.889,0.9612225199999996,11.03,0.0190948229283094,-0.0204396286513656,-0.0022168463212437,5.123738304746439e-06,0.00021643861,0.00166015625,0.9937777519226074,0.00025,empty-8x8,MiniGrid-Empty-8x8-v0,0
35840,158.994,0.9612928399999998,11.01,0.0165570005774498,-0.017456874763593,-0.0020474422140978,2.375397428977521e-06,0.00016015029,0.001171875,0.9966751337051392,0.00025,empty-8x8,MiniGrid-Empty-8x8-v0,0
36864,163.72,0.9612928399999998,11.01,0.0153442677110433,-0.0157815917162224,-0.0017032183997798,1.2459079776760973e-06,6.268523e-05,0.00068359375,0.9988816380500792,0.00025,empty-8x8,MiniGrid-Empty-8x8-v0,0
37888,167.214,0.9612576799999998,11.02,0.0161518044769763,-0.0154727590968832,-0.0017293207813054,2.201392830158966e-06,7.2190654e-05,0.00078125,0.9988480806350708,0.00025,empty-8x8,MiniGrid-Empty-8x8-v0,0
38912,170.642,0.9612225199999996,11.03,0.015530047006905,-0.0146375878714025,-0.0029807104379869,2.6239757147550337e-06,0.00028246443,0.0015625,0.9979501962661744,0.00025,empty-8x8,MiniGrid-Empty-8x8-v0,0
39936,174.878,0.96125768,11.02,0.0112954340875148,-0.0127011428121477,-0.0033110034128185,2.320326751714674e-06,0.00022819696,0.00185546875,0.9976091980934144,0.00025,empty-8x8,MiniGrid-Empty-8x8-v0,0
1024,2.623,0.14804675,221.0,1.9459097385406492,,,,,,,,empty-8x8,MiniGrid-Empty-8x8-v0,1
2048,5.96,0.074023375,238.5,1.945665717124939,-1.945881187915802,-0.0003921094117686,0.002879212598782,0.00014970615,0.0,-0.0159915685653686,0.00025,empty-8x8,MiniGrid-Empty-8x8-v0,1
3072,10.014,0.0493489166666666,244.33333333333331,1.9348361492156985,-1.938593086600304,-0.0053246925817802,6.0978950477874606e-05,0.007702063,0.05205078125,-4.80189323425293,0.00025,empty-8x8,MiniGrid-Empty-8x8-v0,1
4096,13.37,0.0641356875,241.3125,1.9410831928253172,-1.9366825431585315,-0.0011228009825572,1.873476367109106e-05,0.0024419408,0.0,-5.915038585662842,0.00025,empty-8x8,MiniGrid-Empty-8x8-v0,1
5120,17.702,0.0513085499999999,244.25,1.92362642288208,-1.9299865394830704,-0.0040663586813025,0.0015617511693562,0.008656989,0.0578125,0.0268169045448303,0.00025,empty-8x8,MiniGrid-Empty-8x8-v0,1
6144,21.278,0.05474996,243.84,1.8965089321136477,-1.8993184328079225,-0.0054271030356176,4.777448261847894e-05,0.007368367,0.05478515625,-1.9263505935668943,0.00025,empty-8x8,MiniGrid-Empty-8x8-v0,1
7168,26.069,0.0954687333333333,234.53333333333333,1.9219533205032349,-1.905847591161728,-0.0013128722726833,0.0009730050929647,0.006110535,0.0,0.0663449168205261,0.00025,empty-8x8,MiniGrid-Empty-8x8-v0,1
8192,29.309,0.0945197352941176,234.9705882352941,1.8939571380615237,-1.9088238507509232,-0.0055483816249761,0.0056968429824337,0.011233058,0.0255859375,0.0303730964660644,0.00025,empty-8x8,MiniGrid-Empty-8x8-v0,1
9216,33.418,0.1360937,224.4,1.8555890321731567,-1.8651389867067336,-0.0023308425385039,0.0008222439784731,0.006050837,0.0287109375,-0.0019201040267944,0.00025,empty-8x8,MiniGrid-Empty-8x8-v0,1
10240,43.106,0.1728722978723404,216.51063829787236,1.833085536956787,-1.827665388584137,-0.0109814956318587,0.0111133206053636,0.011328656,0.1296875,0.1065882444381713,0.00025,empty-8x8,MiniGrid-Empty-8x8-v0,1
11264,47.182,0.2077039629629629,207.9814814814815,1.8116538524627688,-1.806875067949295,-0.0054257515585049,0.0079313448513858,0.012136331,0.05068359375,0.1901050806045532,0.00025,empty-8x8,MiniGrid-Empty-8x8-v0,1
12288,52.003,0.2450243114754098,199.3606557377049,1.7510486841201782,-1.7765574693679809,-0.0073087675729766,0.0109688814613036,0.01186395,0.10810546875,0.1439228653907776,0.00025,empty-8x8,MiniGrid-Empty-8x8-v0,1
13312,58.318,0.2635225147058823,195.26470588235293,1.655556082725525,-1.6835727661848068,-0.0087244085269048,0.0124641652102582,0.012341104,0.115234375,0.2263751029968261,0.00025,empty-8x8,MiniGrid-Empty-8x8-v0,1
14336,64.286,0.3114783717948718,182.71794871794876,1.6928305625915527,-1.6890042394399645,-0.0035913646453991,0.0066951965913176,0.009784411,0.0369140625,0.3384444713592529,0.00025,empty-8x8,MiniGrid-Empty-8x8-v0,1
15360,70.12,0.3373877701149425,176.3793103448276,1.6634072065353394,-1.6580693483352662,-0.0082538265618495,0.0189510099124163,0.009649379,0.0791015625,0.2923192381858825,0.00025,empty-8x8,MiniGrid-Empty-8x8-v0,1
16384,75.895,0.3362772065217391,177.04347826086956,1.698530673980713,-1.7084572672843934,-0.009639773319941,0.0117817927151918,0.010789878,0.08720703125,0.327869176864624,0.00025,empty-8x8,MiniGrid-Empty-8x8-v0,1
17408,79.461,0.4052734699999999,159.78,1.6262661218643188,-1.6403422206640244,-0.0098791926982812,0.0062725471216253,0.01016961,0.100390625,-0.353495717048645,0.00025,empty-8x8,MiniGrid-Empty-8x8-v0,1
18432,82.768,0.5412617599999999,125.65,1.56047260761261,-1.6281171053647996,-0.0089139845105819,0.0199291079072281,0.008520714,0.05986328125,0.3342273235321045,0.00025,empty-8x8,MiniGrid-Empty-8x8-v0,1
19456,86.931,0.6672774,92.65,1.5332332849502563,-1.5546480119228363,-0.007587452896405,0.0164813642157241,0.0070281615,0.0515625,0.4456433653831482,0.00025,empty-8x8,MiniGrid-Empty-8x8-v0,1
20480,97.894,0.7705039299999998,64.71,1.4388166666030884,-1.49108085334301,-0.0144051796756684,0.0163781754439696,0.009114002,0.096484375,0.4125065803527832,0.00025,empty-8x8,MiniGrid-Empty-8x8-v0,1
21504,102.228,0.86549222,38.26,1.2731399536132812,-1.367214450240135,-0.0162314222456188,0.0141570531763136,0.011472003,0.13037109375,0.4587348699569702,0.00025,empty-8x8,MiniGrid-Empty-8x8-v0,1
22528,106.714,0.88405471,32.98,1.205534815788269,-1.2344619244337085,-0.0189433931722305,0.0080056136124767,0.0084240595,0.14033203125,0.496392548084259,0.00025,empty-8x8,MiniGrid-Empty-8x8-v0,1
23552,110.012,0.90637895,26.63,1.109222412109375,-1.1647685706615447,-0.0160290095838718,0.0075169566553086,0.00828979,0.11875,0.36479252576828,0.00025,empty-8x8,MiniGrid-Empty-8x8-v0,1
24576,113.271,0.9241328400000002,21.58,0.8803792595863342,-1.0302508845925331,-0.0169559960486367,0.0055839559528976,0.012383962,0.137109375,0.5324386358261108,0.00025,empty-8x8,MiniGrid-Empty-8x8-v0,1
25600,117.466,0.93925,17.28,0.7655302286148071,-0.8212656155228615,-0.0163419376360252,0.0038693987065926,0.008499472,0.1189453125,0.5830106735229492,0.00025,empty-8x8,MiniGrid-Empty-8x8-v0,1
26624,120.656,0.94810936,14.76,0.5880240201950073,-0.7056158632040024,-0.0179423909983597,0.0022851725370856,0.0082397815,0.1265625,0.4013920426368713,0.00025,empty-8x8,MiniGrid-Empty-8x8-v0,1
27648,124.985,0.95201161,13.65,0.4603902995586395,-0.5163907937705516,-0.0155928454129025,0.0005195615020056,0.0074295923,0.0994140625,0.752212643623352,0.00025,empty-8x8,MiniGrid-Empty-8x8-v0,1
28672,128.198,0.9531716600000002,13.32,0.3379518389701843,-0.3838536255061626,-0.0232539038872346,0.0002943945884908,0.011491673,0.09755859375,0.7998386025428772,0.00025,empty-8x8,MiniGrid-Empty-8x8-v0,1
29696,132.899,0.9540154,13.08,0.2464897334575653,-0.2957134298980236,-0.0139902028371579,0.0003455453661445,0.01620545,0.04375,0.7897591590881348,0.00025,empty-8x8,MiniGrid-Empty-8x8-v0,1
30720,137.899,0.95598407,12.52,0.1878504157066345,-0.2189430832862854,-0.0057800005772151,0.0004762299056892,0.0023553146,0.025,0.7293174266815186,0.00025,empty-8x8,MiniGrid-Empty-8x8-v0,1
31744,142.116,0.9551051300000002,12.77,0.1420912146568298,-0.1587783079594373,-0.0088263146870303,6.437100400944474e-05,0.0021549626,0.0181640625,0.9368306398391724,0.00025,empty-8x8,MiniGrid-Empty-8x8-v0,1
32768,145.493,0.95506997,12.78,0.1259311288595199,-0.1314170004799962,-0.0040033263969235,0.0007025129103567,0.0009608571,0.011328125,0.6130788326263428,0.00025,empty-8x8,MiniGrid-Empty-8x8-v0,1
33792,149.745,0.9570738200000002,12.21,0.1068240702152252,-0.1174717932939529,-0.0024713502032682,0.0003604305451517,0.00057065464,0.0048828125,0.7561940550804138,0.00025,empty-8x8,MiniGrid-Empty-8x8-v0,1
34816,153.007,0.9571440900000002,12.19,0.0886402875185012,-0.0942241292446851,-0.0056136707600671,2.4541954962842284e-05,0.0009770474,0.0083984375,0.978023111820221,0.00025,empty-8x8,MiniGrid-Empty-8x8-v0,1
35840,157.301,0.9576010900000004,12.06,0.0657412111759185,-0.0769833808764815,-0.0055317773367278,2.7243075828664586e-05,0.00082795235,0.0060546875,0.9786471724510192,0.00025,empty-8x8,MiniGrid-Empty-8x8-v0,1
36864,160.514,0.9573198700000004,12.14,0.0519619658589363,-0.0570623230189085,-0.0042002968169981,8.162432675362651e-06,0.0003192122,0.0029296875,0.993759274482727,0.00025,empty-8x8,MiniGrid-Empty-8x8-v0,1
37888,165.57,0.9573198700000004,12.14,0.0400631576776504,-0.0446477619931101,-0.00580742477905,1.4866218566567114e-05,0.0007214567,0.0064453125,0.9874000549316406,0.00025,empty-8x8,MiniGrid-Empty-8x8-v0,1
38912,169.152,0.95742533,12.11,0.0304992236196994,-0.0345441508572548,-0.0053123575344216,2.1561899575317512e-05,0.000598842,0.00546875,0.982306182384491,0.00025,empty-8x8,MiniGrid-Empty-8x8-v0,1
39936,172.462,0.9576362400000002,12.05,0.0235523991286754,-0.0266259965952485,-0.0047958535607904,1.247526852239389e-05,0.00045173557,0.00380859375,0.9923909902572632,0.00025,empty-8x8,MiniGrid-Empty-8x8-v0,1
40960,183.872,0.91935891,21.8,0.0519823059439659,-0.0295202082488685,-0.0038849758042488,5.7039614688392245e-06,0.05756438,0.0095703125,0.995720148086548,0.00025,empty-8x8,MiniGrid-Empty-8x8-v0,1
41984,188.763,0.8884956500000001,30.01,0.1255715936422348,-0.0797736302483826,0.0544124839361757,0.0046319067507283,0.5666115,0.07353515625,-2.480401992797852,0.00025,empty-8x8,MiniGrid-Empty-8x8-v0,1
43008,192.032,0.8502183200000001,39.76,0.505796492099762,-0.3555235990323126,-0.023193013027776,0.0042299587716115,0.16966476,0.4125,-0.7123749256134033,0.00025,empty-8x8,MiniGrid-Empty-8x8-v0,1
44032,197.469,0.81194099,49.51,0.4895648956298828,-0.4867026418447494,0.0096497504389844,0.0035907348516047,0.009533259,0.19814453125,-4.5095720291137695,0.00025,empty-8x8,MiniGrid-Empty-8x8-v0,1
45056,201.699,0.77369882,59.25,0.5234275460243225,-0.4618390522897243,0.0110661164333578,0.0020516945951385,0.020041728,0.19111328125,-0.8173618316650391,0.00025,empty-8x8,MiniGrid-Empty-8x8-v0,1
46080,205.021,0.73538634,69.01,0.5111159086227417,-0.4931435383856296,-0.0009853027411736,0.0022654008942481,0.017250303,0.15234375,-0.5137139558792114,0.00025,empty-8x8,MiniGrid-Empty-8x8-v0,1
47104,209.306,0.69707386,78.77,0.532670795917511,-0.5130190446972847,0.0109706798102706,0.0006351802025164,0.0147574525,0.17021484375,-0.961580753326416,0.00025,empty-8x8,MiniGrid-Empty-8x8-v0,1
48128,212.658,0.65665201,89.13,0.5428966283798218,-0.5473076052963733,0.0003537226351909,0.0006218997754331,0.012163925,0.09755859375,-0.4899079799652099,0.00025,empty-8x8,MiniGrid-Empty-8x8-v0,1
49152,217.037,0.62123407,98.92,0.5315519571304321,-0.5776051476597786,-0.0036246037343516,0.0022606878628721,0.010121117,0.09130859375,-9.78708267211914e-05,0.00025,empty-8x8,MiniGrid-Empty-8x8-v0,1
50176,228.02,0.59326926,106.59,0.5417705178260803,-0.5377985566854477,-0.0048587365890853,0.0033314536092802,0.0024546394,0.06279296875,0.0655716657638549,0.00025,empty-8x8,MiniGrid-Empty-8x8-v0,1
51200,232.419,0.55292949,117.78,0.5652136206626892,-0.5792857751250267,-0.0080085107008926,0.0073873587767593,0.018039463,0.16689453125,0.0529682040214538,0.00025,empty-8x8,MiniGrid-Empty-8x8-v0,1
52224,235.705,0.5265623599999999,125.28,0.6462188363075256,-0.6090497449040413,-0.0119096609065309,0.0164039303781464,0.00949038,0.13623046875,0.0808829665184021,0.00025,empty-8x8,MiniGrid-Empty-8x8-v0,1
53248,240.134,0.49731246,133.6,0.6332358121871948,-0.6486575394868851,-0.0127575624734163,0.0204106508288532,0.007412848,0.171484375,0.0708395838737487,0.00025,empty-8x8,MiniGrid-Empty-8x8-v0,1
54272,243.403,0.60794142,105.83,0.6367090940475464,-0.6401889204978943,-0.0212890986003913,0.0256667534820735,0.011863831,0.2826171875,0.0757179260253906,0.00025,empty-8x8,MiniGrid-Empty-8x8-v0,1
55296,248.203,0.83930079,45.71,0.6363271474838257,-0.6184899792075157,-0.0180438378243707,0.0215095076244324,0.0111659635,0.175390625,0.0785741209983825,0.00025,empty-8x8,MiniGrid-Empty-8x8-v0,1
56320,251.664,0.9004023800000001,28.33,0.5906683206558228,-0.5784674718976021,-0.0251781346625648,0.015385125670582,0.010957038,0.20791015625,0.2160694599151611,0.00025,empty-8x8,MiniGrid-Empty-8x8-v0,1
57344,257.489,0.92863281,20.3,0.5342961549758911,-0.5233624510467052,-0.0251248431275598,0.0077038448187522,0.037449878,0.21025390625,0.2666893005371094,0.00025,empty-8x8,MiniGrid-Empty-8x8-v0,1
58368,261.063,0.94733575,14.98,0.2717226445674896,-0.3568925403058529,-0.0243282072944566,0.0042221892159432,0.10157408,0.16865234375,0.5028485059738159,0.00025,empty-8x8,MiniGrid-Empty-8x8-v0,1
59392,264.405,0.9537340500000002,13.16,0.1888131499290466,-0.1917580805718898,-0.0122471518232487,0.0022451042263128,0.01336157,0.0466796875,0.7666532397270203,0.00025,empty-8x8,MiniGrid-Empty-8x8-v0,1
60416,268.967,0.9561246200000002,12.48,0.0784520581364631,-0.1161896295845508,-0.0115953138913027,0.0004857990857999,0.042883564,0.03232421875,0.8075075745582581,0.00025,empty-8x8,MiniGrid-Empty-8x8-v0,1
61440,272.343,0.9573901700000002,12.12,0.0303448438644409,-0.0419830223545432,-0.0082242179545573,0.0001391278667142,0.0207829,0.01875,0.9025507569313048,0.00025,empty-8x8,MiniGrid-Empty-8x8-v0,1
62464,276.61,0.9577417000000004,12.02,0.0243844520300626,-0.026300991512835,-0.0021931459254119,4.071897519679624e-05,0.0005363879,0.00341796875,0.9504407644271852,0.00025,empty-8x8,MiniGrid-Empty-8x8-v0,1
63488,279.84,0.95763623,12.05,0.0238142535090446,-0.0236544753890484,-0.0005025610502343,6.089608223192044e-06,6.45683e-05,0.00048828125,0.9912351965904236,0.00025,empty-8x8,MiniGrid-Empty-8x8-v0,1
64512,284.582,0.9577065500000002,12.03,0.0251583233475685,-0.0233909841161221,-0.0025242965377401,1.5390045450658364e-05,0.00046723953,0.00205078125,0.9888374209403992,0.00025,empty-8x8,MiniGrid-Empty-8x8-v0,1
65536,288.923,0.9575659500000004,12.07,0.0219267625361681,-0.0216276541352272,-0.0024791335803456,9.31129181367396e-06,0.0006810703,0.0017578125,0.9941802620887756,0.00025,empty-8x8,MiniGrid-Empty-8x8-v0,1
66560,293.223,0.9576714000000004,12.04,0.018840366974473,-0.0196842977311462,-0.0035712807963136,8.434618757746648e-06,0.00041956862,0.0033203125,0.9945902228355408,0.00025,empty-8x8,MiniGrid-Empty-8x8-v0,1
67584,296.767,0.9577065400000004,12.03,0.0178331471979618,-0.0178269447293132,-0.0025397178251296,8.954185642551237e-06,0.00050211645,0.00234375,0.9957265257835388,0.00025,empty-8x8,MiniGrid-Empty-8x8-v0,1
68608,301.139,0.9576713900000002,12.04,0.0167434401810169,-0.0170313536655157,-0.0020691109995823,6.0253645841612524e-06,0.00017536996,0.00126953125,0.9935595989227296,0.00025,empty-8x8,MiniGrid-Empty-8x8-v0,1
69632,304.657,0.9577768500000002,12.01,0.0147096905857324,-0.0153587004169821,-0.0025648648734204,7.2336917298798655e-06,0.00022745278,0.00205078125,0.9940210580825806,0.00025,empty-8x8,MiniGrid-Empty-8x8-v0,1
70656,309.495,0.9577417000000004,12.02,0.0148386238142848,-0.0147471902659162,-1.0145932901650668e-05,2.0269368619096893e-07,0.0,0.0,0.9996328353881836,0.00025,empty-8x8,MiniGrid-Empty-8x8-v0,1
71680,312.829,0.9577417000000004,12.02,0.0150231793522834,-0.0148286459734663,-0.003355146292597,4.285163055328667e-06,0.00020006433,0.00146484375,0.9990156292915344,0.00025,empty-8x8,MiniGrid-Empty-8x8-v0,1
72704,318.253,0.9578120000000002,12.0,0.0133535359054803,-0.0137996251229196,-0.00122329153819,1.461873421249038e-06,6.292749e-05,0.00068359375,0.9979462623596193,0.00025,empty-8x8,MiniGrid-Empty-8x8-v0,1
73728,322.94,0.9577065500000002,12.03,0.0138097694143652,-0.0135287552606314,-5.9778598370030526e-06,3.143119805315564e-07,0.0,0.0,0.9994583129882812,0.00025,empty-8x8,MiniGrid-Empty-8x8-v0,1
74752,326.384,0.9577768500000002,12.01,0.0107565782964229,-0.0116265294607728,-0.0040312088560312,1.1145751633989675e-05,0.00034708896,0.00224609375,0.9983606934547424,0.00025,empty-8x8,MiniGrid-Empty-8x8-v0,1
75776,330.742,0.9578120000000002,12.0,0.0107278786599636,-0.01072696254123,-2.2191047901287678e-05,1.4696208310738256e-06,0.0,0.0,0.9971532821655272,0.00025,empty-8x8,MiniGrid-Empty-8x8-v0,1
76800,334.232,0.9577768500000002,12.01,0.0107420301064848,-0.0107357946923002,3.243447281420231e-07,4.79814783460597e-07,0.0,0.0,0.999252200126648,0.00025,empty-8x8,MiniGrid-Empty-8x8-v0,1
77824,338.547,0.9577417000000004,12.02,0.0105751268565654,-0.0105773190269246,-0.0017687337880488,2.802807004798069e-06,8.485804e-05,0.00078125,0.9990360736846924,0.00025,empty-8x8,MiniGrid-Empty-8x8-v0,1
78848,341.931,0.9578120000000002,12.0,0.0087734935805201,-0.0093430688139051,-0.002419386798283,2.019534838382242e-06,0.00019252609,0.00146484375,0.9978721737861632,0.00025,empty-8x8,MiniGrid-Empty-8x8-v0,1
79872,347.115,0.9576362300000002,12.05,0.0089083379134535,-0.0087662928039208,-1.0880175977945328e-06,2.624199680667517e-07,0.0,0.0,0.9996364712715148,0.00025,empty-8x8,MiniGrid-Empty-8x8-v0,1
1024,1.853,0.17177725,214.25,1.9459097385406492,,,,,,,,empty-8x8,MiniGrid-Empty-8x8-v0,2
2048,5.239,0.108496,232.25,1.9457498788833616,-1.9458866715431211,-0.0003715368977282,0.0038882733380887,0.000109202985,0.0,-0.0221905708312988,0.00025,empty-8x8,MiniGrid-Empty-8x8-v0,2
3072,9.404,0.0723306666666666,240.16666666666663,1.9440181255340576,-1.9453117191791531,-0.0004988357948604,0.0002597453818452,0.0008200038,0.0,-0.0132731199264526,0.00025,empty-8x8,MiniGrid-Empty-8x8-v0,2
4096,12.557,0.1167968235294117,229.4705882352941,1.9233688116073608,-1.928368437290192,-0.0096865584840998,3.429230555411778e-05,0.014222361,0.14189453125,-2.297068357467652,0.00025,empty-8x8,MiniGrid-Empty-8x8-v0,2
5120,16.636,0.1045014285714285,233.04761904761904,1.9038180112838743,-1.9059718698263168,-0.0070512685808353,0.0054308695660438,0.008696023,0.0859375,0.0113825798034667,0.00025,empty-8x8,MiniGrid-Empty-8x8-v0,2
6144,19.832,0.1252253076923077,228.03846153846155,1.8849748373031616,-1.892425674200058,-0.0046526085119694,0.0003012056993611,0.010005536,0.06787109375,-0.1641515493392944,0.00025,empty-8x8,MiniGrid-Empty-8x8-v0,2
7168,24.12,0.1438598125,223.96875,1.839243769645691,-1.8427581697702409,-0.0085864039720036,0.0051601443934487,0.013690643,0.148828125,0.040572166442871,0.00025,empty-8x8,MiniGrid-Empty-8x8-v0,2
8192,28.284,0.1805109459459459,214.64864864864865,1.7748637199401855,-1.808484661579132,-0.0055079134763218,0.0056349562248215,0.015080879,0.10087890625,0.0176079869270324,0.00025,empty-8x8,MiniGrid-Empty-8x8-v0,2
9216,31.528,0.186745976744186,213.46511627906975,1.714850902557373,-1.7336772799491882,-0.0077339521958492,0.0117715766420587,0.018471772,0.17001953125,0.0361352562904357,0.00025,empty-8x8,MiniGrid-Empty-8x8-v0,2
10240,41.463,0.2315937399999999,202.64,1.6263625621795654,-1.6477969646453858,-0.0056777502759359,0.0047951516055036,0.014521448,0.09658203125,0.0486358404159545,0.00025,empty-8x8,MiniGrid-Empty-8x8-v0,2
11264,45.621,0.2450892678571428,200.0,1.4602034091949463,-1.521327832341194,-0.0096019023214466,0.0155440439004451,0.016668865,0.14970703125,0.0335150361061096,0.00025,empty-8x8,MiniGrid-Empty-8x8-v0,2
12288,48.784,0.3050603333333333,184.74242424242425,1.454859495162964,-1.4373948097229003,-0.0056573230307549,0.0077535283518955,0.005287969,0.0837890625,0.0080428719520568,0.00025,empty-8x8,MiniGrid-Empty-8x8-v0,2
13312,52.879,0.327671027027027,179.32432432432432,1.3082759380340576,-1.357973101735115,-0.0062140740337781,0.0254521149210631,0.010905459,0.0720703125,0.0174176096916198,0.00025,empty-8x8,MiniGrid-Empty-8x8-v0,2
14336,56.971,0.3522307951807228,172.6024096385542,1.2551472187042236,-1.260830569267273,-0.003175795963034,0.0147292241686955,0.00496081,0.05478515625,0.0025063753128051,0.00025,empty-8x8,MiniGrid-Empty-8x8-v0,2
15360,60.658,0.3607031222222221,170.46666666666667,1.2439250946044922,-1.2743991136550905,-0.0010946934868115,0.0199621292529627,0.0013046957,0.01396484375,0.0988562107086181,0.00025,empty-8x8,MiniGrid-Empty-8x8-v0,2
16384,63.832,0.3805082222222222,165.2929292929293,1.2857353687286377,-1.2802656322717667,-0.0055028338916599,0.009008248837199,0.0063271117,0.0716796875,0.1190159916877746,0.00025,empty-8x8,MiniGrid-Empty-8x8-v0,2
17408,67.9,0.47207815,142.2,1.279887318611145,-1.2970470517873764,-0.0037074503983603,0.0138048416934907,0.0052311034,0.035546875,0.1238876581192016,0.00025,empty-8x8,MiniGrid-Empty-8x8-v0,2
18432,71.162,0.5143086299999999,131.61,1.1551593542099,-1.1999052733182909,-0.0056440665852278,0.0243372689932584,0.007498229,0.06318359375,0.1516290307044983,0.00025,empty-8x8,MiniGrid-Empty-8x8-v0,2
19456,75.539,0.57583596,116.1,1.1454116106033323,-1.1554278880357742,-0.0039672948652878,0.0116228665225207,0.0054417765,0.051171875,0.2199819684028625,0.00025,empty-8x8,MiniGrid-Empty-8x8-v0,2
20480,88.008,0.62325393,103.75,1.1243995428085327,-1.13593185544014,-0.0013520216802135,0.0148831724189221,0.0013003682,0.0048828125,0.2543719410896301,0.00025,empty-8x8,MiniGrid-Empty-8x8-v0,2
21504,91.526,0.6468945700000001,97.31,1.1055132150650024,-1.1318046480417252,-0.0053150792489759,0.0167768676532432,0.006999441,0.043359375,0.295475423336029,0.00025,empty-8x8,MiniGrid-Empty-8x8-v0,2
22528,94.892,0.64768755,96.8,1.0214016437530518,-1.0665756225585938,-0.0044826382654719,0.010984230437316,0.006564479,0.035546875,0.2775610089302063,0.00025,empty-8x8,MiniGrid-Empty-8x8-v0,2
23552,99.198,0.6650312799999999,92.72,0.9857919812202454,-1.0011095955967904,-0.0034024645457975,0.009770777367521,0.003988249,0.0259765625,0.3013938069343567,0.00025,empty-8x8,MiniGrid-Empty-8x8-v0,2
24576,102.429,0.6662617399999999,92.37,0.9914834499359132,-0.9871472373604776,-0.0031347514363005,0.008660538541153,0.0039582197,0.0435546875,0.2655104398727417,0.00025,empty-8x8,MiniGrid-Empty-8x8-v0,2
25600,106.826,0.6689492300000001,91.89,0.9295735955238342,-0.9780262619256972,-0.0035255105001851,0.0075062299147248,0.00432911,0.03125,0.3537764549255371,0.00025,empty-8x8,MiniGrid-Empty-8x8-v0,2
26624,110.234,0.66587501,92.48,0.910367488861084,-0.9090140283107756,-0.0027828459336888,0.0093432684894651,0.0018655842,0.020703125,0.2280464768409729,0.00025,empty-8x8,MiniGrid-Empty-8x8-v0,2
27648,114.892,0.65571485,95.37,0.9248138666152954,-0.9044448658823968,-0.003492004040163,0.0169957859674468,0.003157228,0.02158203125,0.3406108617782593,0.00025,empty-8x8,MiniGrid-Empty-8x8-v0,2
28672,118.932,0.6601094,94.12,0.9172409772872924,-0.9176970794796944,-0.0025856964901322,0.006693510961486,0.00500283,0.03720703125,-0.4194670915603637,0.00025,empty-8x8,MiniGrid-Empty-8x8-v0,2
29696,123.302,0.66893362,91.61,0.8513690829277039,-0.8709013119339943,-0.0028300870442762,0.0154804471181705,0.003998941,0.02236328125,0.260030448436737,0.00025,empty-8x8,MiniGrid-Empty-8x8-v0,2
30720,133.498,0.69282032,85.1,0.8462305665016174,-0.8446339040994644,-0.0004657366953324,0.0169605959206819,0.00090881676,0.0,0.3028339743614197,0.00025,empty-8x8,MiniGrid-Empty-8x8-v0,2
31744,137.86,0.7141914199999998,79.59,0.7623196840286255,-0.8090342983603478,-0.0015249631775077,0.016125898133032,0.004095394,0.00888671875,0.356903076171875,0.00025,empty-8x8,MiniGrid-Empty-8x8-v0,2
32768,141.302,0.7331015699999999,74.78,0.7529085278511047,-0.7506071090698242,-0.002759522566339,0.0115250739268958,0.0039306246,0.02734375,0.2065640091896057,0.00025,empty-8x8,MiniGrid-Empty-8x8-v0,2
33792,146.455,0.7352773599999999,74.73,0.7165523171424866,-0.744309875369072,-0.0024074452754575,0.01011165631935,0.003675622,0.0193359375,0.3170074224472046,0.00025,empty-8x8,MiniGrid-Empty-8x8-v0,2
34816,150.213,0.7535039199999999,69.83,0.7244712114334106,-0.7300580754876137,-0.0014149964321404,0.0122901751426979,0.0014067722,0.0068359375,0.3138492703437805,0.00025,empty-8x8,MiniGrid-Empty-8x8-v0,2
35840,153.52,0.74308596,71.94,0.6698644161224365,-0.69494069814682,-0.0014802028425037,0.0127753208857029,0.0019549404,0.006640625,0.2243195176124572,0.00025,empty-8x8,MiniGrid-Empty-8x8-v0,2
36864,157.721,0.7449843800000001,71.4,0.5799574255943298,-0.6294279053807259,-0.0014042219845578,0.0105728328810073,0.0036693309,0.00693359375,0.3069252371788025,0.00025,empty-8x8,MiniGrid-Empty-8x8-v0,2
37888,161.276,0.74078125,72.88,0.6649216413497925,-0.6433873534202575,-0.0044242794741876,0.0132394249085336,0.0026954417,0.04521484375,0.393531322479248,0.00025,empty-8x8,MiniGrid-Empty-8x8-v0,2
38912,165.551,0.74359376,72.08,0.7517208456993103,-0.7355034440755844,-0.004020864306949,0.0124171392526477,0.0032493973,0.05166015625,0.4079328179359436,0.00025,empty-8x8,MiniGrid-Empty-8x8-v0,2
39936,168.88,0.7465117600000001,71.25,0.8377023339271545,-0.8142541736364365,-0.0031926350202411,0.010643309680745,0.0024565458,0.02353515625,0.3120242953300476,0.00025,empty-8x8,MiniGrid-Empty-8x8-v0,2
40960,181.27,0.7767109500000001,62.66,0.8121759295463562,-0.8264708623290062,-0.0057533551589585,0.0153974422486498,0.004038971,0.03486328125,0.2659723162651062,0.00025,empty-8x8,MiniGrid-Empty-8x8-v0,2
41984,185.471,0.81005077,54.03,0.8338109254837036,-0.8477678835391999,-0.0066666511935181,0.0199497337453067,0.0072030765,0.04111328125,0.3660369515419006,0.00025,empty-8x8,MiniGrid-Empty-8x8-v0,2
43008,188.784,0.84661329,43.63,0.7691490650177002,-0.8476623564958572,-0.0108055998556665,0.0170937327202409,0.0043920735,0.0548828125,0.4115685224533081,0.00025,empty-8x8,MiniGrid-Empty-8x8-v0,2
44032,193.029,0.8998749799999998,28.48,0.6568242907524109,-0.7669921025633812,-0.0080000955727882,0.016639445349574,0.0055458066,0.06083984375,0.2810331583023071,0.00025,empty-8x8,MiniGrid-Empty-8x8-v0,2
45056,196.358,0.92441396,21.5,0.6789950728416443,-0.6873304769396782,-0.0102436282089911,0.0110399298835545,0.0056617674,0.06064453125,0.4335518479347229,0.00025,empty-8x8,MiniGrid-Empty-8x8-v0,2
46080,200.577,0.93366004,18.87,0.5592460036277771,-0.6741947829723358,-0.0103653679834678,0.0081191589473746,0.004615749,0.04140625,0.4092459678649902,0.00025,empty-8x8,MiniGrid-Empty-8x8-v0,2
47104,203.859,0.93921472,17.29,0.471391350030899,-0.5589728109538555,-0.0103206437837798,0.0038748573744669,0.0032476478,0.054296875,0.3980020880699157,0.00025,empty-8x8,MiniGrid-Empty-8x8-v0,2
48128,208.224,0.94955067,14.35,0.417715460062027,-0.4788835927844047,-0.0116484590456821,0.0032924808503594,0.006437884,0.09248046875,0.4712595343589782,0.00025,empty-8x8,MiniGrid-Empty-8x8-v0,2
49152,211.556,0.95310138,13.34,0.3626307547092438,-0.4129191234707832,-0.0137971027637831,0.0020431200129678,0.0051758876,0.100390625,0.525794267654419,0.00025,empty-8x8,MiniGrid-Empty-8x8-v0,2
50176,216.256,0.95310136,13.34,0.2829825282096863,-0.3386004365980625,-0.0119930453132838,0.0014080438049859,0.0050413692,0.08271484375,0.5398324131965637,0.00025,empty-8x8,MiniGrid-Empty-8x8-v0,2
51200,219.545,0.9575662599999998,12.07,0.2187286466360092,-0.2681126967072487,-0.0073045312426984,0.0013873528514523,0.0027592191,0.0423828125,0.5310332775115967,0.00025,empty-8x8,MiniGrid-Empty-8x8-v0,2
52224,223.728,0.9576013899999996,12.06,0.1409943699836731,-0.1827080380171537,-0.0213655251194722,0.0002294109930517,0.01033653,0.08173828125,0.8783293962478638,0.00025,empty-8x8,MiniGrid-Empty-8x8-v0,2
53248,226.955,0.9592185799999998,11.6,0.1237579733133316,-0.131108889915049,-0.0033178309211507,0.0007967032433953,0.0011649667,0.00849609375,0.6315022706985474,0.00025,empty-8x8,MiniGrid-Empty-8x8-v0,2
54272,231.087,0.95953497,11.51,0.0953633934259414,-0.106049601919949,-0.0118245243676938,6.23693870693387e-05,0.0026487042,0.0208984375,0.9499405026435852,0.00025,empty-8x8,MiniGrid-Empty-8x8-v0,2
55296,234.516,0.9590427799999998,11.65,0.0992435440421104,-0.0968115929514169,-0.0050343210808932,0.0002131905497662,0.00255479,0.01123046875,0.8487221598625183,0.00025,empty-8x8,MiniGrid-Empty-8x8-v0,2
56320,238.391,0.9407615499999998,16.85,0.18953637778759,-0.0919605132192373,0.0066689759783912,0.0007983452436747,0.0096905,0.00517578125,0.6761461496353149,0.00025,empty-8x8,MiniGrid-Empty-8x8-v0,2
57344,241.65,0.9283513999999998,20.38,0.1657932996749878,-0.167641782388091,-0.0070723866228945,0.0069348356802947,0.008152567,0.030859375,0.2486572861671447,0.00025,empty-8x8,MiniGrid-Empty-8x8-v0,2
58368,246.009,0.9463514,15.26,0.1275436580181121,-0.1211042888462543,-0.0112453341600485,0.0048715319309849,0.032749083,0.065234375,0.4478850960731506,0.00025,empty-8x8,MiniGrid-Empty-8x8-v0,2
59392,249.315,0.96055452,11.22,0.0715102180838584,-0.0824368478730321,-0.0061873734171967,0.0039503355626948,0.04103488,0.0162109375,0.47174733877182,0.00025,empty-8x8,MiniGrid-Empty-8x8-v0,2
60416,253.96,0.9610818899999998,11.07,0.0570082291960716,-0.0667623354122042,-0.0023922872438561,0.000287811382077,0.00060638797,0.0041015625,0.8340169191360474,0.00025,empty-8x8,MiniGrid-Empty-8x8-v0,2
61440,257.508,0.96101157,11.09,0.0488849729299545,-0.0511662674136459,-0.0014186791609972,5.756590403507289e-05,0.00021900976,0.001953125,0.8915203213691711,0.00025,empty-8x8,MiniGrid-Empty-8x8-v0,2
62464,261.701,0.96083578,11.14,0.0423979610204696,-0.0449341151863336,-0.0026899403834249,1.6113124502226128e-05,0.00025801035,0.003515625,0.9747781157493592,0.00025,empty-8x8,MiniGrid-Empty-8x8-v0,2
63488,265.736,0.9610467199999998,11.08,0.0329576209187507,-0.0376571076922118,-0.0045665110461413,3.018536758645496e-05,0.0005097731,0.00517578125,0.9630174040794371,0.00025,empty-8x8,MiniGrid-Empty-8x8-v0,2
64512,269.751,0.9608709399999998,11.13,0.0270165633410215,-0.0296767884399741,-0.0047352741123177,6.581747834388807e-06,0.00055566756,0.003515625,0.9943830966949464,0.00025,empty-8x8,MiniGrid-Empty-8x8-v0,2
65536,273.068,0.9610467299999996,11.08,0.0222135335206985,-0.0239060641266405,-0.0062914576381444,1.9681496087287088e-05,0.004914653,0.00625,0.9840455651283264,0.00025,empty-8x8,MiniGrid-Empty-8x8-v0,2
66560,277.721,0.9598162599999998,11.43,0.0191672090440988,-0.0197905660141259,-0.0028669593826634,1.6531811672848563e-05,0.00031949847,0.00322265625,0.9807074666023254,0.00025,empty-8x8,MiniGrid-Empty-8x8-v0,2
67584,281.335,0.9610818899999998,11.07,0.0178735647350549,-0.0195024410262703,-0.0025682882638648,0.0004477232509088,0.00019883731,0.0025390625,0.6925619840621948,0.00025,empty-8x8,MiniGrid-Empty-8x8-v0,2
68608,285.652,0.9613279999999996,11.0,0.0146701605990529,-0.0160331967519596,-0.0031649174517951,1.82867695002642e-05,0.00038656016,0.0033203125,0.9855539798736572,0.00025,empty-8x8,MiniGrid-Empty-8x8-v0,2
69632,288.952,0.9612928399999998,11.01,0.0141391567885875,-0.0143336095847189,-9.771136101335288e-05,2.15293429164376e-06,8.6729415e-08,0.0,0.9948675632476808,0.00025,empty-8x8,MiniGrid-Empty-8x8-v0,2
1024,2.411,-1.0,9.23,1.0986119508743286,,,,,,,,dynamic-obstacles-8x8,MiniGrid-Dynamic-Obstacles-8x8-v0,0
2048,6.568,-1.0,10.66,1.0949459075927734,-1.0979751199483871,-0.006124156730948,0.128081682510674,0.002851593,0.0,0.0092754364013671,0.00025,dynamic-obstacles-8x8,MiniGrid-Dynamic-Obstacles-8x8-v0,0
3072,10.027,-1.0,13.03,1.073369383811951,-1.0771701723337173,-0.0187296920455992,0.0240370797924697,0.010065198,0.14970703125,-0.0289980173110961,0.00025,dynamic-obstacles-8x8,MiniGrid-Dynamic-Obstacles-8x8-v0,0
4096,14.303,-1.0,13.58,1.0382275581359863,-1.0393690168857574,-0.0229652693145908,0.0090058478876017,0.013098301,0.21435546875,-0.057974100112915,0.00025,dynamic-obstacles-8x8,MiniGrid-Dynamic-Obstacles-8x8-v0,0
5120,17.566,-1.0,18.3,1.0126515626907349,-1.01296613663435,-0.017778148560319,0.0071739109233021,0.009721031,0.127734375,0.0132407546043396,0.00025,dynamic-obstacles-8x8,MiniGrid-Dynamic-Obstacles-8x8-v0,0
6144,21.913,-1.0,21.69,0.9917607307434082,-0.983067199587822,-0.0139199951605405,0.0077829145011492,0.006640152,0.0681640625,0.0544583201408386,0.00025,dynamic-obstacles-8x8,MiniGrid-Dynamic-Obstacles-8x8-v0,0
7168,25.254,-0.99,27.41,0.94236421585083,-0.954146897792816,-0.0143526097759604,0.0089615766890347,0.008362849,0.08173828125,0.0658743381500244,0.00025,dynamic-obstacles-8x8,MiniGrid-Dynamic-Obstacles-8x8-v0,0
8192,29.662,-0.99,32.56,0.9216715097427368,-0.9122686311602592,-0.0088005954050458,0.0091670339577831,0.0029070945,0.03837890625,0.1693329215049743,0.00025,dynamic-obstacles-8x8,MiniGrid-Dynamic-Obstacles-8x8-v0,0
9216,33.793,-0.99,36.84,0.883246660232544,-0.8870473936200142,-0.0085114998626522,0.0123977633425965,0.008518891,0.0427734375,0.2343915700912475,0.00025,dynamic-obstacles-8x8,MiniGrid-Dynamic-Obstacles-8x8-v0,0
10240,45.383,-0.97,46.16,0.8484096527099609,-0.8589882269501686,-0.0093488086480647,0.0159789245342835,0.0032112356,0.03544921875,0.0401925444602966,0.00025,dynamic-obstacles-8x8,MiniGrid-Dynamic-Obstacles-8x8-v0,0
11264,49.767,-0.95,55.73,0.843975305557251,-0.8394570827484131,-0.0052941864239983,0.0108636924065649,0.0028017429,0.02373046875,0.0673389434814453,0.00025,dynamic-obstacles-8x8,MiniGrid-Dynamic-Obstacles-8x8-v0,0
12288,53.05,-0.93,64.82,0.8135635852813721,-0.8263338938355446,-0.0063767676561838,0.0107612991239875,0.0048791943,0.01845703125,-0.0298330783843994,0.00025,dynamic-obstacles-8x8,MiniGrid-Dynamic-Obstacles-8x8-v0,0
13312,57.428,-0.91,72.15,0.7517203688621521,-0.7789921566843987,-0.0069257959432434,0.0118105504196137,0.008250806,0.0439453125,0.092418372631073,0.00025,dynamic-obstacles-8x8,MiniGrid-Dynamic-Obstacles-8x8-v0,0
14336,60.751,-0.87,81.01,0.7853843569755554,-0.7792962834239006,-0.0051180926384404,0.0077956919267307,0.006773321,0.0669921875,-0.1470967531204223,0.00025,dynamic-obstacles-8x8,MiniGrid-Dynamic-Obstacles-8x8-v0,0
15360,65.885,-0.83,89.91,0.7690702080726624,-0.7749801516532898,-0.0071968685835599,0.003978130838368,0.0076925945,0.05390625,-0.0554320812225341,0.00025,dynamic-obstacles-8x8,MiniGrid-Dynamic-Obstacles-8x8-v0,0
16384,69.254,-0.79,98.83,0.733146607875824,-0.7258232563734055,-0.0101726406952366,0.0069687175564467,0.0071358704,0.0521484375,0.0392094850540161,0.00025,dynamic-obstacles-8x8,MiniGrid-Dynamic-Obstacles-8x8-v0,0
17408,72.768,-0.77,104.0,0.6875508427619934,-0.7236067518591881,-0.0054051643703132,0.0007768347157252,0.0034839918,0.03642578125,-2.356139659881592,0.00025,dynamic-obstacles-8x8,MiniGrid-Dynamic-Obstacles-8x8-v0,0
18432,77.147,-0.73,113.68,0.7530691027641296,-0.6999426305294036,-0.0036105202452745,0.0052029628888703,0.011206778,0.0416015625,-0.0098254680633544,0.00025,dynamic-obstacles-8x8,MiniGrid-Dynamic-Obstacles-8x8-v0,0
19456,80.738,-0.7,123.55,0.8193181753158569,-0.7533991381525993,-0.0043288846616633,0.005380174529273,0.022179147,0.05419921875,-0.0042389631271362,0.00025,dynamic-obstacles-8x8,MiniGrid-Dynamic-Obstacles-8x8-v0,0
20480,94.048,-0.66,129.14,0.8559694886207581,-0.8140695422887803,-0.0100717213703319,0.0196601134957745,0.0092613585,0.07900390625,-0.0005935430526733,0.00025,dynamic-obstacles-8x8,MiniGrid-Dynamic-Obstacles-8x8-v0,0
21504,98.159,-0.63,136.9,0.8066393733024597,-0.8331670731306076,-0.0107720468891784,0.0006673922129266,0.00919432,0.15458984375,-2.219935417175293,0.00025,dynamic-obstacles-8x8,MiniGrid-Dynamic-Obstacles-8x8-v0,0
22528,101.739,-0.6,143.58,0.8517974019050598,-0.8217721447348595,-0.0081194457365199,0.0133142227306962,0.009542963,0.09375,0.0212646126747131,0.00025,dynamic-obstacles-8x8,MiniGrid-Dynamic-Obstacles-8x8-v0,0
23552,106.336,-0.56,153.07,0.8168594837188721,-0.8361230373382569,-0.0067932549340184,0.0201688387896865,0.01179475,0.0908203125,0.0335997939109802,0.00025,dynamic-obstacles-8x8,MiniGrid-Dynamic-Obstacles-8x8-v0,0
24576,109.845,-0.53,161.7,0.8057976961135864,-0.8117169827222824,-0.0060679773014271,0.0006700735422782,0.008791549,0.070703125,-2.188488245010376,0.00025,dynamic-obstacles-8x8,MiniGrid-Dynamic-Obstacles-8x8-v0,0
25600,114.36,-0.49,170.99,0.7668840289115906,-0.7781147226691246,-0.0057739048614166,0.0105172254552599,0.01808315,0.1333984375,0.010212242603302,0.00025,dynamic-obstacles-8x8,MiniGrid-Dynamic-Obstacles-8x8-v0,0
26624,117.858,-0.46,178.91,0.7260808348655701,-0.728967809677124,-0.008641091233585,0.0002978168449772,0.013593473,0.099609375,-3.1541237831115723,0.00025,dynamic-obstacles-8x8,MiniGrid-Dynamic-Obstacles-8x8-v0,0
27648,122.741,-0.42,184.24,0.7674814462661743,-0.7429185509681702,-0.0018718550214543,0.006475804533693,0.018874489,0.211328125,-0.0116835832595825,0.00025,dynamic-obstacles-8x8,MiniGrid-Dynamic-Obstacles-8x8-v0,0
28672,126.859,-0.4,187.33,0.7404958605766296,-0.7559298783540725,-0.0070835678256116,0.0004815564818272,0.0059895604,0.06435546875,-3.794727325439453,0.00025,dynamic-obstacles-8x8,MiniGrid-Dynamic-Obstacles-8x8-v0,0
29696,131.28,-0.36,194.46,0.76705402135849,-0.7539137437939644,-0.0018148106872104,0.0096832216833718,0.026621593,0.092578125,0.0164824128150939,0.00025,dynamic-obstacles-8x8,MiniGrid-Dynamic-Obstacles-8x8-v0,0
30720,142.301,-0.35,197.73,0.726256251335144,-0.7700161278247833,-0.0014516224036924,0.0070844692323589,0.024504574,0.22958984375,-0.0538668632507324,0.00025,dynamic-obstacles-8x8,MiniGrid-Dynamic-Obstacles-8x8-v0,0
31744,146.793,-0.36,194.95,0.7237951159477234,-0.7593658596277237,-0.0019679625111166,0.0068397506547626,0.02370348,0.2041015625,-0.0069265365600585,0.00025,dynamic-obstacles-8x8,MiniGrid-Dynamic-Obstacles-8x8-v0,0
32768,150.405,-0.33,198.34,0.7528414726257324,-0.7273530304431916,-0.0122156441677361,0.0351946405135095,0.012647165,0.0806640625,0.0021533966064453,0.00025,dynamic-obstacles-8x8,MiniGrid-Dynamic-Obstacles-8x8-v0,0
33792,155.988,-0.34,196.39,0.7743746042251587,-0.742615258693695,-0.0087569727213121,0.0160876073874533,0.0080250185,0.07373046875,-0.0151238441467285,0.00025,dynamic-obstacles-8x8,MiniGrid-Dynamic-Obstacles-8x8-v0,0
34816,159.573,-0.34,198.54,0.7674362659454346,-0.7638974413275719,-0.0100340798380784,0.0116260706912726,0.00845713,0.1,-0.0104380846023559,0.00025,dynamic-obstacles-8x8,MiniGrid-Dynamic-Obstacles-8x8-v0,0
35840,163.029,-0.33,200.65,0.7555161118507385,-0.7598497852683067,-0.0129847166303079,0.0058805403474252,0.012713887,0.1556640625,-0.0211889743804931,0.00025,dynamic-obstacles-8x8,MiniGrid-Dynamic-Obstacles-8x8-v0,0
36864,167.539,-0.32,201.3,0.7861538529396057,-0.7546480774879456,-0.0111959033063612,0.0001911025798108,0.0068353363,0.09140625,-1.9582724571228027,0.00025,dynamic-obstacles-8x8,MiniGrid-Dynamic-Obstacles-8x8-v0,0
37888,171.411,-0.33,200.18,0.7728530168533325,-0.7785610258579254,-0.0081528124166652,0.0001837280718063,0.012929715,0.131640625,-2.7981231212615967,0.00025,dynamic-obstacles-8x8,MiniGrid-Dynamic-Obstacles-8x8-v0,0
38912,177.835,-0.32,201.96,0.7834019660949707,-0.7794442743062973,-0.0040500714094378,0.00656986363756,0.0112243015,0.152734375,-0.0003572702407836,0.00025,dynamic-obstacles-8x8,MiniGrid-Dynamic-Obstacles-8x8-v0,0
39936,184.244,-0.29,207.29,0.8097404837608337,-0.8276446864008904,-0.0103080030763521,0.0002029717810728,0.016237432,0.13076171875,-1.6475467681884766,0.00025,dynamic-obstacles-8x8,MiniGrid-Dynamic-Obstacles-8x8-v0,0
40960,200.745,-0.28,208.41,0.8352618217468262,-0.7943081453442573,-0.0064236978912958,7.400325521302875e-05,0.013137166,0.10732421875,-3.557429313659668,0.00025,dynamic-obstacles-8x8,MiniGrid-Dynamic-Obstacles-8x8-v0,0
41984,206.747,-0.28,209.68,0.8056540489196777,-0.8203214630484581,-0.0072543535614386,6.408477147488157e-05,0.009155573,0.0990234375,-4.331830024719238,0.00025,dynamic-obstacles-8x8,MiniGrid-Dynamic-Obstacles-8x8-v0,0
43008,212.224,-0.27,211.09,0.7641506791114807,-0.8064180865883828,-0.0069143484695814,0.0072533884740551,0.021596,0.126953125,-0.0081081390380859,0.00025,dynamic-obstacles-8x8,MiniGrid-Dynamic-Obstacles-8x8-v0,0
44032,216.657,-0.25,214.9,0.7882024645805359,-0.7562117040157318,-0.0146540111745707,0.0179729453520849,0.01101266,0.0970703125,-0.001796007156372,0.00025,dynamic-obstacles-8x8,MiniGrid-Dynamic-Obstacles-8x8-v0,0
45056,220.113,-0.26,212.51,0.777092695236206,-0.7614336714148522,-0.0125308414455503,9.839406120590866e-05,0.011091833,0.1220703125,-3.5486831665039062,0.00025,dynamic-obstacles-8x8,MiniGrid-Dynamic-Obstacles-8x8-v0,0
46080,224.638,-0.24,215.17,0.7738097906112671,-0.7685204923152924,-0.0054683735594153,0.0062030041844991,0.011758463,0.13125,-0.0046902894973754,0.00025,dynamic-obstacles-8x8,MiniGrid-Dynamic-Obstacles-8x8-v0,0
47104,229.276,-0.24,215.17,0.7542354464530945,-0.7620032459497452,-0.0083372720517218,0.0002383213608482,0.012804916,0.0685546875,-5.681154727935791,0.00025,dynamic-obstacles-8x8,MiniGrid-Dynamic-Obstacles-8x8-v0,0
48128,233.724,-0.23,216.52,0.743026614189148,-0.7367065578699112,-0.0049809355463366,0.0001402765190505,0.0065976838,0.09736328125,-9.521761894226074,0.00025,dynamic-obstacles-8x8,MiniGrid-Dynamic-Obstacles-8x8-v0,0
49152,237.808,-0.23,216.52,0.687921404838562,-0.7169826075434684,-0.010391119425185,0.0001052700787113,0.0116967335,0.1484375,-10.60979175567627,0.00025,dynamic-obstacles-8x8,MiniGrid-Dynamic-Obstacles-8x8-v0,0
50176,252.066,-0.21,221.05,0.7045039534568787,-0.6528870731592178,-0.0102246331982314,0.0001163909955721,0.012571293,0.1265625,-7.398171424865723,0.00025,dynamic-obstacles-8x8,MiniGrid-Dynamic-Obstacles-8x8-v0,0
51200,256.396,-0.21,221.05,0.6936127543449402,-0.6895277529954911,-0.0056163459084928,8.413066098000854e-05,0.008377311,0.1078125,-11.178956031799316,0.00025,dynamic-obstacles-8x8,MiniGrid-Dynamic-Obstacles-8x8-v0,0
52224,259.944,-0.19,222.75,0.6723637580871582,-0.6881343960762024,-0.01474942950299,6.347589396682451e-05,0.011436127,0.09052734375,-23.45928382873535,0.00025,dynamic-obstacles-8x8,MiniGrid-Dynamic-Obstacles-8x8-v0,0
53248,264.483,-0.18,223.64,0.7179238796234131,-0.6793991401791573,-0.0112563003203831,6.676430002698908e-05,0.0056709754,0.07265625,-12.18332290649414,0.00025,dynamic-obstacles-8x8,MiniGrid-Dynamic-Obstacles-8x8-v0,0
54272,267.901,-0.14,230.64,0.7147407531738281,-0.7140208169817924,-0.0072692495654337,7.843259318178753e-05,0.007716004,0.08212890625,-8.273850440979004,0.00025,dynamic-obstacles-8x8,MiniGrid-Dynamic-Obstacles-8x8-v0,0
55296,272.653,-0.12,234.73,0.7224811911582947,-0.7232625484466553,-0.0063899908156599,5.294434895404265e-05,0.007006167,0.06669921875,-21.9130973815918,0.00025,dynamic-obstacles-8x8,MiniGrid-Dynamic-Obstacles-8x8-v0,0
56320,276.896,-0.1,239.23,0.7481010556221008,-0.7191035091876984,-0.0121345556806772,5.5806547607062384e-05,0.0086601805,0.0986328125,-9.407803535461426,0.00025,dynamic-obstacles-8x8,MiniGrid-Dynamic-Obstacles-8x8-v0,0
57344,281.341,-0.09,241.1,0.7386391162872314,-0.7300318405032158,-0.0112661060178652,5.459575413624407e-05,0.008523247,0.103515625,-9.110438346862791,0.00025,dynamic-obstacles-8x8,MiniGrid-Dynamic-Obstacles-8x8-v0,0
58368,284.811,-0.07,245.35,0.6857141256332397,-0.73203254789114,-0.0075902194250375,5.405182018876076e-05,0.008569208,0.08837890625,-13.734180450439451,0.00025,dynamic-obstacles-8x8,MiniGrid-Dynamic-Obstacles-8x8-v0,0
59392,289.399,-0.06,245.62,0.7039825320243835,-0.6880097776651383,-0.0037913084728643,5.088468788017053e-05,0.008214241,0.13955078125,-13.06201171875,0.00025,dynamic-obstacles-8x8,MiniGrid-Dynamic-Obstacles-8x8-v0,0
60416,300.745,-0.06,245.62,0.6829859018325806,-0.7112290516495705,-0.0044499329582322,4.832394406548701e-05,0.019151565,0.11845703125,-15.217365264892578,0.00025,dynamic-obstacles-8x8,MiniGrid-Dynamic-Obstacles-8x8-v0,0
61440,306.1,-0.06,245.62,0.7074549198150635,-0.6899433732032776,-0.0045124759664759,5.283540967866429e-05,0.011250527,0.12763671875,-22.32080841064453,0.00025,dynamic-obstacles-8x8,MiniGrid-Dynamic-Obstacles-8x8-v0,0
62464,309.59,-0.05,246.74,0.6953915953636169,-0.6980831667780876,-0.0136459063214715,3.992805914094788e-05,0.008189008,0.0873046875,-20.54197883605957,0.00025,dynamic-obstacles-8x8,MiniGrid-Dynamic-Obstacles-8x8-v0,0
63488,313.112,-0.05,246.74,0.7148848176002502,-0.6962779611349106,-0.012575954379281,4.311661678002565e-05,0.00570439,0.1033203125,-11.828734397888184,0.00025,dynamic-obstacles-8x8,MiniGrid-Dynamic-Obstacles-8x8-v0,0
64512,317.691,-0.05,246.74,0.6748625040054321,-0.7174873292446137,-0.011694125982467,4.353428939793957e-05,0.008182187,0.07490234375,-13.627558708190918,0.00025,dynamic-obstacles-8x8,MiniGrid-Dynamic-Obstacles-8x8-v0,0
65536,321.149,-0.05,246.74,0.6775946617126465,-0.6731400594115258,-0.0080167628941126,4.163764688200899e-05,0.0092488695,0.11328125,-19.892581939697266,0.00025,dynamic-obstacles-8x8,MiniGrid-Dynamic-Obstacles-8x8-v0,0
66560,325.589,-0.05,246.74,0.6581128835678101,-0.6653228610754013,-0.0127457558759488,4.41843643784523e-05,0.006606455,0.09794921875,-18.52825164794922,0.00025,dynamic-obstacles-8x8,MiniGrid-Dynamic-Obstacles-8x8-v0,0
67584,329.05,-0.04,249.0,0.670670747756958,-0.6761008217930794,-0.0100118108210153,3.9490731614932885e-05,0.012322808,0.10908203125,-23.44931411743164,0.00025,dynamic-obstacles-8x8,MiniGrid-Dynamic-Obstacles-8x8-v0,0
68608,334.208,-0.03,250.98,0.6850863695144653,-0.6533450275659561,-0.0093661747756414,0.0155810371041297,0.013442095,0.101171875,0.0037658810615539,0.00025,dynamic-obstacles-8x8,MiniGrid-Dynamic-Obstacles-8x8-v0,0
69632,338.076,-0.03,250.98,0.6718153357505798,-0.6600741848349572,-0.0103466733417008,0.0001146480957686,0.00817307,0.115234375,-10.829856872558594,0.00025,dynamic-obstacles-8x8,MiniGrid-Dynamic-Obstacles-8x8-v0,0
70656,349.703,-0.02,253.37,0.6416455507278442,-0.6568508341908454,-0.0026729387696832,0.0001064065078026,0.011291958,0.121875,-9.606019020080566,0.00025,dynamic-obstacles-8x8,MiniGrid-Dynamic-Obstacles-8x8-v0,0
71680,354.169,-0.02,253.37,0.6330070495605469,-0.6381629645824433,-0.0071286360849626,0.0001012502350931,0.015303825,0.09091796875,-11.421453475952148,0.00025,dynamic-obstacles-8x8,MiniGrid-Dynamic-Obstacles-8x8-v0,0
72704,357.614,-0.02,253.37,0.6409875750541687,-0.634743095934391,-0.0043774638907052,7.903002142484183e-05,0.008962893,0.09072265625,-15.673540115356444,0.00025,dynamic-obstacles-8x8,MiniGrid-Dynamic-Obstacles-8x8-v0,0
73728,362.174,-0.02,253.37,0.6478818655014038,-0.6392912924289703,-0.0077435780491214,5.399014025897486e-05,0.007978302,0.08623046875,-7.488468170166016,0.00025,dynamic-obstacles-8x8,MiniGrid-Dynamic-Obstacles-8x8-v0,0
74752,366.638,-0.02,253.37,0.6480770111083984,-0.6495131179690361,-0.0109002008335664,4.529572643150459e-05,0.0115126865,0.09208984375,-13.484993934631348,0.00025,dynamic-obstacles-8x8,MiniGrid-Dynamic-Obstacles-8x8-v0,0
75776,371.076,-0.02,253.37,0.6551609039306641,-0.6386103615164757,-0.0100915912073105,4.20667698563193e-05,0.010534043,0.07978515625,-9.339238166809082,0.00025,dynamic-obstacles-8x8,MiniGrid-Dynamic-Obstacles-8x8-v0,0
76800,374.665,-0.02,253.37,0.6347454786300659,-0.6357675492763519,-0.0090881052543409,4.4092500047554495e-05,0.018637978,0.08544921875,-16.957120895385742,0.00025,dynamic-obstacles-8x8,MiniGrid-Dynamic-Obstacles-8x8-v0,0
77824,379.122,-0.02,253.37,0.6765177845954895,-0.646085150539875,-0.0110418013879098,3.920453555110726e-05,0.012550067,0.09912109375,-21.73296356201172,0.00025,dynamic-obstacles-8x8,MiniGrid-Dynamic-Obstacles-8x8-v0,0
78848,382.706,-0.02,253.37,0.6365033984184265,-0.6507812395691872,-0.0098761676461435,3.79786881239852e-05,0.010976776,0.1169921875,-19.000890731811523,0.00025,dynamic-obstacles-8x8,MiniGrid-Dynamic-Obstacles-8x8-v0,0
79872,387.18,-0.02,253.37,0.6609135866165161,-0.6433698147535324,-0.0070091029047034,4.236394752297201e-05,0.0067945165,0.06943359375,-10.958967208862305,0.00025,dynamic-obstacles-8x8,MiniGrid-Dynamic-Obstacles-8x8-v0,0
80896,400.133,-0.02,253.37,0.6432111263275146,-0.6464353561401367,-0.009266194072552,4.0278490769196654e-05,0.010759231,0.0736328125,-20.1229248046875,0.00025,dynamic-obstacles-8x8,MiniGrid-Dynamic-Obstacles-8x8-v0,0
81920,404.523,-0.02,253.37,0.6222306489944458,-0.6433094277977943,-0.0075837211566977,3.090559598604159e-05,0.007850571,0.10146484375,-21.93336296081543,0.00025,dynamic-obstacles-8x8,MiniGrid-Dynamic-Obstacles-8x8-v0,0
82944,408.099,-0.02,253.37,0.6067716479301453,-0.6153052449226379,-0.0097964019631035,3.3883658397826365e-05,0.00949435,0.07802734375,-20.568017959594727,0.00025,dynamic-obstacles-8x8,MiniGrid-Dynamic-Obstacles-8x8-v0,0
83968,412.507,-0.02,253.37,0.6297122240066528,-0.6135963141918183,-0.0109267670079134,3.243638461754017e-05,0.01794514,0.10986328125,-23.20816802978516,0.00025,dynamic-obstacles-8x8,MiniGrid-Dynamic-Obstacles-8x8-v0,0
84992,415.9,-0.02,253.37,0.5917027592658997,-0.6262477457523346,-0.0105500121018849,2.491872564860387e-05,0.02759376,0.13583984375,-18.11988067626953,0.00025,dynamic-obstacles-8x8,MiniGrid-Dynamic-Obstacles-8x8-v0,0
86016,420.306,-0.02,253.37,0.6343213319778442,-0.589031994342804,-0.0085823149711359,3.066578442485479e-05,0.011540579,0.09248046875,-18.88526153564453,0.00025,dynamic-obstacles-8x8,MiniGrid-Dynamic-Obstacles-8x8-v0,0
87040,424.826,-0.02,253.37,0.642513632774353,-0.6309036001563072,-0.0078607061994262,2.4046293219726067e-05,0.010520101,0.11005859375,-11.835506439208984,0.00025,dynamic-obstacles-8x8,MiniGrid-Dynamic-Obstacles-8x8-v0,0
88064,428.52,-0.02,253.37,0.6570660471916199,-0.6640272736549377,-0.0098476149374619,2.17165211779502e-05,0.016215216,0.1017578125,-21.45370101928711,0.00025,dynamic-obstacles-8x8,MiniGrid-Dynamic-Obstacles-8x8-v0,0
89088,432.319,-0.02,253.37,0.6506823301315308,-0.6663413688540458,-0.0042763123754411,1.677828327046882e-05,0.009329357,0.11689453125,-12.261722564697266,0.00025,dynamic-obstacles-8x8,MiniGrid-Dynamic-Obstacles-8x8-v0,0
90112,444.788,-0.02,253.37,0.6573125123977661,-0.6483710423111916,-0.0119022709084674,1.7942757517630524e-05,0.0096392445,0.07724609375,-17.702802658081055,0.00025,dynamic-obstacles-8x8,MiniGrid-Dynamic-Obstacles-8x8-v0,0
91136,449.231,-0.02,253.37,0.6784628629684448,-0.6574253544211388,-0.0028864146908745,2.2397830434783828e-05,0.0058996556,0.0978515625,-33.556678771972656,0.00025,dynamic-obstacles-8x8,MiniGrid-Dynamic-Obstacles-8x8-v0,0
92160,454.064,-0.01,253.69,0.6628416180610657,-0.666720773279667,-0.0120273856795392,2.399056820650003e-05,0.012593029,0.108984375,-18.43208885192871,0.00025,dynamic-obstacles-8x8,MiniGrid-Dynamic-Obstacles-8x8-v0,0
93184,458.267,-0.01,255.09,0.6273316740989685,-0.6716558828949928,-0.0111321461270563,2.4563453962400672e-05,0.009870179,0.08935546875,-21.61671638488769,0.00025,dynamic-obstacles-8x8,MiniGrid-Dynamic-Obstacles-8x8-v0,0
94208,461.662,-0.01,255.09,0.682809054851532,-0.6530486792325974,-0.0098452883656136,0.0084909430181141,0.028301818,0.1412109375,-0.0031632184982299,0.00025,dynamic-obstacles-8x8,MiniGrid-Dynamic-Obstacles-8x8-v0,0
95232,466.059,-0.01,255.09,0.6861457824707031,-0.6888200119137764,-0.0058807108958717,0.0001697832301488,0.0061177774,0.081640625,-8.177515029907227,0.00025,dynamic-obstacles-8x8,MiniGrid-Dynamic-Obstacles-8x8-v0,0
96256,469.681,-0.01,255.09,0.7005845308303833,-0.6968550264835358,-0.0129657074809074,2.0714227866847067e-05,0.013077731,0.09970703125,-13.778125762939451,0.00025,dynamic-obstacles-8x8,MiniGrid-Dynamic-Obstacles-8x8-v0,0
97280,474.158,-0.01,255.09,0.6520326733589172,-0.6994702726602554,-0.0118392503354698,1.907840705825947e-05,0.01864726,0.10703125,-8.70523452758789,0.00025,dynamic-obstacles-8x8,MiniGrid-Dynamic-Obstacles-8x8-v0,0
98304,477.594,-0.01,255.09,0.6701818704605103,-0.6765492290258408,-0.0129306080751121,2.3804889951861697e-05,0.011643348,0.1263671875,-11.169891357421877,0.00025,dynamic-obstacles-8x8,MiniGrid-Dynamic-Obstacles-8x8-v0,0
99328,484.082,-0.01,255.09,0.7028007507324219,-0.6679752081632614,-0.0084739642916247,3.248478510613495e-05,0.007573201,0.09130859375,-17.997909545898438,0.00025,dynamic-obstacles-8x8,MiniGrid-Dynamic-Obstacles-8x8-v0,0
100352,501.658,-0.01,255.09,0.6600502729415894,-0.6903327018022537,-0.0141448468551971,2.326571125195187e-05,0.015703585,0.12353515625,-25.22088050842285,0.00025,dynamic-obstacles-8x8,MiniGrid-Dynamic-Obstacles-8x8-v0,0
101376,507.658,-0.01,255.09,0.675392746925354,-0.6525925949215889,-0.0045896378229372,3.488634019959136e-05,0.010840714,0.12998046875,-23.360593795776367,0.00025,dynamic-obstacles-8x8,MiniGrid-Dynamic-Obstacles-8x8-v0,0
102400,513.936,-0.01,255.09,0.6572285890579224,-0.6784978777170181,-0.0129891545977443,3.066047693209839e-05,0.015954291,0.10625,-19.627016067504883,0.00025,dynamic-obstacles-8x8,MiniGrid-Dynamic-Obstacles-8x8-v0,0
103424,519.023,-0.01,255.09,0.6630011796951294,-0.6686868891119957,-0.012833937886171,3.310542215331225e-05,0.008724538,0.07822265625,-21.229705810546875,0.00025,dynamic-obstacles-8x8,MiniGrid-Dynamic-Obstacles-8x8-v0,0
104448,523.664,-0.01,255.09,0.6817092895507812,-0.6753670036792755,-0.005046436516568,2.8927094035680057e-05,0.012082881,0.13154296875,-22.62042808532715,0.00025,dynamic-obstacles-8x8,MiniGrid-Dynamic-Obstacles-8x8-v0,0
105472,527.141,-0.01,255.09,0.6519832611083984,-0.6768559202551842,-0.0124288219958543,3.1234498783305754e-05,0.008821009,0.1060546875,-8.182079315185547,0.00025,dynamic-obstacles-8x8,MiniGrid-Dynamic-Obstacles-8x8-v0,0
106496,531.722,-0.01,255.09,0.6851913928985596,-0.648715190589428,-0.0141411898075602,3.1684547911936535e-05,0.009198526,0.10791015625,-11.542505264282228,0.00025,dynamic-obstacles-8x8,MiniGrid-Dynamic-Obstacles-8x8-v0,0
107520,535.928,-0.01,255.09,0.6596580147743225,-0.6829755082726479,-0.0093652521201875,2.964524023809645e-05,0.00571694,0.08076171875,-8.635863304138184,0.00025,dynamic-obstacles-8x8,MiniGrid-Dynamic-Obstacles-8x8-v0,0
108544,540.409,-0.01,255.09,0.6989514231681824,-0.6759696766734123,-0.011115189245902,2.4508592105121352e-05,0.00909558,0.07890625,-13.9036283493042,0.00025,dynamic-obstacles-8x8,MiniGrid-Dynamic-Obstacles-8x8-v0,0
109568,544.958,-0.01,255.09,0.7010857462882996,-0.7119501456618309,-0.0093256498919799,1.8495206836632865e-05,0.013582167,0.07470703125,-22.287578582763672,0.00025,dynamic-obstacles-8x8,MiniGrid-Dynamic-Obstacles-8x8-v0,0
110592,556.443,-0.03,250.63,0.6608610153198242,-0.6873070746660233,-0.0123451844789087,2.393992108409293e-05,0.009417467,0.0939453125,-26.63329696655273,0.00025,dynamic-obstacles-8x8,MiniGrid-Dynamic-Obstacles-8x8-v0,0
111616,560.902,-0.03,250.63,0.7289119362831116,-0.65965735912323,-0.0057904068788047,0.0118945929338224,0.014872657,0.12255859375,-0.0003763437271118,0.00025,dynamic-obstacles-8x8,MiniGrid-Dynamic-Obstacles-8x8-v0,0
112640,564.563,-0.03,250.63,0.72547447681427,-0.7363738358020783,-0.0097357006859965,7.267246155606699e-05,0.011950259,0.10234375,-9.819618225097656,0.00025,dynamic-obstacles-8x8,MiniGrid-Dynamic-Obstacles-8x8-v0,0
113664,568.976,-0.03,250.63,0.6959502696990967,-0.7162096917629241,-0.01469194580568,4.735291076940484e-05,0.011113243,0.1080078125,-9.101263999938965,0.00025,dynamic-obstacles-8x8,MiniGrid-Dynamic-Obstacles-8x8-v0,0
114688,572.921,-0.03,250.63,0.7106087803840637,-0.6979253619909287,-0.0141162062762305,3.912954898623866e-05,0.011737971,0.11650390625,-14.917278289794922,0.00025,dynamic-obstacles-8x8,MiniGrid-Dynamic-Obstacles-8x8-v0,0
115712,577.119,-0.03,250.63,0.7025980353355408,-0.6757456123828888,-0.0121218406595289,3.851246756312321e-05,0.015018671,0.16552734375,-10.83424186706543,0.00025,dynamic-obstacles-8x8,MiniGrid-Dynamic-Obstacles-8x8-v0,0
116736,580.782,-0.03,250.63,0.6894944906234741,-0.7005723789334297,-0.0162386052077636,3.22077292821632e-05,0.008448641,0.0845703125,-12.322413444519045,0.00025,dynamic-obstacles-8x8,MiniGrid-Dynamic-Obstacles-8x8-v0,0
117760,585.3,-0.02,251.54,0.6590540409088135,-0.6751604169607163,-0.0109817305230535,3.471333757261163e-05,0.008816203,0.1173828125,-27.563291549682617,0.00025,dynamic-obstacles-8x8,MiniGrid-Dynamic-Obstacles-8x8-v0,0
118784,588.925,-0.02,251.54,0.6631699800491333,-0.6427202627062798,-0.0149701562011614,3.275092485637288e-05,0.009235552,0.09091796875,-23.30119132995605,0.00025,dynamic-obstacles-8x8,MiniGrid-Dynamic-Obstacles-8x8-v0,0
119808,593.318,-0.02,251.54,0.6559978723526001,-0.6757063537836074,-0.0094782589876558,2.840089669007284e-05,0.013855673,0.0912109375,-26.209306716918945,0.00025,dynamic-obstacles-8x8,MiniGrid-Dynamic-Obstacles-8x8-v0,0
120832,605.745,-0.02,251.54,0.682533860206604,-0.6635933086276055,-0.0164229937363415,2.831819751918374e-05,0.0155689195,0.09716796875,-22.26233291625977,0.00025,dynamic-obstacles-8x8,MiniGrid-Dynamic-Obstacles-8x8-v0,0
121856,609.238,-0.02,251.54,0.6956969499588013,-0.6855588182806969,-0.0053890714538283,2.8984077152927055e-05,0.02048847,0.1939453125,-9.309114456176758,0.00025,dynamic-obstacles-8x8,MiniGrid-Dynamic-Obstacles-8x8-v0,0
122880,613.91,-0.02,251.54,0.7016742825508118,-0.6948952808976173,-0.0079342118580825,2.167386141991301e-05,0.014373564,0.1607421875,-19.320207595825195,0.00025,dynamic-obstacles-8x8,MiniGrid-Dynamic-Obstacles-8x8-v0,0
123904,618.445,-0.02,251.54,0.6954377889633179,-0.7182368561625481,-0.0198695767438039,2.3672124052609432e-05,0.01068873,0.12314453125,-12.738927841186523,0.00025,dynamic-obstacles-8x8,MiniGrid-Dynamic-Obstacles-8x8-v0,0
124928,621.941,-0.02,251.54,0.6771987080574036,-0.7090016767382622,-0.0134102286887355,2.313952127224184e-05,0.013554411,0.1458984375,-13.833863258361816,0.00025,dynamic-obstacles-8x8,MiniGrid-Dynamic-Obstacles-8x8-v0,0
125952,626.488,-0.02,251.54,0.6382226943969727,-0.6477118253707885,-0.0103218524600379,2.824022717504704e-05,0.020148352,0.1203125,-18.499608993530277,0.00025,dynamic-obstacles-8x8,MiniGrid-Dynamic-Obstacles-8x8-v0,0
126976,630.079,-0.02,251.54,0.6492394208908081,-0.6571730136871338,-0.0150824478943832,2.1793457699459397e-05,0.013024118,0.12060546875,-8.513684272766113,0.00025,dynamic-obstacles-8x8,MiniGrid-Dynamic-Obstacles-8x8-v0,0
128000,635.415,-0.03,249.04,0.6184141635894775,-0.6369881689548492,-0.0190674414741806,2.109521706188389e-05,0.016081354,0.114453125,-24.692890167236328,0.00025,dynamic-obstacles-8x8,MiniGrid-Dynamic-Obstacles-8x8-v0,0
129024,639.145,-0.04,247.44,0.5867944955825806,-0.5958128243684768,-0.0069778479984961,0.0043166728371033,0.010713851,0.08115234375,-0.0004270076751708,0.00025,dynamic-obstacles-8x8,MiniGrid-Dynamic-Obstacles-8x8-v0,0
130048,650.567,-0.04,247.44,0.6328862309455872,-0.5796579077839852,-0.0084640079410746,0.0070705452002584,0.011653967,0.16953125,0.0059198141098022,0.00025,dynamic-obstacles-8x8,MiniGrid-Dynamic-Obstacles-8x8-v0,0
131072,654.977,-0.04,247.44,0.6428355574607849,-0.6626684173941613,-0.0124594276538118,0.0001543694522297,0.013407269,0.1033203125,-10.96186637878418,0.00025,dynamic-obstacles-8x8,MiniGrid-Dynamic-Obstacles-8x8-v0,0
132096,658.431,-0.04,247.44,0.6194596290588379,-0.6304217293858528,-0.0120107109716627,4.617918739313609e-05,0.00941896,0.07919921875,-10.136938095092772,0.00025,dynamic-obstacles-8x8,MiniGrid-Dynamic-Obstacles-8x8-v0,0
133120,663.817,-0.04,247.44,0.6514904499053955,-0.6142083674669265,-0.0140947920270264,3.4157931668232774e-05,0.008770712,0.09404296875,-9.166062355041504,0.00025,dynamic-obstacles-8x8,MiniGrid-Dynamic-Obstacles-8x8-v0,0
134144,667.756,-0.04,247.44,0.6953242421150208,-0.6625214591622353,-0.0114462856785394,2.817029062498477e-05,0.0103574,0.10673828125,-11.414796829223633,0.00025,dynamic-obstacles-8x8,MiniGrid-Dynamic-Obstacles-8x8-v0,0
135168,671.193,-0.03,249.39,0.6725127696990967,-0.6837789654731751,-0.0139782009646296,2.6534379639997496e-05,0.01204085,0.12421875,-6.909481048583984,0.00025,dynamic-obstacles-8x8,MiniGrid-Dynamic-Obstacles-8x8-v0,0
136192,675.676,-0.02,251.9,0.6660199761390686,-0.6682751253247261,-0.0135230754443909,3.0633774576926955e-05,0.013114815,0.09765625,-16.477436065673828,0.00025,dynamic-obstacles-8x8,MiniGrid-Dynamic-Obstacles-8x8-v0,0
137216,679.186,-0.02,251.9,0.6857109069824219,-0.6485114142298698,-0.0134925386868417,2.9468822094713688e-05,0.018937597,0.115234375,-14.408048629760742,0.00025,dynamic-obstacles-8x8,MiniGrid-Dynamic-Obstacles-8x8-v0,0
138240,683.778,-0.02,251.9,0.6469542384147644,-0.6530309915542603,-0.018423682602588,2.729541370172228e-05,0.016646797,0.12490234375,-16.03416633605957,0.00025,dynamic-obstacles-8x8,MiniGrid-Dynamic-Obstacles-8x8-v0,0
139264,687.512,-0.02,251.9,0.6557140946388245,-0.6500317201018333,-0.0143041020259261,2.0195764727759523e-05,0.0112698795,0.09521484375,-16.51636505126953,0.00025,dynamic-obstacles-8x8,MiniGrid-Dynamic-Obstacles-8x8-v0,0
140288,701.35,-0.02,251.9,0.6404575109481812,-0.6622540652751923,-0.0145198370330035,2.358877823098737e-05,0.014341898,0.12861328125,-11.483959197998049,0.00025,dynamic-obstacles-8x8,MiniGrid-Dynamic-Obstacles-8x8-v0,0
141312,705.751,-0.02,251.9,0.6445878744125366,-0.630147461593151,-0.0146243577823042,2.4640179890411677e-05,0.016229814,0.13486328125,-25.74795913696289,0.00025,dynamic-obstacles-8x8,MiniGrid-Dynamic-Obstacles-8x8-v0,0
142336,709.449,-0.02,251.9,0.6101018786430359,-0.6323786377906799,-0.0146570811397396,2.3831048110878328e-05,0.016171444,0.11806640625,-10.771828651428224,0.00025,dynamic-obstacles-8x8,MiniGrid-Dynamic-Obstacles-8x8-v0,0
143360,713.874,-0.02,251.9,0.602302074432373,-0.6070679381489754,-0.0198522769263945,2.5804151027841728e-05,0.012803255,0.10869140625,-8.989446640014648,0.00025,dynamic-obstacles-8x8,MiniGrid-Dynamic-Obstacles-8x8-v0,0
144384,717.294,-0.02,251.9,0.5920485258102417,-0.6013446122407913,-0.0183999764034524,2.9828496008121877e-05,0.014171466,0.09794921875,-22.56550025939941,0.00025,dynamic-obstacles-8x8,MiniGrid-Dynamic-Obstacles-8x8-v0,0
145408,721.757,-0.02,251.9,0.5755161643028259,-0.5658946439623833,-0.011063893395476,2.8057802683179035e-05,0.019472599,0.11552734375,-16.121030807495117,0.00025,dynamic-obstacles-8x8,MiniGrid-Dynamic-Obstacles-8x8-v0,0
146432,726.481,-0.02,251.9,0.5972739458084106,-0.5741798505187035,-0.0168127274606376,2.848806343536125e-05,0.018989207,0.1279296875,-12.773887634277344,0.00025,dynamic-obstacles-8x8,MiniGrid-Dynamic-Obstacles-8x8-v0,0
147456,729.991,-0.02,251.9,0.5934882164001465,-0.6016254529356957,-0.0189483480295166,3.108629762209603e-05,0.01933219,0.12109375,-5.7527337074279785,0.00025,dynamic-obstacles-8x8,MiniGrid-Dynamic-Obstacles-8x8-v0,0
148480,733.391,-0.02,251.9,0.6553629636764526,-0.5950752034783363,-0.018594528560061,2.4148380680344415e-05,0.012129704,0.11962890625,-17.356184005737305,0.00025,dynamic-obstacles-8x8,MiniGrid-Dynamic-Obstacles-8x8-v0,0
149504,737.888,-0.02,251.9,0.629763126373291,-0.6434400096535683,-0.0176597937825135,1.6645984874230636e-05,0.021115452,0.11328125,-16.819852828979492,0.00025,dynamic-obstacles-8x8,MiniGrid-Dynamic-Obstacles-8x8-v0,0
150528,749.414,-0.02,251.9,0.6067389249801636,-0.6281129196286201,-0.0180896150879561,2.0015381642224385e-05,0.0155526055,0.13935546875,-10.083675384521484,0.00025,dynamic-obstacles-8x8,MiniGrid-Dynamic-Obstacles-8x8-v0,0
151552,754.895,-0.02,251.9,0.5935171246528625,-0.6038368105888366,-0.0114029406569898,2.004050761570397e-05,0.016154371,0.0923828125,-9.255975723266602,0.00025,dynamic-obstacles-8x8,MiniGrid-Dynamic-Obstacles-8x8-v0,0
152576,758.864,-0.02,251.9,0.5835714340209961,-0.5816407382488251,-0.0150789817445911,1.8132190371034083e-05,0.014139986,0.09169921875,-24.17060089111328,0.00025,dynamic-obstacles-8x8,MiniGrid-Dynamic-Obstacles-8x8-v0,0
153600,762.356,-0.01,254.4,0.6140214800834656,-0.5923830911517143,-0.0052664291462861,2.091663388910092e-05,0.017608598,0.15224609375,-8.419885635375977,0.00025,dynamic-obstacles-8x8,MiniGrid-Dynamic-Obstacles-8x8-v0,0
154624,766.716,0.0,256.0,0.5726712942123413,-0.6134526714682579,-0.0090057888301089,1.884435919237149e-05,0.015355303,0.1115234375,-22.74138832092285,0.00025,dynamic-obstacles-8x8,MiniGrid-Dynamic-Obstacles-8x8-v0,0
155648,770.313,0.0,256.0,0.5983313322067261,-0.5832203820347786,-0.0109365312149748,1.832886559895997e-05,0.009512183,0.1259765625,-7.166226387023926,0.00025,dynamic-obstacles-8x8,MiniGrid-Dynamic-Obstacles-8x8-v0,0
156672,774.89,0.0,256.0,0.5628026127815247,-0.5909444883465766,-0.0169669855968095,1.4967382799113694e-05,0.015383897,0.1009765625,-26.96513938903809,0.00025,dynamic-obstacles-8x8,MiniGrid-Dynamic-Obstacles-8x8-v0,0
157696,778.297,0.0,256.0,0.5450857877731323,-0.560246630012989,-0.0135394015582278,1.5335177454289806e-05,0.013255144,0.08173828125,-20.39620590209961,0.00025,dynamic-obstacles-8x8,MiniGrid-Dynamic-Obstacles-8x8-v0,0
158720,783.147,0.0,256.0,0.5626485347747803,-0.5538379311561584,-0.0129448264051461,1.6246680911535804e-05,0.011707225,0.09140625,-14.078824043273926,0.00025,dynamic-obstacles-8x8,MiniGrid-Dynamic-Obstacles-8x8-v0,0
159744,787.141,0.0,256.0,0.5608080625534058,-0.5618356063961982,-0.0108140746830031,1.354138316855824e-05,0.011024736,0.1208984375,-35.768463134765625,0.00025,dynamic-obstacles-8x8,MiniGrid-Dynamic-Obstacles-8x8-v0,0
160768,799.529,0.0,256.0,0.5469189286231995,-0.5478300765156746,-0.0168107768171466,1.8357094086240976e-05,0.014893644,0.09599609375,-32.666221618652344,0.00025,dynamic-obstacles-8x8,MiniGrid-Dynamic-Obstacles-8x8-v0,0
161792,804.479,0.0,256.0,0.5055425763130188,-0.5348368681967258,-0.0151183983893133,1.7050365340764983e-05,0.012818851,0.079296875,-46.6164436340332,0.00025,dynamic-obstacles-8x8,MiniGrid-Dynamic-Obstacles-8x8-v0,0
162816,808.458,-0.01,255.22,0.5179861187934875,-0.5185435675084591,-0.0174022180959582,1.85195463927812e-05,0.01583169,0.13173828125,-35.96505355834961,0.00025,dynamic-obstacles-8x8,MiniGrid-Dynamic-Obstacles-8x8-v0,0
163840,814.117,-0.01,255.22,0.600046694278717,-0.5512078270316124,-0.0061658610240556,0.0083090047410223,0.0132097555,0.12861328125,-0.0040175914764404,0.00025,dynamic-obstacles-8x8,MiniGrid-Dynamic-Obstacles-8x8-v0,0
164864,818.637,-0.01,255.22,0.6319165229797363,-0.6018891587853432,-0.0144844858907163,0.0001919789399835,0.021508716,0.1302734375,-15.650068283081056,0.00025,dynamic-obstacles-8x8,MiniGrid-Dynamic-Obstacles-8x8-v0,0
165888,822.543,-0.01,255.22,0.6176140904426575,-0.6250241503119469,-0.0128630692255683,3.7297670814950834e-05,0.019898081,0.14443359375,-24.62586212158203,0.00025,dynamic-obstacles-8x8,MiniGrid-Dynamic-Obstacles-8x8-v0,0
166912,827.46,-0.01,255.22,0.6626255512237549,-0.6309241980314255,-0.0132979823334608,3.143343151350564e-05,0.013519875,0.11162109375,-16.05571174621582,0.00025,dynamic-obstacles-8x8,MiniGrid-Dynamic-Obstacles-8x8-v0,0
167936,831.393,-0.02,253.23,0.6067712903022766,-0.6511511012911797,-0.0181090924656018,3.242525262976414e-05,0.010193739,0.101171875,-6.352355003356934,0.00025,dynamic-obstacles-8x8,MiniGrid-Dynamic-Obstacles-8x8-v0,0
168960,836.23,-0.02,253.23,0.6072096824645996,-0.5809526786208152,-0.0105043354560621,0.0081868437991943,0.00985871,0.11015625,-0.0042221546173095,0.00025,dynamic-obstacles-8x8,MiniGrid-Dynamic-Obstacles-8x8-v0,0
169984,840.083,-0.02,253.23,0.6250725388526917,-0.5959166616201401,-0.0166181059787049,9.34047052396636e-05,0.014981256,0.13828125,-14.887954711914062,0.00025,dynamic-obstacles-8x8,MiniGrid-Dynamic-Obstacles-8x8-v0,0
171008,856.314,-0.02,253.23,0.6183954477310181,-0.6130252912640571,-0.0144291898119263,4.142160614719615e-05,0.011550463,0.12021484375,-16.60907554626465,0.00025,dynamic-obstacles-8x8,MiniGrid-Dynamic-Obstacles-8x8-v0,0
172032,861.561,-0.02,253.23,0.5732136368751526,-0.6233224153518677,-0.0207287136348895,3.056076893699355e-05,0.015613293,0.12431640625,-8.175759315490723,0.00025,dynamic-obstacles-8x8,MiniGrid-Dynamic-Obstacles-8x8-v0,0
173056,867.239,-0.02,253.23,0.5989552736282349,-0.571174894273281,-0.0122981310822069,3.424239384912653e-05,0.014009728,0.10458984375,-18.848682403564453,0.00025,dynamic-obstacles-8x8,MiniGrid-Dynamic-Obstacles-8x8-v0,0
174080,872.11,-0.02,253.23,0.6108437180519104,-0.6214733362197876,-0.0162641469680238,2.2261747290031053e-05,0.015601089,0.1150390625,-29.773569107055664,0.00025,dynamic-obstacles-8x8,MiniGrid-Dynamic-Obstacles-8x8-v0,0
175104,876.626,-0.02,253.23,0.5950478911399841,-0.5947124287486076,-0.0129123087972402,1.9663589091578616e-05,0.015136642,0.124609375,-10.3300199508667,0.00025,dynamic-obstacles-8x8,MiniGrid-Dynamic-Obstacles-8x8-v0,0
176128,881.069,-0.02,253.23,0.5663025379180908,-0.5692538723349572,-0.0176029267255216,2.2370548413164217e-05,0.011929573,0.09111328125,-11.158117294311523,0.00025,dynamic-obstacles-8x8,MiniGrid-Dynamic-Obstacles-8x8-v0,0
177152,884.575,-0.02,253.23,0.5331503748893738,-0.5457335367798806,-0.0164231256465427,2.522889876672707e-05,0.010851841,0.1041015625,-7.237471580505371,0.00025,dynamic-obstacles-8x8,MiniGrid-Dynamic-Obstacles-8x8-v0,0
178176,888.959,-0.02,253.23,0.536390483379364,-0.5305364862084389,-0.0127200287301093,1.9781253035944248e-05,0.016517274,0.10224609375,-21.276479721069336,0.00025,dynamic-obstacles-8x8,MiniGrid-Dynamic-Obstacles-8x8-v0,0
179200,892.49,-0.02,253.23,0.5360121130943298,-0.523048647493124,-0.0187738716835156,2.134431247213797e-05,0.019098029,0.11787109375,-19.687231063842773,0.00025,dynamic-obstacles-8x8,MiniGrid-Dynamic-Obstacles-8x8-v0,0
180224,905.62,-0.03,250.86,0.5368637442588806,-0.5264895558357239,-0.0119099938543513,2.0857024492215717e-05,0.017268099,0.14462890625,-17.544227600097656,0.00025,dynamic-obstacles-8x8,MiniGrid-Dynamic-Obstacles-8x8-v0,0
181248,909.19,-0.03,250.86,0.5332567095756531,-0.5295356154441834,-0.0051768966717645,0.0065367053874069,0.014876654,0.1193359375,0.0040973424911499,0.00025,dynamic-obstacles-8x8,MiniGrid-Dynamic-Obstacles-8x8-v0,0
182272,912.677,-0.03,250.86,0.5416561365127563,-0.5180313870310783,-0.0106829079915769,0.0001098323686164,0.023546515,0.140234375,-14.337336540222168,0.00025,dynamic-obstacles-8x8,MiniGrid-Dynamic-Obstacles-8x8-v0,0
183296,917.142,-0.03,250.86,0.5773569345474243,-0.5480390429496765,-0.0097396666882559,4.164369829595671e-05,0.010594735,0.1115234375,-5.711671352386475,0.00025,dynamic-obstacles-8x8,MiniGrid-Dynamic-Obstacles-8x8-v0,0
184320,920.737,-0.03,250.86,0.5610772371292114,-0.566622045636177,-0.0202633922337554,2.8082707376597683e-05,0.023890939,0.11181640625,-7.97884464263916,0.00025,dynamic-obstacles-8x8,MiniGrid-Dynamic-Obstacles-8x8-v0,0
185344,925.199,-0.04,248.73,0.529796838760376,-0.5382222026586533,-0.0174724470998626,3.0249460132836246e-05,0.014539346,0.108203125,-4.801302433013916,0.00025,dynamic-obstacles-8x8,MiniGrid-Dynamic-Obstacles-8x8-v0,0
186368,928.688,-0.04,248.73,0.5919479131698608,-0.5499968595802784,-0.0059299705084413,0.0082166700944071,0.05578766,0.18125,0.0060576200485229,0.00025,dynamic-obstacles-8x8,MiniGrid-Dynamic-Obstacles-8x8-v0,0
187392,933.823,-0.03,249.51,0.5538222193717957,-0.5867926716804505,-0.0127989925560541,3.70284324617387e-05,0.01030189,0.07578125,-13.662002563476562,0.00025,dynamic-obstacles-8x8,MiniGrid-Dynamic-Obstacles-8x8-v0,0
188416,937.976,-0.03,249.51,0.5451327562332153,-0.536021138727665,-0.0158123914035968,2.337326527594996e-05,0.017697554,0.108984375,-15.64621925354004,0.00025,dynamic-obstacles-8x8,MiniGrid-Dynamic-Obstacles-8x8-v0,0
189440,941.412,-0.03,249.51,0.5653797388076782,-0.5328781567513943,-0.0137978800456039,1.4612039467465366e-05,0.014283422,0.0958984375,-17.51158332824707,0.00025,dynamic-obstacles-8x8,MiniGrid-Dynamic-Obstacles-8x8-v0,0
190464,953.923,-0.03,249.51,0.5454544425010681,-0.5493724279105663,-0.0104537054314278,1.25775146898377e-05,0.013661901,0.09306640625,-25.53850555419922,0.00025,dynamic-obstacles-8x8,MiniGrid-Dynamic-Obstacles-8x8-v0,0
191488,958.374,-0.03,249.51,0.5146840214729309,-0.5365930244326591,-0.0164191276649944,1.2045231051160954e-05,0.011664693,0.08681640625,-25.81015968322754,0.00025,dynamic-obstacles-8x8,MiniGrid-Dynamic-Obstacles-8x8-v0,0
192512,961.946,-0.02,251.5,0.5337775945663452,-0.5088637292385101,-0.0159643511986359,1.2214116463837852e-05,0.012675966,0.090625,-9.228574752807615,0.00025,dynamic-obstacles-8x8,MiniGrid-Dynamic-Obstacles-8x8-v0,0
193536,966.48,-0.02,251.5,0.4843026995658874,-0.5242164373397827,-0.013896199548617,1.3299760212248655e-05,0.009662672,0.076953125,-6.515422344207764,0.00025,dynamic-obstacles-8x8,MiniGrid-Dynamic-Obstacles-8x8-v0,0
194560,970.014,-0.02,251.5,0.4966984093189239,-0.5081344932317734,-0.0140227542258799,1.50579362298231e-05,0.015814945,0.1177734375,-15.493881225585938,0.00025,dynamic-obstacles-8x8,MiniGrid-Dynamic-Obstacles-8x8-v0,0
195584,974.476,-0.02,251.5,0.550003170967102,-0.5447185687720776,-0.0180769912665709,1.7849041682893585e-05,0.02351228,0.13271484375,-31.40554428100586,0.00025,dynamic-obstacles-8x8,MiniGrid-Dynamic-Obstacles-8x8-v0,0
196608,978.007,-0.02,251.5,0.5639949440956116,-0.5521581381559372,-0.0151154721854254,2.1492867904271407e-05,0.017806048,0.10517578125,-13.501265525817873,0.00025,dynamic-obstacles-8x8,MiniGrid-Dynamic-Obstacles-8x8-v0,0
197632,982.527,-0.02,251.5,0.5631980895996094,-0.5636220037937164,-0.0146179547533392,1.1505974794090434e-05,0.012127138,0.10234375,-10.794563293457031,0.00025,dynamic-obstacles-8x8,MiniGrid-Dynamic-Obstacles-8x8-v0,0
198656,986.045,-0.02,251.5,0.5569933652877808,-0.5619528293609619,-0.0158936218533199,1.391839343796164e-05,0.011717025,0.08466796875,-7.03227424621582,0.00025,dynamic-obstacles-8x8,MiniGrid-Dynamic-Obstacles-8x8-v0,0
199680,990.813,-0.02,251.5,0.5607264637947083,-0.5475001916289329,-0.0130100574926473,1.22664531090777e-05,0.008648216,0.084375,-20.53147315979004,0.00025,dynamic-obstacles-8x8,MiniGrid-Dynamic-Obstacles-8x8-v0,0
200704,1003.455,-0.02,251.5,0.566609263420105,-0.5553562358021736,-0.0178654758026823,1.3674482920578157e-05,0.016055599,0.1052734375,-23.26373863220215,0.00025,dynamic-obstacles-8x8,MiniGrid-Dynamic-Obstacles-8x8-v0,0
201728,1007.846,-0.02,251.5,0.5765720009803772,-0.5534284353256226,-0.0175483385683037,1.2540260240712086e-05,0.014754493,0.09775390625,-12.140165328979492,0.00025,dynamic-obstacles-8x8,MiniGrid-Dynamic-Obstacles-8x8-v0,0
202752,1011.596,-0.02,251.5,0.5583412051200867,-0.6038710981607437,-0.0175174606149084,1.2731835454360407e-05,0.013149958,0.1283203125,-22.32148551940918,0.00025,dynamic-obstacles-8x8,MiniGrid-Dynamic-Obstacles-8x8-v0,0
203776,1015.968,-0.02,251.5,0.5521945953369141,-0.5373824656009674,-0.0175223714613821,1.5354095285147196e-05,0.012351848,0.0875,-7.887887954711914,0.00025,dynamic-obstacles-8x8,MiniGrid-Dynamic-Obstacles-8x8-v0,0
204800,1019.523,-0.01,253.87,0.5381197333335876,-0.5297165498137474,-0.0180200451286509,1.3349595974432305e-05,0.014776827,0.08544921875,-14.412179946899414,0.00025,dynamic-obstacles-8x8,MiniGrid-Dynamic-Obstacles-8x8-v0,0
205824,1024.784,-0.01,253.87,0.4709028303623199,-0.5039903350174427,-0.019867736659944,1.33982611259853e-05,0.014724202,0.10771484375,-8.227283477783203,0.00025,dynamic-obstacles-8x8,MiniGrid-Dynamic-Obstacles-8x8-v0,0
206848,1028.567,-0.01,253.87,0.4468387365341186,-0.4557115711271763,-0.0168220701336395,1.6181051569219564e-05,0.012636783,0.1056640625,-8.397013664245605,0.00025,dynamic-obstacles-8x8,MiniGrid-Dynamic-Obstacles-8x8-v0,0
207872,1032.06,-0.01,253.87,0.4555276036262512,-0.4542412765324116,-0.0177098784013651,1.1337623323015578e-05,0.01508176,0.09853515625,-10.25778102874756,0.00025,dynamic-obstacles-8x8,MiniGrid-Dynamic-Obstacles-8x8-v0,0
208896,1036.581,-0.01,253.87,0.4491437971591949,-0.4679313004016876,-0.0192057231208309,9.078506059267964e-06,0.01734312,0.10390625,-23.99351501464844,0.00025,dynamic-obstacles-8x8,MiniGrid-Dynamic-Obstacles-8x8-v0,0
209920,1039.996,-0.01,253.87,0.4935633540153503,-0.461695684492588,-0.0193742369185201,1.0874823601625394e-05,0.014067024,0.0986328125,-23.53706169128418,0.00025,dynamic-obstacles-8x8,MiniGrid-Dynamic-Obstacles-8x8-v0,0
210944,1052.969,0.0,256.0,0.4543567597866058,-0.4701030239462852,-0.0171586471085902,1.939447120093973e-05,0.015368405,0.10361328125,-22.635276794433597,0.00025,dynamic-obstacles-8x8,MiniGrid-Dynamic-Obstacles-8x8-v0,0
211968,1057.227,0.0,256.0,0.4379571080207824,-0.4553150676190853,-0.0187928184051997,1.7014304808071758e-05,0.01717531,0.1123046875,-9.422837257385254,0.00025,dynamic-obstacles-8x8,MiniGrid-Dynamic-Obstacles-8x8-v0,0
212992,1060.762,0.0,256.0,0.4559783041477203,-0.4418985933065414,-0.0146868855692446,1.7271931915274764e-05,0.014790172,0.099609375,-22.471553802490234,0.00025,dynamic-obstacles-8x8,MiniGrid-Dynamic-Obstacles-8x8-v0,0
214016,1065.413,0.0,256.0,0.4680074751377105,-0.4565338723361492,-0.0133786876569502,1.1940329841308994e-05,0.008975918,0.0833984375,-10.801179885864258,0.00025,dynamic-obstacles-8x8,MiniGrid-Dynamic-Obstacles-8x8-v0,0
215040,1068.861,0.0,256.0,0.4740331470966339,-0.4775035589933395,-0.01303226435557,1.1621631551861356e-05,0.009782507,0.09609375,-9.53386116027832,0.00025,dynamic-obstacles-8x8,MiniGrid-Dynamic-Obstacles-8x8-v0,0
216064,1073.373,0.0,256.0,0.4205498099327087,-0.4446857593953609,-0.0142324283486232,1.0913018945757358e-05,0.016403586,0.11533203125,-9.24527645111084,0.00025,dynamic-obstacles-8x8,MiniGrid-Dynamic-Obstacles-8x8-v0,0
217088,1076.948,0.0,256.0,0.4222698211669922,-0.4248869314789772,-0.0144940167898312,9.71577794643963e-06,0.013579918,0.0771484375,-19.62750625610352,0.00025,dynamic-obstacles-8x8,MiniGrid-Dynamic-Obstacles-8x8-v0,0
218112,1081.611,0.0,256.0,0.4540533423423767,-0.4311665423214436,-0.0112547343946062,9.112755401474717e-06,0.010530646,0.089453125,-5.403875350952148,0.00025,dynamic-obstacles-8x8,MiniGrid-Dynamic-Obstacles-8x8-v0,0
219136,1086.146,0.0,256.0,0.4367567300796509,-0.4522316306829452,-0.0202956479042768,9.665180539286666e-06,0.01247587,0.08974609375,-13.99622917175293,0.00025,dynamic-obstacles-8x8,MiniGrid-Dynamic-Obstacles-8x8-v0,0
220160,1098.066,0.0,256.0,0.4082300364971161,-0.417748063057661,-0.0137090713018551,1.2939231828568154e-05,0.01297951,0.0931640625,-7.808076858520508,0.00025,dynamic-obstacles-8x8,MiniGrid-Dynamic-Obstacles-8x8-v0,0
221184,1102.791,0.0,256.0,0.4391939043998718,-0.4094555757939815,-0.0166939326096326,1.1309910087220488e-05,0.015333983,0.09375,-13.898015975952148,0.00025,dynamic-obstacles-8x8,MiniGrid-Dynamic-Obstacles-8x8-v0,0
222208,1106.583,0.0,256.0,0.4393916130065918,-0.4594631008803844,-0.0167807760182768,1.3546223181037933e-05,0.018864054,0.10341796875,-14.860721588134766,0.00025,dynamic-obstacles-8x8,MiniGrid-Dynamic-Obstacles-8x8-v0,0
223232,1111.383,0.0,256.0,0.45717254281044,-0.444384128600359,-0.0136970354011282,1.6574609321651224e-05,0.009245858,0.064453125,-12.689726829528809,0.00025,dynamic-obstacles-8x8,MiniGrid-Dynamic-Obstacles-8x8-v0,0
224256,1116.425,0.0,256.0,0.487436294555664,-0.4522773176431656,-0.0200560759287327,1.293326604354661e-05,0.016027946,0.13310546875,-18.472850799560547,0.00025,dynamic-obstacles-8x8,MiniGrid-Dynamic-Obstacles-8x8-v0,0
225280,1121.765,0.0,256.0,0.459276407957077,-0.491740620881319,-0.0130864145699888,1.2760007393808335e-05,0.0168648,0.1248046875,-12.858145713806152,0.00025,dynamic-obstacles-8x8,MiniGrid-Dynamic-Obstacles-8x8-v0,0
226304,1128.188,0.0,256.0,0.4463997781276703,-0.4623117633163929,-0.016225836565718,8.94203728876164e-06,0.011311136,0.096484375,-24.146564483642575,0.00025,dynamic-obstacles-8x8,MiniGrid-Dynamic-Obstacles-8x8-v0,0
227328,1133.953,0.0,256.0,0.4388032257556915,-0.4482639640569686,-0.0183244460495188,8.388007029225263e-06,0.01644184,0.13427734375,-21.35473251342773,0.00025,dynamic-obstacles-8x8,MiniGrid-Dynamic-Obstacles-8x8-v0,0
228352,1139.703,0.0,256.0,0.445460557937622,-0.4347576357424259,-0.0099749809072818,6.591341275452578e-06,0.016493537,0.1009765625,-21.785663604736328,0.00025,dynamic-obstacles-8x8,MiniGrid-Dynamic-Obstacles-8x8-v0,0
229376,1146.457,0.0,256.0,0.4692638516426086,-0.4543981693685054,-0.0173601677874103,6.150738681753865e-06,0.0141425915,0.11103515625,-14.69704818725586,0.00025,dynamic-obstacles-8x8,MiniGrid-Dynamic-Obstacles-8x8-v0,0
230400,1159.779,0.0,256.0,0.4550527930259704,-0.4673563785851001,-0.0212776727159507,8.652192809677217e-06,0.019275356,0.121484375,-23.04444122314453,0.00025,dynamic-obstacles-8x8,MiniGrid-Dynamic-Obstacles-8x8-v0,0
231424,1164.296,0.0,256.0,0.4114366173744201,-0.4378269888460636,-0.0165432383306324,8.816744798423316e-06,0.019279858,0.119921875,-20.90500259399414,0.00025,dynamic-obstacles-8x8,MiniGrid-Dynamic-Obstacles-8x8-v0,0
232448,1167.785,0.0,256.0,0.4167259037494659,-0.4231666922569275,-0.0126281536882743,7.72997700551059e-06,0.010404257,0.09560546875,-13.20254135131836,0.00025,dynamic-obstacles-8x8,MiniGrid-Dynamic-Obstacles-8x8-v0,0
233472,1172.72,0.0,256.0,0.4068062007427215,-0.4209375262260437,-0.0180008629569783,6.937767193448963e-06,0.016629692,0.1056640625,-11.396950721740724,0.00025,dynamic-obstacles-8x8,MiniGrid-Dynamic-Obstacles-8x8-v0,0
234496,1177.098,0.0,256.0,0.4362927675247192,-0.4003612130880356,-0.0161964488914236,6.483432673576317e-06,0.011184478,0.1056640625,-22.658361434936523,0.00025,dynamic-obstacles-8x8,MiniGrid-Dynamic-Obstacles-8x8-v0,0
235520,1181.541,0.0,256.0,0.4406260848045349,-0.4503463648259639,-0.0181774703669361,8.850328117659956e-06,0.014392468,0.11484375,-36.57535552978516,0.00025,dynamic-obstacles-8x8,MiniGrid-Dynamic-Obstacles-8x8-v0,0
236544,1185.016,0.0,256.0,0.3910495638847351,-0.4243881665170192,-0.0154518001130782,7.369598495188256e-06,0.0106105935,0.088671875,-33.60858917236328,0.00025,dynamic-obstacles-8x8,MiniGrid-Dynamic-Obstacles-8x8-v0,0
237568,1189.653,0.0,256.0,0.4347967207431793,-0.3929387681186199,-0.0138079467171337,8.200491799925658e-06,0.010935019,0.09296875,-16.85359001159668,0.00025,dynamic-obstacles-8x8,MiniGrid-Dynamic-Obstacles-8x8-v0,0
238592,1193.172,0.0,256.0,0.4379679560661316,-0.4276433013379573,-0.0169136788579635,7.713848822277214e-06,0.013913471,0.105078125,-8.029573440551758,0.00025,dynamic-obstacles-8x8,MiniGrid-Dynamic-Obstacles-8x8-v0,0
239616,1197.586,0.0,256.0,0.4317261576652527,-0.4406243167817593,-0.0174197375949006,6.622820501434035e-06,0.0099648405,0.08486328125,-11.658062934875488,0.00025,dynamic-obstacles-8x8,MiniGrid-Dynamic-Obstacles-8x8-v0,0
240640,1210.509,0.0,256.0,0.4303253889083862,-0.4390375435352325,-0.0160015569417737,5.898412246096995e-06,0.024993695,0.10439453125,-10.90470027923584,0.00025,dynamic-obstacles-8x8,MiniGrid-Dynamic-Obstacles-8x8-v0,0
241664,1215.109,0.0,256.0,0.4621261954307556,-0.4365585967898369,-0.0091145502054132,7.380686690794392e-06,0.010233033,0.09287109375,-11.347078323364258,0.00025,dynamic-obstacles-8x8,MiniGrid-Dynamic-Obstacles-8x8-v0,0
242688,1218.824,0.0,256.0,0.4656128287315368,-0.460861724615097,-0.0195876064011827,7.3748358886405185e-06,0.014746958,0.09970703125,-5.803144931793213,0.00025,dynamic-obstacles-8x8,MiniGrid-Dynamic-Obstacles-8x8-v0,0
243712,1223.355,0.0,256.0,0.452233076095581,-0.4599071457982063,-0.0167147846193984,5.916080647239142e-06,0.015514637,0.09306640625,-13.521013259887695,0.00025,dynamic-obstacles-8x8,MiniGrid-Dynamic-Obstacles-8x8-v0,0
244736,1226.878,0.0,256.0,0.4508344829082489,-0.4511541411280632,-0.0157651059795171,5.100915370803705e-06,0.009680643,0.0669921875,-17.518413543701172,0.00025,dynamic-obstacles-8x8,MiniGrid-Dynamic-Obstacles-8x8-v0,0
245760,1231.306,0.0,256.0,0.4472337365150451,-0.4478704616427421,-0.0167150749242864,5.493721914717753e-06,0.016864443,0.10576171875,-22.423341751098636,0.00025,dynamic-obstacles-8x8,MiniGrid-Dynamic-Obstacles-8x8-v0,0
246784,1236.099,0.0,256.0,0.451430082321167,-0.4424900971353054,-0.0165013624937273,7.46576926076159e-06,0.02082301,0.10380859375,-29.543926239013672,0.00025,dynamic-obstacles-8x8,MiniGrid-Dynamic-Obstacles-8x8-v0,0
247808,1239.64,0.0,256.0,0.4189441204071045,-0.4370105028152465,-0.0163440601987531,6.917382029314467e-06,0.015144393,0.0990234375,-13.596473693847656,0.00025,dynamic-obstacles-8x8,MiniGrid-Dynamic-Obstacles-8x8-v0,0
248832,1243.12,0.0,256.0,0.4019774198532104,-0.4220368176698684,-0.0206480585969984,7.999305182693206e-06,0.016948378,0.12275390625,-17.375463485717773,0.00025,dynamic-obstacles-8x8,MiniGrid-Dynamic-Obstacles-8x8-v0,0
249856,1247.55,0.0,256.0,0.3984951376914978,-0.3910965017974376,-0.0135025464231148,8.781385076872539e-06,0.013470784,0.10703125,-17.322237014770508,0.00025,dynamic-obstacles-8x8,MiniGrid-Dynamic-Obstacles-8x8-v0,0
250880,1259.035,0.0,256.0,0.3689086437225342,-0.3973001323640346,-0.0155233858968131,8.359640366961684e-06,0.013943644,0.11953125,-13.380117416381836,0.00025,dynamic-obstacles-8x8,MiniGrid-Dynamic-Obstacles-8x8-v0,0
251904,1264.323,0.0,256.0,0.4061989784240722,-0.3725511841475963,-0.0145765336230397,8.520950586898834e-06,0.027094536,0.12734375,-16.791400909423828,0.00025,dynamic-obstacles-8x8,MiniGrid-Dynamic-Obstacles-8x8-v0,0
252928,1268.15,0.0,256.0,0.4288724064826965,-0.4068403951823711,-0.0113126724609173,6.968230309212231e-06,0.021671182,0.11357421875,-30.627500534057617,0.00025,dynamic-obstacles-8x8,MiniGrid-Dynamic-Obstacles-8x8-v0,0
253952,1271.689,0.0,256.0,0.4353070855140686,-0.4231752470135689,-0.0094210241688415,7.391252142951998e-06,0.013264809,0.1529296875,-12.842358589172363,0.00025,dynamic-obstacles-8x8,MiniGrid-Dynamic-Obstacles-8x8-v0,0
254976,1276.255,0.0,256.0,0.3896283209323883,-0.4301208116114139,-0.0161150472820736,7.830594142888003e-06,0.027846457,0.134765625,-28.568361282348636,0.00025,dynamic-obstacles-8x8,MiniGrid-Dynamic-Obstacles-8x8-v0,0
256000,1279.776,0.0,256.0,0.3962318897247314,-0.3758530721068382,-0.0175877663888968,6.208415379660437e-06,0.020724535,0.09677734375,-16.034151077270508,0.00025,dynamic-obstacles-8x8,MiniGrid-Dynamic-Obstacles-8x8-v0,0
257024,1284.198,0.0,256.0,0.3790437877178192,-0.3944701120257378,-0.0164775545592419,6.323185493783967e-06,0.015047753,0.1255859375,-9.67229461669922,0.00025,dynamic-obstacles-8x8,MiniGrid-Dynamic-Obstacles-8x8-v0,0
258048,1287.828,0.0,256.0,0.35564786195755,-0.3824209846556187,-0.0174481614609248,5.1583891035988925e-06,0.01786651,0.10859375,-11.223393440246582,0.00025,dynamic-obstacles-8x8,MiniGrid-Dynamic-Obstacles-8x8-v0,0
259072,1293.039,0.0,256.0,0.352277934551239,-0.3538418233394623,-0.016229075519368,5.323463244621962e-06,0.010353772,0.0732421875,-11.63552474975586,0.00025,dynamic-obstacles-8x8,MiniGrid-Dynamic-Obstacles-8x8-v0,0
260096,1305.254,0.0,256.0,0.375210165977478,-0.3543245963752269,-0.0160400856751948,4.438419608732147e-06,0.016440574,0.11357421875,-34.073883056640625,0.00025,dynamic-obstacles-8x8,MiniGrid-Dynamic-Obstacles-8x8-v0,0
261120,1309.815,0.0,256.0,0.357751727104187,-0.376000439375639,-0.0194526191451586,5.003854153073917e-06,0.012759406,0.08974609375,-14.311199188232422,0.00025,dynamic-obstacles-8x8,MiniGrid-Dynamic-Obstacles-8x8-v0,0
262144,1313.534,0.0,256.0,0.3261098563671112,-0.3434564091265201,-0.0161060750717297,5.226817620496149e-06,0.011847489,0.11064453125,-13.424882888793944,0.00025,dynamic-obstacles-8x8,MiniGrid-Dynamic-Obstacles-8x8-v0,0
263168,1317.979,0.0,256.0,0.3309040069580078,-0.3225906178355217,-0.0182311607059091,4.737824144740443e-06,0.013719326,0.0916015625,-24.538318634033203,0.00025,dynamic-obstacles-8x8,MiniGrid-Dynamic-Obstacles-8x8-v0,0
264192,1321.516,0.0,256.0,0.3095012605190277,-0.3221302404999733,-0.0132456306484527,4.484970025941948e-06,0.0113118505,0.09150390625,-19.919893264770508,0.00025,dynamic-obstacles-8x8,MiniGrid-Dynamic-Obstacles-8x8-v0,0
265216,1326.777,0.0,256.0,0.3145343959331512,-0.3060124479234218,-0.006576081062667,5.175995886474993e-06,0.01945077,0.1302734375,-20.905141830444336,0.00025,dynamic-obstacles-8x8,MiniGrid-Dynamic-Obstacles-8x8-v0,0
266240,1331.221,0.0,256.0,0.2942306101322174,-0.307247045636177,-0.013126870553242,4.703999928779013e-06,0.0117902635,0.0921875,-25.631994247436523,0.00025,dynamic-obstacles-8x8,MiniGrid-Dynamic-Obstacles-8x8-v0,0
267264,1334.874,0.0,256.0,0.3203874826431274,-0.3043413579463959,-0.0091360730177257,5.15815769404071e-06,0.015548251,0.09560546875,-14.369040489196776,0.00025,dynamic-obstacles-8x8,MiniGrid-Dynamic-Obstacles-8x8-v0,0
268288,1339.18,0.0,256.0,0.333599179983139,-0.3238668859004974,-0.0086728784488514,4.577208972023072e-06,0.015187704,0.0986328125,-15.589412689208984,0.00025,dynamic-obstacles-8x8,MiniGrid-Dynamic-Obstacles-8x8-v0,0
269312,1342.798,0.0,256.0,0.3401288092136383,-0.3304693967103958,-0.0134445485775358,3.870829226571005e-06,0.017818004,0.08701171875,-22.29141998291016,0.00025,dynamic-obstacles-8x8,MiniGrid-Dynamic-Obstacles-8x8-v0,0
270336,1356.457,0.0,256.0,0.3272009491920471,-0.334841500967741,-0.0135153734590858,4.144245400539148e-06,0.014459909,0.0892578125,-10.148449897766112,0.00025,dynamic-obstacles-8x8,MiniGrid-Dynamic-Obstacles-8x8-v0,0
271360,1360.496,0.0,256.0,0.3169094026088714,-0.3178920574486256,-0.0188097075559198,3.6856175086086295e-06,0.019916272,0.10927734375,-8.845796585083008,0.00025,dynamic-obstacles-8x8,MiniGrid-Dynamic-Obstacles-8x8-v0,0
272384,1364.078,0.0,256.0,0.3395160734653473,-0.3163278497755527,-0.0149877618998289,3.736892000461012e-06,0.014016726,0.10146484375,-34.59242248535156,0.00025,dynamic-obstacles-8x8,MiniGrid-Dynamic-Obstacles-8x8-v0,0
273408,1368.709,0.0,256.0,0.3316779136657715,-0.3482578359544277,-0.0146795284934341,4.051570374485891e-06,0.01976315,0.1150390625,-10.289849281311035,0.00025,dynamic-obstacles-8x8,MiniGrid-Dynamic-Obstacles-8x8-v0,0
274432,1372.293,0.0,256.0,0.3099719882011413,-0.3208085589110851,-0.0133775330730713,4.000120543423691e-06,0.009367017,0.0890625,-18.585695266723636,0.00025,dynamic-obstacles-8x8,MiniGrid-Dynamic-Obstacles-8x8-v0,0
275456,1376.87,0.0,256.0,0.3234889507293701,-0.306503041088581,-0.0151262822560966,4.376481996359871e-06,0.011592489,0.08056640625,-16.831167221069336,0.00025,dynamic-obstacles-8x8,MiniGrid-Dynamic-Obstacles-8x8-v0,0
276480,1380.342,0.0,256.0,0.3352064490318298,-0.3208704687654972,-0.014681064733304,3.7404202487323353e-06,0.012983231,0.088671875,-43.84313583374024,0.00025,dynamic-obstacles-8x8,MiniGrid-Dynamic-Obstacles-8x8-v0,0
277504,1385.534,0.0,256.0,0.3154032230377197,-0.3309807986021041,-0.0151330787455663,3.978574818574998e-06,0.016787574,0.1177734375,-20.05739402770996,0.00025,dynamic-obstacles-8x8,MiniGrid-Dynamic-Obstacles-8x8-v0,0
278528,1389.368,0.0,256.0,0.332661360502243,-0.3180355675518512,-0.0214268195442855,4.215521170181092e-06,0.021362858,0.11083984375,-4.894680500030518,0.00025,dynamic-obstacles-8x8,MiniGrid-Dynamic-Obstacles-8x8-v0,0
279552,1392.965,0.0,256.0,0.3067690134048462,-0.3408816717565059,-0.0171519592986442,3.3462625481206485e-06,0.01211181,0.1146484375,-27.008399963378903,0.00025,dynamic-obstacles-8x8,MiniGrid-Dynamic-Obstacles-8x8-v0,0
280576,1405.338,0.0,256.0,0.3360145688056946,-0.3190952286124229,-0.0154465322731994,3.2730751399867584e-06,0.0124563575,0.0955078125,-7.573378562927246,0.00025,dynamic-obstacles-8x8,MiniGrid-Dynamic-Obstacles-8x8-v0,0
281600,1410.093,0.0,256.0,0.3334551751613617,-0.3310665763914585,-0.0191999915987253,3.4577400583657435e-06,0.015937436,0.1099609375,-24.993797302246094,0.00025,dynamic-obstacles-8x8,MiniGrid-Dynamic-Obstacles-8x8-v0,0
282624,1414.75,0.0,256.0,0.3093688488006592,-0.3277077287435531,-0.0176780110457912,3.738797079222422e-06,0.009348285,0.09833984375,-12.51783847808838,0.00025,dynamic-obstacles-8x8,MiniGrid-Dynamic-Obstacles-8x8-v0,0
283648,1418.728,0.0,256.0,0.2803987264633178,-0.2935975417494774,-0.0188545146025717,3.2519058777324973e-06,0.018844744,0.098828125,-25.44048500061035,0.00025,dynamic-obstacles-8x8,MiniGrid-Dynamic-Obstacles-8x8-v0,0
284672,1422.369,0.0,256.0,0.2682002186775207,-0.2762462686747312,-0.0122513964073732,3.2449915352117385e-06,0.008628194,0.07470703125,-15.408342361450195,0.00025,dynamic-obstacles-8x8,MiniGrid-Dynamic-Obstacles-8x8-v0,0
285696,1426.767,0.0,256.0,0.2649810314178467,-0.2733623132109642,-0.0100731912418268,3.2340281620690804e-06,0.020646634,0.08564453125,-7.281834602355957,0.00025,dynamic-obstacles-8x8,MiniGrid-Dynamic-Obstacles-8x8-v0,0
286720,1430.81,0.0,256.0,0.298422247171402,-0.2816461235284805,-0.0135414124408271,2.950049423589007e-06,0.009710674,0.08408203125,-18.229904174804688,0.00025,dynamic-obstacles-8x8,MiniGrid-Dynamic-Obstacles-8x8-v0,0
287744,1435.469,0.0,256.0,0.2991604208946228,-0.292766647785902,-0.0148338661529123,2.727850835526624e-06,0.014315483,0.10634765625,-12.4927396774292,0.00025,dynamic-obstacles-8x8,MiniGrid-Dynamic-Obstacles-8x8-v0,0
288768,1439.856,0.0,256.0,0.3118741810321808,-0.305965407192707,-0.0139711630763486,2.225456699989081e-06,0.010774517,0.092578125,-21.34825325012207,0.00025,dynamic-obstacles-8x8,MiniGrid-Dynamic-Obstacles-8x8-v0,0
289792,1446.783,0.0,256.0,0.2935527563095093,-0.3076221294701099,-0.0112049306742846,2.0687487733539454e-06,0.008897424,0.0865234375,-19.95487594604492,0.00025,dynamic-obstacles-8x8,MiniGrid-Dynamic-Obstacles-8x8-v0,0
290816,1460.381,0.0,256.0,0.3006307780742645,-0.2894782885909081,-0.0139176090247929,1.985011712690721e-06,0.012503629,0.07431640625,-18.078916549682617,0.00025,dynamic-obstacles-8x8,MiniGrid-Dynamic-Obstacles-8x8-v0,0
291840,1465.767,0.0,256.0,0.3083977997303009,-0.2994298718869686,-0.014632597612217,2.101522167663461e-06,0.01408837,0.06591796875,-31.009166717529297,0.00025,dynamic-obstacles-8x8,MiniGrid-Dynamic-Obstacles-8x8-v0,0
292864,1470.217,0.0,256.0,0.2894731760025024,-0.2963949009776115,-0.0130976951215416,2.2279191966845246e-06,0.016053803,0.09619140625,-16.057632446289062,0.00025,dynamic-obstacles-8x8,MiniGrid-Dynamic-Obstacles-8x8-v0,0
293888,1474.615,0.0,256.0,0.2917481064796448,-0.2857868328690529,-0.0130535311298444,1.8957866871005536e-06,0.014369487,0.0962890625,-23.858715057373047,0.00025,dynamic-obstacles-8x8,MiniGrid-Dynamic-Obstacles-8x8-v0,0
294912,1478.637,0.0,256.0,0.3031759262084961,-0.2983443111181259,-0.0125599225750193,2.259568438489623e-06,0.009612868,0.08408203125,-27.44268798828125,0.00025,dynamic-obstacles-8x8,MiniGrid-Dynamic-Obstacles-8x8-v0,0
295936,1482.186,0.0,256.0,0.314937025308609,-0.2971563935279846,-0.0130869595799595,2.3089941919351985e-06,0.011212781,0.0748046875,-19.699886322021484,0.00025,dynamic-obstacles-8x8,MiniGrid-Dynamic-Obstacles-8x8-v0,0
296960,1486.696,0.0,256.0,0.2958140671253204,-0.308740060031414,-0.0108546372677665,1.9220540565356712e-06,0.009683243,0.0810546875,-31.353492736816406,0.00025,dynamic-obstacles-8x8,MiniGrid-Dynamic-Obstacles-8x8-v0,0
297984,1490.2,0.0,256.0,0.2925289869308471,-0.2952292554080486,-0.0129056721692904,1.97692916970027e-06,0.011390035,0.08291015625,-18.35929679870605,0.00025,dynamic-obstacles-8x8,MiniGrid-Dynamic-Obstacles-8x8-v0,0
299008,1494.892,0.0,256.0,0.2644413709640503,-0.2706488575786352,-0.0072878608712926,2.4887131331752245e-06,0.02080703,0.101953125,-17.16614532470703,0.00025,dynamic-obstacles-8x8,MiniGrid-Dynamic-Obstacles-8x8-v0,0
300032,1507.389,0.0,256.0,0.3016925454139709,-0.2778265964239835,-0.0127183118951506,2.758086486664979e-06,0.012109649,0.06845703125,-42.00126647949219,0.00025,dynamic-obstacles-8x8,MiniGrid-Dynamic-Obstacles-8x8-v0,0
301056,1511.888,0.0,256.0,0.3014748692512512,-0.3023082688450813,-0.0159876175399404,2.9192113970566425e-06,0.013766682,0.083984375,-7.124998092651367,0.00025,dynamic-obstacles-8x8,MiniGrid-Dynamic-Obstacles-8x8-v0,0
302080,1515.465,0.0,256.0,0.3042027950286865,-0.3120050221681595,-0.0173456902615726,2.3133406472197747e-06,0.012160071,0.08818359375,-13.56691074371338,0.00025,dynamic-obstacles-8x8,MiniGrid-Dynamic-Obstacles-8x8-v0,0
303104,1519.891,0.0,256.0,0.2995256185531616,-0.2942433528602123,-0.0160513094626367,2.323552092775572e-06,0.013274878,0.09560546875,-24.56422615051269,0.00025,dynamic-obstacles-8x8,MiniGrid-Dynamic-Obstacles-8x8-v0,0
304128,1523.542,0.0,256.0,0.3216946721076965,-0.3060649149119854,-0.0195069422479718,2.5854647958567517e-06,0.016433328,0.1126953125,-29.81439208984375,0.00025,dynamic-obstacles-8x8,MiniGrid-Dynamic-Obstacles-8x8-v0,0
305152,1528.128,0.0,256.0,0.3299174308776855,-0.3357818372547626,-0.0137985414825379,1.829043480938708e-06,0.012255666,0.08916015625,-40.543243408203125,0.00025,dynamic-obstacles-8x8,MiniGrid-Dynamic-Obstacles-8x8-v0,0
306176,1531.693,0.0,256.0,0.3293178081512451,-0.3173949070274829,-0.0174482323927804,2.5390544323045107e-06,0.01705813,0.1025390625,-20.304777145385746,0.00025,dynamic-obstacles-8x8,MiniGrid-Dynamic-Obstacles-8x8-v0,0
307200,1536.447,0.0,256.0,0.3161552846431732,-0.3167369030416012,-0.0130095445725601,2.121955193956637e-06,0.024346694,0.1248046875,-20.5665225982666,0.00025,dynamic-obstacles-8x8,MiniGrid-Dynamic-Obstacles-8x8-v0,0
308224,1539.994,0.0,256.0,0.3423404097557068,-0.3292640954256057,-0.015211382578127,2.496220702141727e-06,0.01569842,0.08994140625,-6.75295877456665,0.00025,dynamic-obstacles-8x8,MiniGrid-Dynamic-Obstacles-8x8-v0,0
309248,1544.443,0.0,256.0,0.3424238264560699,-0.3359605766832828,-0.0154583091265521,2.1600324771497982e-06,0.012552238,0.1,-26.234590530395508,0.00025,dynamic-obstacles-8x8,MiniGrid-Dynamic-Obstacles-8x8-v0,0
310272,1555.621,0.0,256.0,0.327734112739563,-0.3295002616941929,-0.0151808219728991,2.088492172447332e-06,0.013762017,0.0787109375,-21.140504837036133,0.00025,dynamic-obstacles-8x8,MiniGrid-Dynamic-Obstacles-8x8-v0,0
311296,1560.382,0.0,256.0,0.3287661373615265,-0.3404639631509781,-0.0178033348638564,2.772123991690023e-06,0.0140444925,0.0783203125,-37.8801155090332,0.00025,dynamic-obstacles-8x8,MiniGrid-Dynamic-Obstacles-8x8-v0,0
312320,1564.854,0.0,256.0,0.3090502023696899,-0.3177393041551113,-0.0150384766398929,2.8912575487538563e-06,0.016309913,0.083984375,-35.2794303894043,0.00025,dynamic-obstacles-8x8,MiniGrid-Dynamic-Obstacles-8x8-v0,0
313344,1568.649,0.0,256.0,0.3111804127693176,-0.30270711556077,-0.0099742328049615,3.1713678708911176e-06,0.011360209,0.07529296875,-8.930739402770996,0.00025,dynamic-obstacles-8x8,MiniGrid-Dynamic-Obstacles-8x8-v0,0
314368,1572.339,0.0,256.0,0.34331876039505,-0.3261702604591846,-0.0183608848252333,3.254985449530068e-06,0.014041018,0.09794921875,-18.931236267089844,0.00025,dynamic-obstacles-8x8,MiniGrid-Dynamic-Obstacles-8x8-v0,0
315392,1576.881,0.0,256.0,0.3570348918437958,-0.3515343211591243,-0.0179509267560206,3.563749902468771e-06,0.012391352,0.10615234375,-33.63200759887695,0.00025,dynamic-obstacles-8x8,MiniGrid-Dynamic-Obstacles-8x8-v0,0
316416,1580.401,0.0,256.0,0.3920712769031524,-0.3780457772314548,-0.018678564322181,2.5092075333077446e-06,0.015860815,0.10546875,-29.599613189697266,0.00025,dynamic-obstacles-8x8,MiniGrid-Dynamic-Obstacles-8x8-v0,0
317440,1584.931,0.0,256.0,0.3909066915512085,-0.3978319756686687,-0.0169565698713995,2.6807512256254998e-06,0.010618958,0.07421875,-36.042606353759766,0.00025,dynamic-obstacles-8x8,MiniGrid-Dynamic-Obstacles-8x8-v0,0
318464,1588.604,-0.01,253.52,0.398008793592453,-0.392098419368267,-0.0155504185589961,2.67802768121328e-06,0.017838176,0.09892578125,-26.560009002685547,0.00025,dynamic-obstacles-8x8,MiniGrid-Dynamic-Obstacles-8x8-v0,0
319488,1594.034,-0.01,253.52,0.4170743823051452,-0.3935093648731708,-0.0059055589488707,0.0051941704738851,0.009575801,0.07314453125,0.0014418959617614,0.00025,dynamic-obstacles-8x8,MiniGrid-Dynamic-Obstacles-8x8-v0,0
320512,1606.069,-0.01,253.52,0.3887680768966675,-0.3853221260011196,-0.0164796762401238,0.0001212727321217,0.017585192,0.11318359375,-15.78709602355957,0.00025,dynamic-obstacles-8x8,MiniGrid-Dynamic-Obstacles-8x8-v0,0
321536,1610.554,-0.01,253.52,0.3992604911327362,-0.375754302740097,-0.0113178974250331,5.631266594718909e-05,0.008985579,0.099609375,-19.777624130249023,0.00025,dynamic-obstacles-8x8,MiniGrid-Dynamic-Obstacles-8x8-v0,0
322560,1614.015,-0.01,253.52,0.3866034150123596,-0.3982406005263328,-0.0188062285771593,3.374088123564434e-05,0.014663318,0.1099609375,-11.824460983276367,0.00025,dynamic-obstacles-8x8,MiniGrid-Dynamic-Obstacles-8x8-v0,0
323584,1618.578,-0.01,253.52,0.3895710110664367,-0.3823577344417572,-0.0131879230495542,2.257860016925406e-05,0.014901023,0.11142578125,-17.192903518676758,0.00025,dynamic-obstacles-8x8,MiniGrid-Dynamic-Obstacles-8x8-v0,0
324608,1622.299,-0.01,253.52,0.3669344782829284,-0.387103433907032,-0.0167395485099405,1.291395849420951e-05,0.01172711,0.0861328125,-13.536458015441896,0.00025,dynamic-obstacles-8x8,MiniGrid-Dynamic-Obstacles-8x8-v0,0
325632,1626.585,-0.01,253.52,0.3955583572387695,-0.3688670486211777,-0.0120260619849432,1.2535070118246947e-05,0.01107821,0.088671875,-7.904550552368164,0.00025,dynamic-obstacles-8x8,MiniGrid-Dynamic-Obstacles-8x8-v0,0
326656,1630.257,-0.01,253.52,0.3674725294113159,-0.3745367400348186,-0.0151008744258433,1.1502518395900551e-05,0.020670425,0.117578125,-7.120388031005859,0.00025,dynamic-obstacles-8x8,MiniGrid-Dynamic-Obstacles-8x8-v0,0
327680,1634.704,-0.01,253.52,0.3450658023357391,-0.3619542472064495,-0.0157700125651899,7.215609946342738e-06,0.013257442,0.097265625,-16.31217384338379,0.00025,dynamic-obstacles-8x8,MiniGrid-Dynamic-Obstacles-8x8-v0,0
328704,1638.442,-0.01,253.52,0.3599754571914673,-0.3349162176251411,-0.0137092167686205,6.360609336297784e-06,0.016682096,0.10830078125,-16.144832611083984,0.00025,dynamic-obstacles-8x8,MiniGrid-Dynamic-Obstacles-8x8-v0,0
329728,1642.923,-0.01,253.52,0.3577341139316559,-0.3547733224928379,-0.0176574296609032,6.63261033650997e-06,0.0105054155,0.08583984375,-24.50693130493164,0.00025,dynamic-obstacles-8x8,MiniGrid-Dynamic-Obstacles-8x8-v0,0
330752,1655.853,-0.01,253.52,0.3743374347686767,-0.3640955120325088,-0.0171056933584623,6.66191072014044e-06,0.01745702,0.11005859375,-14.135417938232422,0.00025,dynamic-obstacles-8x8,MiniGrid-Dynamic-Obstacles-8x8-v0,0
331776,1659.533,-0.01,253.52,0.3559384942054748,-0.3556790128350258,-0.016443563089706,5.9244256249257886e-06,0.018196618,0.13740234375,-11.2954740524292,0.00025,dynamic-obstacles-8x8,MiniGrid-Dynamic-Obstacles-8x8-v0,0
332800,1663.251,-0.01,253.52,0.3588402271270752,-0.3623217947781086,-0.009314040816389,5.695037589248386e-06,0.009960579,0.12626953125,-15.37367057800293,0.00025,dynamic-obstacles-8x8,MiniGrid-Dynamic-Obstacles-8x8-v0,0
333824,1667.676,-0.01,253.52,0.344866544008255,-0.3640254504978656,-0.0174128186772577,4.913733215516914e-06,0.01777555,0.11298828125,-13.83043384552002,0.00025,dynamic-obstacles-8x8,MiniGrid-Dynamic-Obstacles-8x8-v0,0
334848,1671.223,-0.01,253.52,0.3479620814323425,-0.3474660150706768,-0.0148277792846784,3.706134026515429e-06,0.018096268,0.0912109375,-6.469610691070557,0.00025,dynamic-obstacles-8x8,MiniGrid-Dynamic-Obstacles-8x8-v0,0
335872,1675.81,-0.01,253.52,0.4074360728263855,-0.3521369680762291,-0.0145236183539964,4.135401536586869e-06,0.013824779,0.076953125,-10.892337799072266,0.00025,dynamic-obstacles-8x8,MiniGrid-Dynamic-Obstacles-8x8-v0,0
336896,1679.338,-0.01,253.52,0.3441462516784668,-0.4042437635362148,-0.0191492063517216,3.520040723969941e-06,0.011013204,0.0984375,-21.508712768554688,0.00025,dynamic-obstacles-8x8,MiniGrid-Dynamic-Obstacles-8x8-v0,0
337920,1684.889,-0.01,253.52,0.2785416841506958,-0.3171088106930256,-0.013620092900237,4.019229760388044e-06,0.025698913,0.0962890625,-20.952978134155277,0.00025,dynamic-obstacles-8x8,MiniGrid-Dynamic-Obstacles-8x8-v0,0
338944,1689.112,-0.01,253.52,0.3333888351917267,-0.2942070975899696,-0.0116251286002807,5.693278762919363e-06,0.009436924,0.0689453125,-13.870599746704102,0.00025,dynamic-obstacles-8x8,MiniGrid-Dynamic-Obstacles-8x8-v0,0
339968,1692.879,-0.01,253.52,0.2943512797355652,-0.3365458510816097,-0.0112329633615445,5.21012162266743e-06,0.01918798,0.09091796875,-27.23752212524414,0.00025,dynamic-obstacles-8x8,MiniGrid-Dynamic-Obstacles-8x8-v0,0
340992,1705.142,-0.01,253.52,0.3569134771823883,-0.3137879870831966,-0.0151468057651072,3.970307278677865e-06,0.022311892,0.0869140625,-16.125232696533203,0.00025,dynamic-obstacles-8x8,MiniGrid-Dynamic-Obstacles-8x8-v0,0
342016,1709.904,-0.01,253.52,0.4325270056724548,-0.3805859364569187,-0.0181081224116496,3.5017028380934788e-06,0.03073669,0.0837890625,-20.34747314453125,0.00025,dynamic-obstacles-8x8,MiniGrid-Dynamic-Obstacles-8x8-v0,0
343040,1714.331,-0.01,253.52,0.4450638592243194,-0.4212463170289993,-0.0169914993690326,5.2979514521211964e-06,0.017650489,0.12607421875,-12.50262451171875,0.00025,dynamic-obstacles-8x8,MiniGrid-Dynamic-Obstacles-8x8-v0,0
344064,1718.257,0.0,256.0,0.406280368566513,-0.4353419847786426,-0.0167540821246802,4.59852963672347e-06,0.01450036,0.1140625,-9.1112060546875,0.00025,dynamic-obstacles-8x8,MiniGrid-Dynamic-Obstacles-8x8-v0,0
345088,1721.875,0.0,256.0,0.4260916113853454,-0.3980938374996185,-0.0148117784236092,4.926999042709212e-06,0.018227415,0.09736328125,-8.158349990844727,0.00025,dynamic-obstacles-8x8,MiniGrid-Dynamic-Obstacles-8x8-v0,0
346112,1726.289,0.0,256.0,0.410307377576828,-0.4176877416670322,-0.0128888347768224,4.074924061114871e-06,0.010593864,0.1130859375,-21.146833419799805,0.00025,dynamic-obstacles-8x8,MiniGrid-Dynamic-Obstacles-8x8-v0,0
347136,1729.949,0.0,256.0,0.4164868891239166,-0.4102106720209121,-0.0140986776561476,4.540140236031221e-06,0.013723646,0.11650390625,-21.55370712280273,0.00025,dynamic-obstacles-8x8,MiniGrid-Dynamic-Obstacles-8x8-v0,0
348160,1734.774,0.0,256.0,0.4104684591293335,-0.4049778304994106,-0.0139413615921512,3.7082102892327374e-06,0.014877083,0.1166015625,-6.209296226501465,0.00025,dynamic-obstacles-8x8,MiniGrid-Dynamic-Obstacles-8x8-v0,0
349184,1738.503,0.0,256.0,0.4157924056053161,-0.4039982743561268,-0.0151654435670934,2.780557440473785e-06,0.011974061,0.11220703125,-17.636980056762695,0.00025,dynamic-obstacles-8x8,MiniGrid-Dynamic-Obstacles-8x8-v0,0
350208,1752.036,0.0,256.0,0.364936351776123,-0.4007273718714714,-0.0154743586783297,2.9772197308375325e-06,0.01368653,0.0935546875,-15.155548095703123,0.00025,dynamic-obstacles-8x8,MiniGrid-Dynamic-Obstacles-8x8-v0,0
351232,1756.986,0.0,256.0,0.3723700642585754,-0.3546605713665485,-0.0088159214006736,3.098614484997597e-06,0.009802494,0.1076171875,-12.813878059387209,0.00025,dynamic-obstacles-8x8,MiniGrid-Dynamic-Obstacles-8x8-v0,0
352256,1761.024,0.0,256.0,0.3384001851081848,-0.3449696578085423,-0.0152820082614198,3.3631656663146715e-06,0.012994939,0.09072265625,-11.460593223571776,0.00025,dynamic-obstacles-8x8,MiniGrid-Dynamic-Obstacles-8x8-v0,0
353280,1766.541,0.0,256.0,0.37801194190979,-0.3647492676973343,-0.0163673139177262,4.384145563562925e-06,0.013323757,0.0841796875,-9.00057315826416,0.00025,dynamic-obstacles-8x8,MiniGrid-Dynamic-Obstacles-8x8-v0,0
354304,1772.04,0.0,256.0,0.3705161809921264,-0.3875902958214283,-0.0164185574278235,3.7456684253811535e-06,0.018302107,0.10185546875,-9.309698104858398,0.00025,dynamic-obstacles-8x8,MiniGrid-Dynamic-Obstacles-8x8-v0,0
355328,1777.441,0.0,256.0,0.3962404727935791,-0.3856418699026108,-0.0146720343967899,3.638056051613603e-06,0.020677704,0.13876953125,-9.743196487426758,0.00025,dynamic-obstacles-8x8,MiniGrid-Dynamic-Obstacles-8x8-v0,0
356352,1787.051,0.0,256.0,0.3985415697097778,-0.391716643422842,-0.0150299054104834,2.6974720412908937e-06,0.013948305,0.09501953125,-7.351469993591309,0.00025,dynamic-obstacles-8x8,MiniGrid-Dynamic-Obstacles-8x8-v0,0
357376,1794.442,0.0,256.0,0.3796375393867492,-0.4027347467839718,-0.0160635049047414,2.758407788405748e-06,0.01465015,0.10625,-16.81910514831543,0.00025,dynamic-obstacles-8x8,MiniGrid-Dynamic-Obstacles-8x8-v0,0
358400,1799.493,0.0,256.0,0.3570974171161651,-0.3691000148653984,-0.0157616042299196,2.58457236554932e-06,0.0110845845,0.09208984375,-38.7652702331543,0.00025,dynamic-obstacles-8x8,MiniGrid-Dynamic-Obstacles-8x8-v0,0
359424,1805.334,0.0,256.0,0.3356966376304626,-0.3536674566566944,-0.0177108210162259,2.6177232399504646e-06,0.010820213,0.08818359375,-14.049568176269531,0.00025,dynamic-obstacles-8x8,MiniGrid-Dynamic-Obstacles-8x8-v0,0
360448,1818.248,0.0,256.0,0.3397799730300903,-0.3440873757004737,-0.0203941836254671,2.8350911350116805e-06,0.022685723,0.1095703125,-13.53554630279541,0.00025,dynamic-obstacles-8x8,MiniGrid-Dynamic-Obstacles-8x8-v0,0
361472,1823.259,0.0,256.0,0.3353866934776306,-0.3380392543971539,-0.0142891625408083,2.964635422131323e-06,0.012832477,0.0927734375,-12.349482536315918,0.00025,dynamic-obstacles-8x8,MiniGrid-Dynamic-Obstacles-8x8-v0,0
362496,1827.006,0.0,256.0,0.3541037142276764,-0.337136997282505,-0.0127012653509154,2.755990851710521e-06,0.017846731,0.09375,-15.637273788452148,0.00025,dynamic-obstacles-8x8,MiniGrid-Dynamic-Obstacles-8x8-v0,0
363520,1835.916,0.0,256.0,0.3743288516998291,-0.347153989970684,-0.0092832203023135,3.5292138818476816e-06,0.016121704,0.13212890625,-25.61872291564941,0.00025,dynamic-obstacles-8x8,MiniGrid-Dynamic-Obstacles-8x8-v0,0
364544,1844.688,0.0,256.0,0.3551836311817169,-0.3825117453932762,-0.011507547966903,2.534051253633152e-06,0.010052811,0.090234375,-19.35430335998535,0.00025,dynamic-obstacles-8x8,MiniGrid-Dynamic-Obstacles-8x8-v0,0
365568,1849.401,0.0,256.0,0.3628948628902435,-0.3579202383756638,-0.0133161818841472,2.4254375944110506e-06,0.016886115,0.0880859375,-24.183513641357425,0.00025,dynamic-obstacles-8x8,MiniGrid-Dynamic-Obstacles-8x8-v0,0
366592,1854.493,0.0,256.0,0.3739633560180664,-0.3675465211272239,-0.016636161331553,2.085802984197471e-06,0.022816567,0.133203125,-21.799182891845703,0.00025,dynamic-obstacles-8x8,MiniGrid-Dynamic-Obstacles-8x8-v0,0
367616,1859.471,0.0,256.0,0.3746643364429474,-0.3745951898396015,-0.0159862216096371,1.9891405912630945e-06,0.010448197,0.0845703125,-8.0062894821167,0.00025,dynamic-obstacles-8x8,MiniGrid-Dynamic-Obstacles-8x8-v0,0
368640,1864.085,0.0,256.0,0.3943287134170532,-0.3678212150931358,-0.015684635634534,1.594797893744726e-06,0.010495687,0.09013671875,-26.466739654541016,0.00025,dynamic-obstacles-8x8,MiniGrid-Dynamic-Obstacles-8x8-v0,0
369664,1867.911,0.0,256.0,0.4145147204399109,-0.4139527976512909,-0.0190548560582101,1.7454983520792666e-06,0.016527615,0.11015625,-7.230802536010742,0.00025,dynamic-obstacles-8x8,MiniGrid-Dynamic-Obstacles-8x8-v0,0
370688,1880.712,0.0,256.0,0.3834399878978729,-0.3823032356798649,-0.0175655936589464,1.693274563763225e-06,0.01447787,0.111328125,-17.571020126342773,0.00025,dynamic-obstacles-8x8,MiniGrid-Dynamic-Obstacles-8x8-v0,0
371712,1885.304,0.0,256.0,0.3600527346134186,-0.3714084103703499,-0.0182227305398555,1.6692644237537025e-06,0.017743729,0.10576171875,-16.470462799072266,0.00025,dynamic-obstacles-8x8,MiniGrid-Dynamic-Obstacles-8x8-v0,0
372736,1889.126,0.0,256.0,0.3736323118209839,-0.3540516994893551,-0.0186473669600673,1.445020220103288e-06,0.016428005,0.09482421875,-16.505666732788086,0.00025,dynamic-obstacles-8x8,MiniGrid-Dynamic-Obstacles-8x8-v0,0
373760,1896.917,0.0,256.0,0.4014398753643036,-0.3620934553444385,-0.0180894635268487,1.5718902375283506e-06,0.015175907,0.09599609375,-27.443586349487305,0.00025,dynamic-obstacles-8x8,MiniGrid-Dynamic-Obstacles-8x8-v0,0
374784,1901.819,0.0,256.0,0.3749958574771881,-0.3979493334889412,-0.0195631926064379,1.4789643643098316e-06,0.013283908,0.11533203125,-24.14746856689453,0.00025,dynamic-obstacles-8x8,MiniGrid-Dynamic-Obstacles-8x8-v0,0
375808,1905.456,0.0,256.0,0.360162615776062,-0.383991252630949,-0.0220349526032805,1.6137444475816665e-06,0.016222129,0.10517578125,-23.32330322265625,0.00025,dynamic-obstacles-8x8,MiniGrid-Dynamic-Obstacles-8x8-v0,0
376832,1909.807,0.0,256.0,0.36256805062294,-0.3611358776688576,-0.0210530145734082,1.5368297965778763e-06,0.017132012,0.11708984375,-22.784996032714844,0.00025,dynamic-obstacles-8x8,MiniGrid-Dynamic-Obstacles-8x8-v0,0
377856,1913.313,0.0,256.0,0.351249098777771,-0.3538005702197552,-0.0111575605988036,1.785062030990048e-06,0.012389233,0.13408203125,-16.61796760559082,0.00025,dynamic-obstacles-8x8,MiniGrid-Dynamic-Obstacles-8x8-v0,0
378880,1917.813,0.0,256.0,0.3714346587657928,-0.3469668507575988,-0.0184468911145813,1.856848717807225e-06,0.013971956,0.10830078125,-26.297929763793945,0.00025,dynamic-obstacles-8x8,MiniGrid-Dynamic-Obstacles-8x8-v0,0
379904,1921.348,0.0,256.0,0.3703000545501709,-0.3825434952974319,-0.0276895034126937,2.123859124480987e-06,0.033068538,0.16982421875,-24.285017013549805,0.00025,dynamic-obstacles-8x8,MiniGrid-Dynamic-Obstacles-8x8-v0,0
380928,1934.465,0.0,256.0,0.3655052781105041,-0.3648755751550198,-0.0161114653281401,1.59046045098421e-06,0.01133875,0.11669921875,-45.981101989746094,0.00025,dynamic-obstacles-8x8,MiniGrid-Dynamic-Obstacles-8x8-v0,0
381952,1938.933,0.0,256.0,0.3739568591117859,-0.3652209267020225,-0.0144146369537338,1.3983507159309738e-06,0.010063113,0.12021484375,-13.482439994812012,0.00025,dynamic-obstacles-8x8,MiniGrid-Dynamic-Obstacles-8x8-v0,0
382976,1942.428,0.0,256.0,0.3651087582111358,-0.378401494026184,-0.0180552156642079,1.287879837263972e-06,0.017958963,0.11953125,-13.294596672058104,0.00025,dynamic-obstacles-8x8,MiniGrid-Dynamic-Obstacles-8x8-v0,0
384000,1946.86,0.0,256.0,0.3449090719223022,-0.3663916923105716,-0.0185545574291609,1.3439921389135634e-06,0.012901705,0.10478515625,-24.77372169494629,0.00025,dynamic-obstacles-8x8,MiniGrid-Dynamic-Obstacles-8x8-v0,0
385024,1950.464,0.0,256.0,0.3518182337284088,-0.3346513293683529,-0.0134678675793111,1.3155542148979291e-06,0.011718683,0.0990234375,-21.896499633789062,0.00025,dynamic-obstacles-8x8,MiniGrid-Dynamic-Obstacles-8x8-v0,0
386048,1956.103,0.0,256.0,0.3139171600341797,-0.3464057736098766,-0.0172907118685543,1.2077229968099345e-06,0.014549689,0.1220703125,-21.43339157104492,0.00025,dynamic-obstacles-8x8,MiniGrid-Dynamic-Obstacles-8x8-v0,0
387072,1960.818,0.0,256.0,0.3144401013851166,-0.310728108882904,-0.0151553305564448,1.374082754068695e-06,0.011903862,0.0857421875,-18.88974380493164,0.00025,dynamic-obstacles-8x8,MiniGrid-Dynamic-Obstacles-8x8-v0,0
388096,1964.567,0.0,256.0,0.3285219669342041,-0.3215122409164905,-0.0177465427201241,1.6637024941701384e-06,0.010856099,0.090234375,-15.818649291992188,0.00025,dynamic-obstacles-8x8,MiniGrid-Dynamic-Obstacles-8x8-v0,0
389120,1969.094,0.0,256.0,0.3583679795265198,-0.3380329184234142,-0.0194020610419102,1.5300856858857517e-06,0.02107547,0.12841796875,-28.888442993164062,0.00025,dynamic-obstacles-8x8,MiniGrid-Dynamic-Obstacles-8x8-v0,0
390144,1981.699,0.0,256.0,0.3514163196086883,-0.3496124602854252,-0.0196788812521845,1.6416659946116852e-06,0.012904467,0.09287109375,-26.36966133117676,0.00025,dynamic-obstacles-8x8,MiniGrid-Dynamic-Obstacles-8x8-v0,0
391168,1987.265,0.0,256.0,0.3794490098953247,-0.3671504855155945,-0.0175717757083475,1.624870472483053e-06,0.014752858,0.119140625,-18.37069129943848,0.00025,dynamic-obstacles-8x8,MiniGrid-Dynamic-Obstacles-8x8-v0,0
392192,1991.873,0.0,256.0,0.389852911233902,-0.3954146236181259,-0.0189950143801979,1.741561942480985e-06,0.020081703,0.123828125,-11.37363624572754,0.00025,dynamic-obstacles-8x8,MiniGrid-Dynamic-Obstacles-8x8-v0,0
393216,1995.675,0.0,256.0,0.3913683295249939,-0.393498520553112,-0.017762730945833,1.6748456459936278e-06,0.011275203,0.091796875,-30.40980339050293,0.00025,dynamic-obstacles-8x8,MiniGrid-Dynamic-Obstacles-8x8-v0,0
394240,2000.173,0.0,256.0,0.4096879065036773,-0.3900464929640293,-0.0207029786659404,2.163606791327766e-06,0.016430395,0.1302734375,-23.789493560791016,0.00025,dynamic-obstacles-8x8,MiniGrid-Dynamic-Obstacles-8x8-v0,0
395264,2003.822,0.0,256.0,0.4141334593296051,-0.4074651800096035,-0.0198362417169846,2.0715151009653708e-06,0.0128679015,0.10322265625,-8.86610221862793,0.00025,dynamic-obstacles-8x8,MiniGrid-Dynamic-Obstacles-8x8-v0,0
396288,2008.825,0.0,256.0,0.3915368914604187,-0.4051463067531585,-0.0161969306413084,1.5883533450278265e-06,0.010033233,0.09140625,-48.48660659790039,0.00025,dynamic-obstacles-8x8,MiniGrid-Dynamic-Obstacles-8x8-v0,0
397312,2014.371,0.0,256.0,0.3769795298576355,-0.3860289178788662,-0.0156039543449878,1.9534408920662828e-06,0.010613854,0.09951171875,-26.26738166809082,0.00025,dynamic-obstacles-8x8,MiniGrid-Dynamic-Obstacles-8x8-v0,0
398336,2018.389,0.0,256.0,0.3592174649238586,-0.3683889091014862,-0.0154689632588997,2.0343232790764888e-06,0.011303959,0.09208984375,-18.6776180267334,0.00025,dynamic-obstacles-8x8,MiniGrid-Dynamic-Obstacles-8x8-v0,0
399360,2021.939,0.0,256.0,0.3402925133705139,-0.3380215607583522,-0.019151600531768,1.823977996195936e-06,0.012925536,0.10625,-14.04770278930664,0.00025,dynamic-obstacles-8x8,MiniGrid-Dynamic-Obstacles-8x8-v0,0
400384,2034.711,0.0,256.0,0.3646430969238281,-0.3499395385384559,-0.0140360271325334,1.8653059498774383e-06,0.013647431,0.10341796875,-14.455147743225098,0.00025,dynamic-obstacles-8x8,MiniGrid-Dynamic-Obstacles-8x8-v0,0
401408,2039.601,0.0,256.0,0.3969032168388366,-0.3786944128572941,-0.0181211871793493,1.793959486917629e-06,0.015138343,0.1205078125,-16.77179718017578,0.00025,dynamic-obstacles-8x8,MiniGrid-Dynamic-Obstacles-8x8-v0,0
402432,2044.1,0.0,256.0,0.403659462928772,-0.4086035124957561,-0.0221734528429806,1.5904244236253365e-06,0.017237382,0.12333984375,-9.797955513000488,0.00025,dynamic-obstacles-8x8,MiniGrid-Dynamic-Obstacles-8x8-v0,0
403456,2048.005,0.0,256.0,0.3744250535964966,-0.3852489627897739,-0.0197572672273963,1.5167799773507796e-06,0.010846473,0.09384765625,-8.210447311401367,0.00025,dynamic-obstacles-8x8,MiniGrid-Dynamic-Obstacles-8x8-v0,0
404480,2051.605,0.0,256.0,0.4094657301902771,-0.3961138844490051,-0.0192770333145745,1.321754663763386e-06,0.01846214,0.11982421875,-12.504206657409668,0.00025,dynamic-obstacles-8x8,MiniGrid-Dynamic-Obstacles-8x8-v0,0
405504,2056.49,0.0,256.0,0.4229015409946441,-0.4309132240712642,-0.0221556912176311,1.5057822565722746e-06,0.021261873,0.14384765625,-14.420661926269531,0.00025,dynamic-obstacles-8x8,MiniGrid-Dynamic-Obstacles-8x8-v0,0
406528,2060.231,-0.01,255.74,0.4336874186992645,-0.4175282441079616,-0.0203456225921399,1.360394074367832e-06,0.014181338,0.127734375,-30.240013122558597,0.00025,dynamic-obstacles-8x8,MiniGrid-Dynamic-Obstacles-8x8-v0,0
407552,2064.758,-0.01,255.74,0.3907347023487091,-0.4123987592756748,-0.012688852683641,0.0082419870363082,0.013136613,0.1169921875,0.000670313835144,0.00025,dynamic-obstacles-8x8,MiniGrid-Dynamic-Obstacles-8x8-v0,0
408576,2068.347,-0.01,255.74,0.4221871197223663,-0.3934684641659259,-0.0128020306467078,0.0002193568762777,0.031478453,0.1794921875,-18.83262252807617,0.00025,dynamic-obstacles-8x8,MiniGrid-Dynamic-Obstacles-8x8-v0,0
409600,2073.269,-0.01,255.74,0.4328000545501709,-0.4138639815151691,-0.0175284378929063,2.099625855862541e-05,0.017332613,0.11953125,-20.280014038085938,0.00025,dynamic-obstacles-8x8,MiniGrid-Dynamic-Obstacles-8x8-v0,0
410624,2085.63,-0.01,255.74,0.4232159852981567,-0.4396035000681877,-0.0183573635702487,1.0663319062587107e-05,0.013208733,0.1234375,-8.5098237991333,0.00025,dynamic-obstacles-8x8,MiniGrid-Dynamic-Obstacles-8x8-v0,0
411648,2090.118,-0.01,255.74,0.4561222195625305,-0.4297026678919792,-0.01591871457058,7.174983682034508e-06,0.00981727,0.08779296875,-15.381515502929688,0.00025,dynamic-obstacles-8x8,MiniGrid-Dynamic-Obstacles-8x8-v0,0
412672,2093.712,-0.01,255.74,0.4578427076339721,-0.4728219605982303,-0.0167039906606078,5.12454460022127e-06,0.012633507,0.16181640625,-15.70350456237793,0.00025,dynamic-obstacles-8x8,MiniGrid-Dynamic-Obstacles-8x8-v0,0
413696,2098.271,-0.01,255.74,0.4475739002227783,-0.4505208618938923,-0.0200188065064139,4.840840801989543e-06,0.015859233,0.1373046875,-8.635923385620117,0.00025,dynamic-obstacles-8x8,MiniGrid-Dynamic-Obstacles-8x8-v0,0
414720,2101.8,-0.01,255.74,0.4283394813537597,-0.4344480112195015,-0.0184614867379423,4.188067561017306e-06,0.011497771,0.10986328125,-10.78485870361328,0.00025,dynamic-obstacles-8x8,MiniGrid-Dynamic-Obstacles-8x8-v0,0
415744,2106.291,-0.01,255.74,0.46511310338974,-0.4359178461134433,-0.0185541982296854,4.799058694970882e-06,0.020540189,0.14599609375,-8.023701667785645,0.00025,dynamic-obstacles-8x8,MiniGrid-Dynamic-Obstacles-8x8-v0,0
416768,2109.855,-0.01,255.74,0.4205595254898071,-0.4472208186984062,-0.0182644589454866,3.954039931386432e-06,0.013677348,0.1294921875,-23.25494384765625,0.00025,dynamic-obstacles-8x8,MiniGrid-Dynamic-Obstacles-8x8-v0,0
417792,2114.816,-0.01,255.74,0.3938277661800384,-0.4112533949315547,-0.0214353511168155,3.958712244411799e-06,0.018955505,0.12548828125,-14.24506950378418,0.00025,dynamic-obstacles-8x8,MiniGrid-Dynamic-Obstacles-8x8-v0,0
418816,2119.352,-0.01,255.74,0.3907087743282318,-0.3926737681031227,-0.0227269371505826,5.028628208947339e-06,0.020390622,0.13720703125,-8.419123649597168,0.00025,dynamic-obstacles-8x8,MiniGrid-Dynamic-Obstacles-8x8-v0,0
419840,2123.841,-0.01,255.74,0.3988838195800781,-0.3982197321951389,-0.0174815203761681,5.504810451384401e-06,0.017863117,0.138671875,-10.370378494262695,0.00025,dynamic-obstacles-8x8,MiniGrid-Dynamic-Obstacles-8x8-v0,0
420864,2136.667,-0.01,255.74,0.4043674170970917,-0.4181235253810882,-0.024298765452113,4.4099846888912e-06,0.015576756,0.1185546875,-12.393681526184082,0.00025,dynamic-obstacles-8x8,MiniGrid-Dynamic-Obstacles-8x8-v0,0
421888,2140.365,-0.01,255.74,0.4181059002876282,-0.40286231264472,-0.0194853696040809,3.6573774877979305e-06,0.013169963,0.09375,-17.99466323852539,0.00025,dynamic-obstacles-8x8,MiniGrid-Dynamic-Obstacles-8x8-v0,0
422912,2143.887,-0.02,253.39,0.3813601434230804,-0.4054073773324489,-0.0236546333413571,4.040634007651534e-06,0.020463023,0.11220703125,-13.32027816772461,0.00025,dynamic-obstacles-8x8,MiniGrid-Dynamic-Obstacles-8x8-v0,0
423936,2148.425,-0.02,253.39,0.3505700230598449,-0.3799699053168296,-0.0063582064583897,0.0076969972840743,0.008742325,0.10908203125,-0.0001317262649536,0.00025,dynamic-obstacles-8x8,MiniGrid-Dynamic-Obstacles-8x8-v0,0
424960,2152.036,-0.02,253.39,0.3689222633838653,-0.3577814601361752,-0.021946564654354,8.1079403480544e-05,0.015024957,0.10810546875,-16.54213523864746,0.00025,dynamic-obstacles-8x8,MiniGrid-Dynamic-Obstacles-8x8-v0,0
425984,2156.71,-0.02,253.39,0.4059847295284271,-0.3911699809134006,-0.0215413411846384,2.3485311521653782e-05,0.022008182,0.1275390625,-6.100457668304443,0.00025,dynamic-obstacles-8x8,MiniGrid-Dynamic-Obstacles-8x8-v0,0
427008,2161.582,-0.02,253.39,0.439045250415802,-0.4034537583589553,-0.0229029537877067,1.14007154365936e-05,0.020436017,0.16044921875,-7.625137329101562,0.00025,dynamic-obstacles-8x8,MiniGrid-Dynamic-Obstacles-8x8-v0,0
428032,2168.004,-0.02,253.39,0.4342780113220215,-0.442888119071722,-0.0242877100594341,7.490436132684408e-06,0.018393498,0.12578125,-7.026894569396973,0.00025,dynamic-obstacles-8x8,MiniGrid-Dynamic-Obstacles-8x8-v0,0
429056,2173.002,-0.03,251.77,0.4581895470619201,-0.4353481210768223,-0.0195503870607353,5.826953969290116e-06,0.016422817,0.1126953125,-5.675085544586182,0.00025,dynamic-obstacles-8x8,MiniGrid-Dynamic-Obstacles-8x8-v0,0
430080,2188.481,-0.03,251.77,0.4953044950962066,-0.4855995364487171,-0.0151478728163056,0.0079408351914025,0.024535084,0.13369140625,0.0030145049095153,0.00025,dynamic-obstacles-8x8,MiniGrid-Dynamic-Obstacles-8x8-v0,0
431104,2194.772,-0.04,249.73,0.4566155672073364,-0.4741609200835228,-0.0252674799266969,6.28726405921043e-05,0.025663055,0.1857421875,-18.208309173583984,0.00025,dynamic-obstacles-8x8,MiniGrid-Dynamic-Obstacles-8x8-v0,0
432128,2199.356,-0.03,249.99,0.4525679349899292,-0.4476358525454998,-0.0139620583388023,0.0078764719277387,0.016393237,0.1236328125,0.0001763701438903,0.00025,dynamic-obstacles-8x8,MiniGrid-Dynamic-Obstacles-8x8-v0,0
433152,2202.961,-0.03,249.99,0.4648556709289551,-0.4575437232851982,-0.0233459396637044,3.179181326231628e-05,0.013264419,0.12548828125,-12.23369598388672,0.00025,dynamic-obstacles-8x8,MiniGrid-Dynamic-Obstacles-8x8-v0,0
434176,2207.554,-0.03,249.99,0.4669099450111389,-0.4647568009793758,-0.0252747341524809,2.0088537144147268e-05,0.012899176,0.11728515625,-12.607297897338867,0.00025,dynamic-obstacles-8x8,MiniGrid-Dynamic-Obstacles-8x8-v0,0
435200,2211.311,-0.03,249.99,0.4775145351886749,-0.4701215952634811,-0.0282847821945324,1.7435990162084636e-05,0.018292695,0.13935546875,-13.09204387664795,0.00025,dynamic-obstacles-8x8,MiniGrid-Dynamic-Obstacles-8x8-v0,0
436224,2215.967,-0.03,249.99,0.4778737425804138,-0.4837529502809047,-0.0189348342188168,1.2809290319637512e-05,0.014743042,0.1263671875,-11.999346733093262,0.00025,dynamic-obstacles-8x8,MiniGrid-Dynamic-Obstacles-8x8-v0,0
437248,2219.667,-0.03,249.99,0.4675915241241455,-0.4723934642970562,-0.0252185425022616,1.1933269047403882e-05,0.014665988,0.13681640625,-12.428279876708984,0.00025,dynamic-obstacles-8x8,MiniGrid-Dynamic-Obstacles-8x8-v0,0
438272,2224.931,-0.03,249.99,0.4814011454582214,-0.4693194322288036,-0.0249413795303553,9.332559693575604e-06,0.014915561,0.1248046875,-12.43924331665039,0.00025,dynamic-obstacles-8x8,MiniGrid-Dynamic-Obstacles-8x8-v0,0
439296,2228.76,-0.03,249.99,0.4743795990943908,-0.477655091881752,-0.0251100336550734,8.293057123864856e-06,0.014602839,0.11904296875,-8.624640464782715,0.00025,dynamic-obstacles-8x8,MiniGrid-Dynamic-Obstacles-8x8-v0,0
440320,2242.637,-0.03,249.99,0.4499394595623016,-0.4685378178954124,-0.0224611638579517,7.682628802285762e-06,0.013547013,0.1322265625,-10.986982345581056,0.00025,dynamic-obstacles-8x8,MiniGrid-Dynamic-Obstacles-8x8-v0,0
441344,2247.26,-0.03,249.99,0.4243556261062622,-0.4523859687149524,-0.0239164057187736,1.080141403235757e-05,0.014964625,0.11044921875,-21.75645065307617,0.00025,dynamic-obstacles-8x8,MiniGrid-Dynamic-Obstacles-8x8-v0,0
442368,2250.977,-0.06,245.46,0.3937064707279205,-0.405804892629385,-0.0219354879343882,8.459353023226867e-06,0.01837131,0.13037109375,-23.74570655822754,0.00025,dynamic-obstacles-8x8,MiniGrid-Dynamic-Obstacles-8x8-v0,0
443392,2256.893,-0.06,245.46,0.3831676840782165,-0.3910607524216175,-0.0150164520833641,0.0228695019613951,0.011946488,0.09912109375,0.0003630518913269,0.00025,dynamic-obstacles-8x8,MiniGrid-Dynamic-Obstacles-8x8-v0,0
444416,2261.924,-0.07,244.17,0.410051941871643,-0.3920400731265545,-0.0179477167781442,0.000111680471673,0.01477735,0.12373046875,-17.6790771484375,0.00025,dynamic-obstacles-8x8,MiniGrid-Dynamic-Obstacles-8x8-v0,0
445440,2266.471,-0.07,244.17,0.4521613121032715,-0.4278876893222332,-0.0122534837806597,0.0077816132659791,0.0162884,0.1439453125,0.0071737170219421,0.00025,dynamic-obstacles-8x8,MiniGrid-Dynamic-Obstacles-8x8-v0,0
446464,2270.306,-0.07,244.17,0.4543198943138122,-0.4588531635701656,-0.0245484798913821,0.000144430409,0.017307477,0.15400390625,-16.62262725830078,0.00025,dynamic-obstacles-8x8,MiniGrid-Dynamic-Obstacles-8x8-v0,0
447488,2275.246,-0.07,244.2,0.4903478026390075,-0.451510252803564,-0.0183460440253838,4.341144590398471e-05,0.019114759,0.1263671875,-9.092568397521973,0.00025,dynamic-obstacles-8x8,MiniGrid-Dynamic-Obstacles-8x8-v0,0
448512,2278.886,-0.07,244.2,0.4700851738452911,-0.4853486701846122,-0.0125090944347903,0.0075406983800348,0.018050754,0.201171875,-0.0007359981536865,0.00025,dynamic-obstacles-8x8,MiniGrid-Dynamic-Obstacles-8x8-v0,0
449536,2284.156,-0.07,244.2,0.4878674745559692,-0.476832353323698,-0.0243080458603799,5.1113898643961873e-05,0.015503076,0.1087890625,-10.01343822479248,0.00025,dynamic-obstacles-8x8,MiniGrid-Dynamic-Obstacles-8x8-v0,0
450560,2296.369,-0.07,244.2,0.4776425063610077,-0.4851990476250648,-0.0240554554620757,2.210692307471618e-05,0.012784906,0.1314453125,-12.733935356140137,0.00025,dynamic-obstacles-8x8,MiniGrid-Dynamic-Obstacles-8x8-v0,0
451584,2300.938,-0.07,244.2,0.4858676791191101,-0.4707268975675106,-0.0243172863032668,1.4756043356101143e-05,0.011691691,0.11298828125,-10.176018714904783,0.00025,dynamic-obstacles-8x8,MiniGrid-Dynamic-Obstacles-8x8-v0,0
452608,2304.63,-0.07,244.2,0.479093074798584,-0.4737017437815666,-0.0254653593059629,1.2364228427941271e-05,0.015816152,0.1384765625,-2.8037235736846924,0.00025,dynamic-obstacles-8x8,MiniGrid-Dynamic-Obstacles-8x8-v0,0
453632,2309.389,-0.06,245.82,0.4679914116859436,-0.4735976450145244,-0.0273539621150121,1.0992185048053216e-05,0.018323086,0.14658203125,-13.883949279785156,0.00025,dynamic-obstacles-8x8,MiniGrid-Dynamic-Obstacles-8x8-v0,0
454656,2313.683,-0.06,245.82,0.4772305786609649,-0.4695588074624538,-0.0273038459708914,8.530306263310195e-06,0.015509879,0.1396484375,-12.398038864135742,0.00025,dynamic-obstacles-8x8,MiniGrid-Dynamic-Obstacles-8x8-v0,0
455680,2317.902,-0.06,245.82,0.479576826095581,-0.4678664773702621,-0.0262205213773995,9.93940568605467e-06,0.014776027,0.11630859375,-19.76672744750977,0.00025,dynamic-obstacles-8x8,MiniGrid-Dynamic-Obstacles-8x8-v0,0
456704,2321.702,-0.05,247.86,0.4600050449371338,-0.479463716596365,-0.0242806198773905,1.0222366427115048e-05,0.017615011,0.14326171875,-14.692922592163086,0.00025,dynamic-obstacles-8x8,MiniGrid-Dynamic-Obstacles-8x8-v0,0
457728,2326.24,-0.05,247.86,0.4507031440734863,-0.4507401436567306,-0.0208996753441169,9.881495134322905e-06,0.012821142,0.1126953125,-19.948299407958984,0.00025,dynamic-obstacles-8x8,MiniGrid-Dynamic-Obstacles-8x8-v0,0
458752,2329.998,-0.06,247.17,0.4565660953521728,-0.4432366415858269,-0.0228999636310618,9.127792736762784e-06,0.011724887,0.12060546875,-5.286975383758545,0.00025,dynamic-obstacles-8x8,MiniGrid-Dynamic-Obstacles-8x8-v0,0
459776,2334.627,-0.06,247.17,0.4335927069187164,-0.457215791940689,-0.0137230228399857,0.0081282867162371,0.015908785,0.1087890625,0.0003691911697387,0.00025,dynamic-obstacles-8x8,MiniGrid-Dynamic-Obstacles-8x8-v0,0
460800,2348.188,-0.06,247.17,0.4367980659008026,-0.4389841966331005,-0.0204089320875937,3.543915863701841e-05,0.011903811,0.09375,-6.064571380615234,0.00025,dynamic-obstacles-8x8,MiniGrid-Dynamic-Obstacles-8x8-v0,0
461824,2352.832,-0.06,247.17,0.4500224888324737,-0.4241115652024746,-0.0187324084807187,2.3594965296069855e-05,0.012990583,0.10234375,-8.221997261047363,0.00025,dynamic-obstacles-8x8,MiniGrid-Dynamic-Obstacles-8x8-v0,0
462848,2356.493,-0.06,247.17,0.4397823810577392,-0.4464752413332462,-0.021694137668237,1.7179066958306066e-05,0.018382361,0.1078125,-4.273464679718018,0.00025,dynamic-obstacles-8x8,MiniGrid-Dynamic-Obstacles-8x8-v0,0
463872,2361.001,-0.07,246.96,0.4364437758922577,-0.4359867632389068,-0.0180361411417834,1.2409199553076175e-05,0.012314898,0.1509765625,-13.994248390197754,0.00025,dynamic-obstacles-8x8,MiniGrid-Dynamic-Obstacles-8x8-v0,0
464896,2364.693,-0.07,246.96,0.4518428742885589,-0.4452177591621876,-0.0121245477464981,0.0080338851665146,0.022317937,0.16064453125,-0.0031672716140747,0.00025,dynamic-obstacles-8x8,MiniGrid-Dynamic-Obstacles-8x8-v0,0
465920,2369.373,-0.07,246.96,0.4634463787078857,-0.4437118336558342,-0.0197151426458731,3.932490990337101e-05,0.019320361,0.12392578125,-8.282541275024414,0.00025,dynamic-obstacles-8x8,MiniGrid-Dynamic-Obstacles-8x8-v0,0
466944,2373.732,-0.06,247.0,0.4163771867752075,-0.4588746808469295,-0.0255422763060778,1.8383552946943384e-05,0.013683669,0.1099609375,-17.503076553344727,0.00025,dynamic-obstacles-8x8,MiniGrid-Dynamic-Obstacles-8x8-v0,0
467968,2378.018,-0.05,249.04,0.4676572680473327,-0.4214945323765278,-0.0096056128269992,0.0060049043257095,0.012151393,0.1232421875,0.0036203861236572,0.00025,dynamic-obstacles-8x8,MiniGrid-Dynamic-Obstacles-8x8-v0,0
468992,2381.633,-0.04,250.33,0.463613212108612,-0.4766384698450565,-0.0251542685669846,8.104900944090332e-05,0.021757359,0.131640625,-5.96616792678833,0.00025,dynamic-obstacles-8x8,MiniGrid-Dynamic-Obstacles-8x8-v0,0
470016,2394.283,-0.05,249.3,0.4581387639045715,-0.4498763121664524,-0.0180083552026189,3.851114256576693e-05,0.018442292,0.19521484375,-9.623807907104492,0.00025,dynamic-obstacles-8x8,MiniGrid-Dynamic-Obstacles-8x8-v0,0
471040,2398.894,-0.05,249.3,0.447426438331604,-0.4596210017800331,-0.0150398251833394,0.0079815743607468,0.020418217,0.1240234375,-0.0080505609512329,0.00025,dynamic-obstacles-8x8,MiniGrid-Dynamic-Obstacles-8x8-v0,0
472064,2402.786,-0.04,251.62,0.4666841924190521,-0.4352277651429176,-0.0196002162643708,4.381360640763888e-05,0.017755326,0.16845703125,-9.065064430236816,0.00025,dynamic-obstacles-8x8,MiniGrid-Dynamic-Obstacles-8x8-v0,0
473088,2407.319,-0.05,251.11,0.4546006917953491,-0.4595755569636822,-0.0200997819076292,2.6518375898376688e-05,0.014228252,0.1267578125,-25.963897705078125,0.00025,dynamic-obstacles-8x8,MiniGrid-Dynamic-Obstacles-8x8-v0,0
474112,2411.197,-0.05,251.11,0.4507695436477661,-0.4509334206581116,-0.0148754112771712,0.0079226237256079,0.016108498,0.14755859375,-0.002873420715332,0.00025,dynamic-obstacles-8x8,MiniGrid-Dynamic-Obstacles-8x8-v0,0
475136,2416.436,-0.05,251.11,0.4594283998012543,-0.4449400141835212,-0.0240416102460585,4.135454450988618e-05,0.015924852,0.1330078125,-8.124107360839844,0.00025,dynamic-obstacles-8x8,MiniGrid-Dynamic-Obstacles-8x8-v0,0
476160,2420.984,-0.06,250.18,0.4834924042224884,-0.4597125269472599,-0.0256050921976566,2.5175428572765667e-05,0.014756158,0.15869140625,-4.916494369506836,0.00025,dynamic-obstacles-8x8,MiniGrid-Dynamic-Obstacles-8x8-v0,0
477184,2424.745,-0.06,250.18,0.4683111310005188,-0.4760590940713882,-0.0163286425988189,0.0077408986981026,0.011683044,0.12412109375,0.0053833127021789,0.00025,dynamic-obstacles-8x8,MiniGrid-Dynamic-Obstacles-8x8-v0,0
478208,2429.308,-0.06,250.18,0.4662574231624603,-0.4682395823299884,-0.0199751891195774,6.752843837602996e-05,0.016130788,0.130859375,-10.889081954956056,0.00025,dynamic-obstacles-8x8,MiniGrid-Dynamic-Obstacles-8x8-v0,0
479232,2433.497,-0.06,250.18,0.4831589460372925,-0.4621783949434757,-0.0224368315073661,2.8936844728377764e-05,0.016354103,0.11845703125,-2.793120861053467,0.00025,dynamic-obstacles-8x8,MiniGrid-Dynamic-Obstacles-8x8-v0,0
480256,2445.769,-0.06,250.18,0.4582249522209167,-0.4690888576209545,-0.0266000577423255,1.53678070546448e-05,0.015865654,0.1376953125,-3.832495212554932,0.00025,dynamic-obstacles-8x8,MiniGrid-Dynamic-Obstacles-8x8-v0,0
481280,2450.369,-0.06,250.18,0.4594564139842987,-0.4525811478495598,-0.0192407606635242,1.454494249628624e-05,0.0086817,0.1275390625,-6.781915664672852,0.00025,dynamic-obstacles-8x8,MiniGrid-Dynamic-Obstacles-8x8-v0,0
482304,2454.301,-0.06,250.18,0.4770407676696777,-0.4685974813997745,-0.028985566785559,1.2958146680830397e-05,0.018856492,0.15166015625,-13.143410682678224,0.00025,dynamic-obstacles-8x8,MiniGrid-Dynamic-Obstacles-8x8-v0,0
483328,2458.992,-0.05,250.87,0.4446092844009399,-0.4551609069108963,-0.0277156153693795,1.138847865149728e-05,0.018921452,0.13818359375,-6.66461181640625,0.00025,dynamic-obstacles-8x8,MiniGrid-Dynamic-Obstacles-8x8-v0,0
484352,2463.547,-0.05,250.87,0.4305102229118347,-0.4373655468225479,-0.0221434748964384,9.903158070301289e-06,0.014223494,0.141015625,-13.383278846740724,0.00025,dynamic-obstacles-8x8,MiniGrid-Dynamic-Obstacles-8x8-v0,0
485376,2467.722,-0.05,250.87,0.4243867993354797,-0.4201409794390202,-0.02374122668989,9.694006530480693e-06,0.021001276,0.11171875,-6.3430914878845215,0.00025,dynamic-obstacles-8x8,MiniGrid-Dynamic-Obstacles-8x8-v0,0
486400,2471.509,-0.05,250.87,0.4235475957393646,-0.4110406227409839,-0.0206245169742032,9.080309564524211e-06,0.017348662,0.13544921875,-18.602415084838867,0.00025,dynamic-obstacles-8x8,MiniGrid-Dynamic-Obstacles-8x8-v0,0
487424,2476.187,-0.05,250.87,0.4125685095787048,-0.4047671422362328,-0.0187962700496427,7.461375469119958e-06,0.017499818,0.15458984375,-5.708154678344727,0.00025,dynamic-obstacles-8x8,MiniGrid-Dynamic-Obstacles-8x8-v0,0
488448,2479.951,-0.05,250.87,0.4223540127277374,-0.4231599345803261,-0.0258583514019846,7.000965513270785e-06,0.017372021,0.13154296875,-14.643754005432127,0.00025,dynamic-obstacles-8x8,MiniGrid-Dynamic-Obstacles-8x8-v0,0
489472,2485.787,-0.04,251.08,0.3762328028678894,-0.3950383052229881,-0.0253607486374676,5.6310019431293766e-06,0.02081539,0.13857421875,-13.89838695526123,0.00025,dynamic-obstacles-8x8,MiniGrid-Dynamic-Obstacles-8x8-v0,0
490496,2500.507,-0.04,251.08,0.3838831186294555,-0.3699752978980541,-0.0243535711430013,6.123952414327505e-06,0.020003203,0.1236328125,-13.954427719116213,0.00025,dynamic-obstacles-8x8,MiniGrid-Dynamic-Obstacles-8x8-v0,0
491520,2505.109,-0.04,251.08,0.3726760447025299,-0.3717386804521084,-0.0166272187489084,6.837743205778679e-06,0.012762058,0.13115234375,-4.426145076751709,0.00025,dynamic-obstacles-8x8,MiniGrid-Dynamic-Obstacles-8x8-v0,0
492544,2508.737,-0.03,253.53,0.3936138451099396,-0.3768618859350681,-0.0162185854744166,6.214397956227913e-06,0.015178538,0.1220703125,-9.09714412689209,0.00025,dynamic-obstacles-8x8,MiniGrid-Dynamic-Obstacles-8x8-v0,0
493568,2513.374,-0.03,253.53,0.3653421401977539,-0.4035092428326606,-0.0177620006725192,7.5387202173260445e-06,0.015986105,0.1208984375,-11.72226619720459,0.00025,dynamic-obstacles-8x8,MiniGrid-Dynamic-Obstacles-8x8-v0,0
494592,2517.095,-0.03,253.53,0.3787224292755127,-0.366689170897007,-0.0222506686928682,7.108653210252669e-06,0.017297797,0.13798828125,-13.75551700592041,0.00025,dynamic-obstacles-8x8,MiniGrid-Dynamic-Obstacles-8x8-v0,0
495616,2521.886,-0.02,254.56,0.357329785823822,-0.3725140437483787,-0.0251980070024728,4.935128481520224e-06,0.017269641,0.11630859375,-21.14791679382324,0.00025,dynamic-obstacles-8x8,MiniGrid-Dynamic-Obstacles-8x8-v0,0
496640,2527.587,-0.02,254.56,0.3653822243213653,-0.3545016109943389,-0.0211405672132968,4.715842010227789e-06,0.0128966905,0.10009765625,-8.856172561645508,0.00025,dynamic-obstacles-8x8,MiniGrid-Dynamic-Obstacles-8x8-v0,0
497664,2532.473,-0.02,254.56,0.3843328654766083,-0.3745733298361301,-0.0216851591831073,4.446258571988437e-06,0.016227698,0.1220703125,-22.71059226989746,0.00025,dynamic-obstacles-8x8,MiniGrid-Dynamic-Obstacles-8x8-v0,0
498688,2536.142,-0.01,255.07,0.3999318182468414,-0.3857735000550747,-0.0223161297384649,5.007243760246638e-06,0.020069953,0.13623046875,-9.801005363464355,0.00025,dynamic-obstacles-8x8,MiniGrid-Dynamic-Obstacles-8x8-v0,0
499712,2540.92,-0.01,255.07,0.3953186273574829,-0.4112844087183475,-0.0212344058789312,5.88292260772505e-06,0.012216456,0.11142578125,-25.50729179382324,0.00025,dynamic-obstacles-8x8,MiniGrid-Dynamic-Obstacles-8x8-v0,0
500736,2554.006,-0.01,255.07,0.3979869484901428,-0.3896984338760376,-0.0226485907798633,5.6483328421563785e-06,0.01759402,0.1173828125,-15.794300079345703,0.00025,dynamic-obstacles-8x8,MiniGrid-Dynamic-Obstacles-8x8-v0,0
1024,3.836,-1.0,10.15,1.0986119508743286,,,,,,,,dynamic-obstacles-8x8,MiniGrid-Dynamic-Obstacles-8x8-v0,1
2048,8.927,-1.0,6.8,1.0968507528305054,-1.0982771277427674,-0.0036993845598772,0.1309707710519433,0.0014289422,0.0,0.0005021691322326,0.00025,dynamic-obstacles-8x8,MiniGrid-Dynamic-Obstacles-8x8-v0,1
3072,14.127,-0.98165234,11.21,1.076319456100464,-1.0823356688022614,-0.0202697690576314,0.0270098322536796,0.015408467,0.1603515625,0.0158576369285583,0.00025,dynamic-obstacles-8x8,MiniGrid-Dynamic-Obstacles-8x8-v0,1
4096,19.422,-1.0,15.67,1.0367212295532229,-1.0501980096101762,-0.0083944350568344,0.0351691035088151,0.011252507,0.1017578125,-0.0332309007644653,0.00025,dynamic-obstacles-8x8,MiniGrid-Dynamic-Obstacles-8x8-v0,1
5120,26.004,-1.0,20.48,0.9794632196426392,-0.9875188663601876,-0.0151330851367674,0.0092920863768085,0.008900961,0.09921875,0.0180836915969848,0.00025,dynamic-obstacles-8x8,MiniGrid-Dynamic-Obstacles-8x8-v0,1
6144,30.961,-1.0,25.18,0.9130843281745912,-0.9230130642652512,-0.016631907899864,0.01115022522863,0.016591836,0.09736328125,0.0668544173240661,0.00025,dynamic-obstacles-8x8,MiniGrid-Dynamic-Obstacles-8x8-v0,1
7168,35.252,-0.99,34.32,0.8686405420303345,-0.8685881540179252,-0.0111052291118539,0.0116514623630791,0.010223525,0.05380859375,0.0602678656578063,0.00025,dynamic-obstacles-8x8,MiniGrid-Dynamic-Obstacles-8x8-v0,1
8192,39.209,-0.97,42.81,0.8673791885375977,-0.8484556391835213,-0.0103758275159634,0.0108131249900907,0.0059936084,0.045703125,0.0362871885299682,0.00025,dynamic-obstacles-8x8,MiniGrid-Dynamic-Obstacles-8x8-v0,1
9216,42.322,-0.96,49.54,0.792294979095459,-0.8022474467754364,-0.0088427870301529,0.0070247748750261,0.012344326,0.09462890625,-0.1848406791687011,0.00025,dynamic-obstacles-8x8,MiniGrid-Dynamic-Obstacles-8x8-v0,1
10240,54.886,-0.94,59.24,0.7374195456504822,-0.7370581373572349,-0.0072287172195501,0.0124648957978934,0.0037791235,0.04736328125,0.0254046320915222,0.00025,dynamic-obstacles-8x8,MiniGrid-Dynamic-Obstacles-8x8-v0,1
11264,58.005,-0.93,65.24,0.770074725151062,-0.7404991805553436,-0.0058017014176584,0.0182786120101809,0.0030155953,0.04150390625,-0.098746657371521,0.00025,dynamic-obstacles-8x8,MiniGrid-Dynamic-Obstacles-8x8-v0,1
12288,61.171,-0.9,75.38,0.7359883189201355,-0.7423666223883629,-0.0098408702644519,0.0145766630303114,0.006360253,0.03525390625,0.0641831159591674,0.00025,dynamic-obstacles-8x8,MiniGrid-Dynamic-Obstacles-8x8-v0,1
13312,65.344,-0.87,84.72,0.7848576903343201,-0.7307768747210502,-0.0067518521216697,0.0065969549235887,0.006554208,0.0328125,-0.2215281724929809,0.00025,dynamic-obstacles-8x8,MiniGrid-Dynamic-Obstacles-8x8-v0,1
14336,68.636,-0.84,94.17,0.8041929006576538,-0.8015811488032341,-0.0065895041509065,0.0047393152955919,0.0047253566,0.0376953125,-0.0392748117446899,0.00025,dynamic-obstacles-8x8,MiniGrid-Dynamic-Obstacles-8x8-v0,1
15360,72.821,-0.81,101.82,0.7447379231452942,-0.7847410500049591,-0.0078110962873324,0.0072313106793444,0.011462396,0.09833984375,-0.0124721527099609,0.00025,dynamic-obstacles-8x8,MiniGrid-Dynamic-Obstacles-8x8-v0,1
16384,75.909,-0.77,111.47,0.70924973487854,-0.7065593734383583,-0.0015987385530024,0.0080714049341622,0.008346267,0.04228515625,0.0602295994758605,0.00025,dynamic-obstacles-8x8,MiniGrid-Dynamic-Obstacles-8x8-v0,1
17408,79.969,-0.74,121.29,0.7229263782501221,-0.7211463630199433,-0.0033977692597545,0.006591309356736,0.002093608,0.0240234375,-0.0138185024261474,0.00025,dynamic-obstacles-8x8,MiniGrid-Dynamic-Obstacles-8x8-v0,1
18432,84.29,-0.7,130.44,0.6774505376815796,-0.6776849895715713,-0.0052372851059772,0.0102742453222163,0.0036619497,0.05908203125,-0.0371906757354736,0.00025,dynamic-obstacles-8x8,MiniGrid-Dynamic-Obstacles-8x8-v0,1
19456,87.727,-0.67,135.79,0.6815952062606812,-0.6963080570101738,-0.0052786588901653,0.005588061036542,0.005278499,0.056640625,0.0058737397193908,0.00025,dynamic-obstacles-8x8,MiniGrid-Dynamic-Obstacles-8x8-v0,1
20480,99.634,-0.63,145.21,0.7182480096817017,-0.6688786819577217,-0.0066178825101815,0.0178181332768872,0.006186304,0.04423828125,0.0403218269348144,0.00025,dynamic-obstacles-8x8,MiniGrid-Dynamic-Obstacles-8x8-v0,1
21504,104.753,-0.59,151.19,0.6316162943840027,-0.6776508048176766,-0.0024933020235039,0.013720813486725,0.0025442773,0.09599609375,0.0951243638992309,0.00025,dynamic-obstacles-8x8,MiniGrid-Dynamic-Obstacles-8x8-v0,1
22528,112.484,-0.56,159.11,0.6463153958320618,-0.59829633384943,-0.0057240218797232,0.0015698244227678,0.0040326775,0.0677734375,-2.515523195266724,0.00025,dynamic-obstacles-8x8,MiniGrid-Dynamic-Obstacles-8x8-v0,1
23552,119.076,-0.53,163.34,0.6200689077377319,-0.6543273448944091,-0.0032397979754023,0.0066657732473686,0.006232699,0.0279296875,-0.0870330333709716,0.00025,dynamic-obstacles-8x8,MiniGrid-Dynamic-Obstacles-8x8-v0,1
24576,126.604,-0.52,164.82,0.6819489598274231,-0.6605306804180145,-0.0024636879970785,0.0059244554606266,0.0037300466,0.072265625,0.0630569458007812,0.00025,dynamic-obstacles-8x8,MiniGrid-Dynamic-Obstacles-8x8-v0,1
25600,133.935,-0.49,168.65,0.6666467785835266,-0.654750506579876,-0.0038602329208515,0.0127102399943396,0.0033108876,0.067578125,-0.021905779838562,0.00025,dynamic-obstacles-8x8,MiniGrid-Dynamic-Obstacles-8x8-v0,1
26624,142.179,-0.46,174.49,0.7318375706672668,-0.6837326854467392,-0.0058077370864339,0.0174260585568845,0.008953227,0.05810546875,0.0227065086364746,0.00025,dynamic-obstacles-8x8,MiniGrid-Dynamic-Obstacles-8x8-v0,1
27648,148.297,-0.43,179.96,0.7721843719482422,-0.7780623257160186,-0.0131205770303495,0.0003324543577036,0.012695816,0.14775390625,-1.769390106201172,0.00025,dynamic-obstacles-8x8,MiniGrid-Dynamic-Obstacles-8x8-v0,1
28672,152.158,-0.4,186.9,0.7585086822509766,-0.7376715391874313,-0.0082649318850599,0.0100773511629085,0.004509331,0.0853515625,0.0776190757751464,0.00025,dynamic-obstacles-8x8,MiniGrid-Dynamic-Obstacles-8x8-v0,1
29696,155.12,-0.37,192.43,0.8195946216583252,-0.7489815071225167,-0.0031893500126898,0.013113758387044,0.009293219,0.04111328125,-0.0440316200256347,0.00025,dynamic-obstacles-8x8,MiniGrid-Dynamic-Obstacles-8x8-v0,1
30720,174.542,-0.35,196.51,0.7558358907699585,-0.7903567716479302,-0.0124397019913885,0.0001777744666469,0.016524278,0.13583984375,-4.207883834838867,0.00025,dynamic-obstacles-8x8,MiniGrid-Dynamic-Obstacles-8x8-v0,1
31744,179.968,-0.33,199.44,0.7762396931648254,-0.7184669598937035,-0.006207140861079,0.0057608833187259,0.011302965,0.15537109375,0.0823865532875061,0.00025,dynamic-obstacles-8x8,MiniGrid-Dynamic-Obstacles-8x8-v0,1
32768,186.827,-0.32,199.29,0.7356979250907898,-0.749594458937645,-0.0047846701694652,0.0175856932066381,0.016991511,0.129296875,0.0774168372154235,0.00025,dynamic-obstacles-8x8,MiniGrid-Dynamic-Obstacles-8x8-v0,1
33792,191.689,-0.33,198.29,0.787266194820404,-0.7347518682479859,0.0056939600268378,0.0072800676047336,0.027122367,0.27958984375,-0.0837810039520263,0.00025,dynamic-obstacles-8x8,MiniGrid-Dynamic-Obstacles-8x8-v0,1
34816,195.428,-0.32,198.8,0.7385812997817993,-0.7242563024163247,-0.0040689325134735,0.0064635596922016,0.013318796,0.154296875,0.0317338109016418,0.00025,dynamic-obstacles-8x8,MiniGrid-Dynamic-Obstacles-8x8-v0,1
35840,199.862,-0.31,200.95,0.7635034918785095,-0.7590076833963394,-0.0059883487178012,0.0108248569187708,0.012730478,0.10751953125,0.0236697196960449,0.00025,dynamic-obstacles-8x8,MiniGrid-Dynamic-Obstacles-8x8-v0,1
36864,203.365,-0.3,204.28,0.8272864818572998,-0.7707392156124115,-0.0066562345251441,0.0004127043150219,0.015152326,0.05634765625,-2.8946244716644287,0.00025,dynamic-obstacles-8x8,MiniGrid-Dynamic-Obstacles-8x8-v0,1
37888,207.206,-0.3,203.11,0.7649522423744202,-0.7935664892196655,-0.0066938098054379,0.0069590825762134,0.011028041,0.092578125,-0.0447407960891723,0.00025,dynamic-obstacles-8x8,MiniGrid-Dynamic-Obstacles-8x8-v0,1
38912,210.437,-0.3,204.5,0.7587715983390808,-0.7500746324658394,-0.0072602472268044,0.0132100768852978,0.009640239,0.055859375,0.0102185010910034,0.00025,dynamic-obstacles-8x8,MiniGrid-Dynamic-Obstacles-8x8-v0,1
39936,214.643,-0.27,210.72,0.6879048347473145,-0.7184468254446983,-0.0057508740224875,0.0070628991321427,0.011408359,0.07392578125,-0.0305795669555664,0.00025,dynamic-obstacles-8x8,MiniGrid-Dynamic-Obstacles-8x8-v0,1
40960,227.402,-0.26,213.04,0.6742485761642456,-0.6822895243763923,-0.0073572441993746,0.0001559998245284,0.0066323467,0.08359375,-6.300941467285156,0.00025,dynamic-obstacles-8x8,MiniGrid-Dynamic-Obstacles-8x8-v0,1
41984,234.269,-0.24,217.86,0.6661629676818848,-0.658603098988533,-0.0030579998565372,0.0001584428169735,0.020198675,0.07548828125,-4.3360114097595215,0.00025,dynamic-obstacles-8x8,MiniGrid-Dynamic-Obstacles-8x8-v0,1
43008,243.787,-0.24,217.26,0.6609231233596802,-0.6653557881712914,0.000624218431767,0.0001505211563198,0.0032527493,0.08076171875,-7.200141906738281,0.00025,dynamic-obstacles-8x8,MiniGrid-Dynamic-Obstacles-8x8-v0,1
44032,251.224,-0.24,217.26,0.6342517137527466,-0.6497013017535209,-0.008553468651371,0.002799746155506,0.005677789,0.059765625,0.0576125383377075,0.00025,dynamic-obstacles-8x8,MiniGrid-Dynamic-Obstacles-8x8-v0,1
45056,257.697,-0.22,220.97,0.5973019599914551,-0.612923550605774,-0.0062177419953513,0.0001855525770224,0.011741789,0.05634765625,-14.01523208618164,0.00025,dynamic-obstacles-8x8,MiniGrid-Dynamic-Obstacles-8x8-v0,1
46080,263.55,-0.22,220.97,0.5638718008995056,-0.5763477385044098,-0.0054695162805728,0.0001750169602019,0.011153548,0.088671875,-4.343864440917969,0.00025,dynamic-obstacles-8x8,MiniGrid-Dynamic-Obstacles-8x8-v0,1
47104,268.326,-0.2,223.04,0.496164470911026,-0.5341986142098903,-0.0028806066315155,0.0001440940523025,0.016012393,0.07490234375,-11.208699226379396,0.00025,dynamic-obstacles-8x8,MiniGrid-Dynamic-Obstacles-8x8-v0,1
48128,272.584,-0.19,225.0,0.4766070544719696,-0.4866129487752914,-0.0032700266921892,0.0001115311282774,0.0067847287,0.07294921875,-27.05531883239746,0.00025,dynamic-obstacles-8x8,MiniGrid-Dynamic-Obstacles-8x8-v0,1
49152,280.006,-0.19,225.0,0.5049704909324646,-0.4973673895001411,-0.0024446057155728,0.0127080659847706,0.018460674,0.1302734375,0.0092191696166992,0.00025,dynamic-obstacles-8x8,MiniGrid-Dynamic-Obstacles-8x8-v0,1
50176,293.233,-0.17,229.83,0.5011130571365356,-0.5056673467159272,-0.0024557619588449,0.0009497583008851,0.0102545265,0.09033203125,-18.825061798095703,0.00025,dynamic-obstacles-8x8,MiniGrid-Dynamic-Obstacles-8x8-v0,1
51200,297.64,-0.16,230.08,0.5307775735855103,-0.5060202538967132,-0.0035009386832825,0.0004186028085314,0.011705327,0.07724609375,-6.020226001739502,0.00025,dynamic-obstacles-8x8,MiniGrid-Dynamic-Obstacles-8x8-v0,1
52224,301.335,-0.15,230.89,0.4946627914905548,-0.5117172822356224,-0.0011966948863118,0.0001238572287547,0.0053025447,0.07861328125,-8.351792335510254,0.00025,dynamic-obstacles-8x8,MiniGrid-Dynamic-Obstacles-8x8-v0,1
53248,306.146,-0.15,230.89,0.5292110443115234,-0.49802962616086,-0.0025623199006076,7.067088299663737e-05,0.008608166,0.05732421875,-9.270076751708984,0.00025,dynamic-obstacles-8x8,MiniGrid-Dynamic-Obstacles-8x8-v0,1
54272,310.181,-0.14,233.25,0.5505414009094238,-0.5436773627996445,-0.0062440124660497,5.739022217312595e-05,0.016657144,0.0826171875,-10.110904693603516,0.00025,dynamic-obstacles-8x8,MiniGrid-Dynamic-Obstacles-8x8-v0,1
55296,315.911,-0.12,237.18,0.5629194378852844,-0.5630826741456986,-0.0001372832804918,5.520735589925607e-05,0.007935438,0.08671875,-13.73957061767578,0.00025,dynamic-obstacles-8x8,MiniGrid-Dynamic-Obstacles-8x8-v0,1
56320,322.979,-0.11,239.48,0.5848709940910339,-0.575089479982853,-0.0040763560216873,6.412705124603235e-05,0.008411151,0.07744140625,-11.223742485046388,0.00025,dynamic-obstacles-8x8,MiniGrid-Dynamic-Obstacles-8x8-v0,1
57344,331.16,-0.1,240.33,0.5609520673751831,-0.5702806711196899,-0.0018951274454593,5.370535291149281e-05,0.011063078,0.0732421875,-15.979991912841797,0.00025,dynamic-obstacles-8x8,MiniGrid-Dynamic-Obstacles-8x8-v0,1
58368,337.713,-0.09,241.33,0.58562171459198,-0.5672970905900001,-0.0004537170752882,4.94975593937852e-05,0.0057100113,0.1087890625,-21.76307487487793,0.00025,dynamic-obstacles-8x8,MiniGrid-Dynamic-Obstacles-8x8-v0,1
59392,343.264,-0.07,244.7,0.5937780737876892,-0.5831982016563415,-0.0068518669577315,6.340952077152907e-05,0.012476364,0.06767578125,-12.277862548828123,0.00025,dynamic-obstacles-8x8,MiniGrid-Dynamic-Obstacles-8x8-v0,1
60416,367.11,-0.08,242.76,0.5775773525238037,-0.6054927334189415,-0.0077137590036727,6.770347599740489e-05,0.017216783,0.09755859375,-21.57931137084961,0.00025,dynamic-obstacles-8x8,MiniGrid-Dynamic-Obstacles-8x8-v0,1
61440,374.05,-0.07,243.41,0.6102418303489685,-0.591980229318142,-0.0035353381943423,0.0083141639246605,0.01757185,0.1607421875,-0.0059877634048461,0.00025,dynamic-obstacles-8x8,MiniGrid-Dynamic-Obstacles-8x8-v0,1
62464,381.402,-0.05,246.48,0.5837082266807556,-0.5983973577618599,-0.0029358476866036,5.757568442277261e-05,0.0084218485,0.08388671875,-9.358393669128418,0.00025,dynamic-obstacles-8x8,MiniGrid-Dynamic-Obstacles-8x8-v0,1
63488,386.245,-0.04,247.2,0.6212731599807739,-0.5803254187107086,-0.0006032886449247,4.861459774474497e-05,0.0066502085,0.10146484375,-9.409791946411133,0.00025,dynamic-obstacles-8x8,MiniGrid-Dynamic-Obstacles-8x8-v0,1
64512,389.481,-0.04,247.2,0.6452867388725281,-0.6296373501420021,-0.007396784145385,4.3119033853145085e-05,0.016610157,0.1130859375,-25.28069877624512,0.00025,dynamic-obstacles-8x8,MiniGrid-Dynamic-Obstacles-8x8-v0,1
65536,393.377,-0.05,244.78,0.675086498260498,-0.6818128630518914,-0.0039370652637444,4.696912155850441e-05,0.01719477,0.1234375,-19.490346908569336,0.00025,dynamic-obstacles-8x8,MiniGrid-Dynamic-Obstacles-8x8-v0,1
66560,396.481,-0.05,244.78,0.7509109973907471,-0.71568603515625,-0.0057718662545084,0.0066886238490042,0.014971889,0.128125,0.0179646015167236,0.00025,dynamic-obstacles-8x8,MiniGrid-Dynamic-Obstacles-8x8-v0,1
67584,400.563,-0.04,247.3,0.7120685577392578,-0.7389315113425254,-0.0022758713806979,0.0003242343223973,0.0057525374,0.07646484375,-10.207653999328612,0.00025,dynamic-obstacles-8x8,MiniGrid-Dynamic-Obstacles-8x8-v0,1
68608,403.601,-0.05,245.07,0.6888238191604614,-0.6929292857646943,-0.0031462419079616,9.4360841649177e-05,0.010599505,0.0763671875,-8.768016815185547,0.00025,dynamic-obstacles-8x8,MiniGrid-Dynamic-Obstacles-8x8-v0,1
69632,407.559,-0.05,245.07,0.6725878715515137,-0.6672067686915397,0.0011996940418612,0.0075248832494253,0.02321828,0.0974609375,0.1029300093650817,0.00025,dynamic-obstacles-8x8,MiniGrid-Dynamic-Obstacles-8x8-v0,1
70656,416.27,-0.05,245.07,0.6507294178009033,-0.6567339420318603,-0.0060670693579595,0.0002702827139728,0.0117252655,0.0837890625,-6.551950454711914,0.00025,dynamic-obstacles-8x8,MiniGrid-Dynamic-Obstacles-8x8-v0,1
71680,420.121,-0.06,242.7,0.6525838971138,-0.6327679708600045,-0.00514854034991,0.0001741613132253,0.0060632406,0.0904296875,-10.62742042541504,0.00025,dynamic-obstacles-8x8,MiniGrid-Dynamic-Obstacles-8x8-v0,1
72704,423.183,-0.04,247.04,0.5964305400848389,-0.6119924545288086,-0.0055962254758924,0.0080814752887818,0.021742493,0.21796875,0.0316046476364135,0.00025,dynamic-obstacles-8x8,MiniGrid-Dynamic-Obstacles-8x8-v0,1
73728,426.984,-0.08,237.12,0.6113401055335999,-0.5896120607852936,-0.0016543935402296,0.0001890795159852,0.0017165651,0.082421875,-6.468674182891846,0.00025,dynamic-obstacles-8x8,MiniGrid-Dynamic-Obstacles-8x8-v0,1
74752,430.112,-0.08,237.12,0.635735034942627,-0.6229823499917984,-0.006493162503466,0.0179560190299525,0.00933419,0.0806640625,0.0867498517036438,0.00025,dynamic-obstacles-8x8,MiniGrid-Dynamic-Obstacles-8x8-v0,1
75776,433.935,-0.08,237.12,0.6429119110107422,-0.6215266823768616,-0.0026975378510542,0.0007179090629506,0.0040891143,0.04912109375,-7.029821395874023,0.00025,dynamic-obstacles-8x8,MiniGrid-Dynamic-Obstacles-8x8-v0,1
76800,437.032,-0.08,237.12,0.6260880827903748,-0.6256182104349136,-0.0081301911151967,0.0003534994935762,0.009356957,0.0994140625,-15.586719512939451,0.00025,dynamic-obstacles-8x8,MiniGrid-Dynamic-Obstacles-8x8-v0,1
77824,440.945,-0.08,237.12,0.628873348236084,-0.6153695449233055,-0.0041247147717513,0.0002078824403724,0.0067894985,0.08916015625,-8.973217010498047,0.00025,dynamic-obstacles-8x8,MiniGrid-Dynamic-Obstacles-8x8-v0,1
78848,444.196,-0.08,237.12,0.661480724811554,-0.6458733960986137,-0.0041133405989967,0.0001363372301057,0.004581252,0.0705078125,-6.426218509674072,0.00025,dynamic-obstacles-8x8,MiniGrid-Dynamic-Obstacles-8x8-v0,1
79872,448.049,-0.08,237.12,0.6770040392875671,-0.6868914991617203,-0.0057831828482449,7.063107941576163e-05,0.0074619763,0.1029296875,-17.424915313720703,0.00025,dynamic-obstacles-8x8,MiniGrid-Dynamic-Obstacles-8x8-v0,1
80896,457.191,-0.1,235.07,0.6921679973602295,-0.6867175877094269,-0.0051676318282261,0.0001044886901581,0.00751503,0.0853515625,-6.723531723022461,0.00025,dynamic-obstacles-8x8,MiniGrid-Dynamic-Obstacles-8x8-v0,1
81920,461.036,-0.1,235.07,0.7394322156906128,-0.7024998173117638,-0.005419301695656,0.0162495250580832,0.005785434,0.07607421875,-0.0101492404937744,0.00025,dynamic-obstacles-8x8,MiniGrid-Dynamic-Obstacles-8x8-v0,1
82944,464.072,-0.1,235.07,0.7727241516113281,-0.760197414457798,-0.0109494070871733,0.0001336768706096,0.009431945,0.0982421875,-8.954367637634277,0.00025,dynamic-obstacles-8x8,MiniGrid-Dynamic-Obstacles-8x8-v0,1
83968,468.05,-0.09,237.01,0.735255241394043,-0.7641813337802887,-0.0037260520213749,4.768314620378078e-05,0.0052660024,0.07333984375,-16.83065414428711,0.00025,dynamic-obstacles-8x8,MiniGrid-Dynamic-Obstacles-8x8-v0,1
84992,471.109,-0.09,237.01,0.7272917628288269,-0.7576897010207176,-0.0053516537300311,6.098995236243354e-05,0.014551597,0.11337890625,-2.663552045822144,0.00025,dynamic-obstacles-8x8,MiniGrid-Dynamic-Obstacles-8x8-v0,1
86016,474.979,-0.09,237.01,0.6635775566101074,-0.7079680964350701,-0.0086565829347819,5.331212310011324e-05,0.02126037,0.10712890625,-4.372101783752441,0.00025,dynamic-obstacles-8x8,MiniGrid-Dynamic-Obstacles-8x8-v0,1
87040,477.987,-0.09,237.01,0.6125191450119019,-0.6428738385438919,-0.006798819231335,4.642543517547892e-05,0.007219121,0.0771484375,-9.859259605407717,0.00025,dynamic-obstacles-8x8,MiniGrid-Dynamic-Obstacles-8x8-v0,1
88064,481.794,-0.09,237.01,0.6111254096031189,-0.6148220285773277,-0.0027507172897458,3.463117250248615e-05,0.0047904206,0.0876953125,-10.69548225402832,0.00025,dynamic-obstacles-8x8,MiniGrid-Dynamic-Obstacles-8x8-v0,1
89088,484.772,-0.08,239.43,0.6336926221847534,-0.598557572066784,-0.0046478484815452,3.633236319728894e-05,0.0069120005,0.09345703125,-12.25108814239502,0.00025,dynamic-obstacles-8x8,MiniGrid-Dynamic-Obstacles-8x8-v0,1
90112,495.749,-0.08,239.43,0.5663072466850281,-0.5900914371013641,-0.0025603979360312,3.399027332307014e-05,0.009854007,0.13369140625,-15.850421905517578,0.00025,dynamic-obstacles-8x8,MiniGrid-Dynamic-Obstacles-8x8-v0,1
91136,499.585,-0.08,239.43,0.5947757959365845,-0.5841004848480225,-0.0031820227624848,3.9818377626943405e-05,0.013153231,0.14365234375,-21.585676193237305,0.00025,dynamic-obstacles-8x8,MiniGrid-Dynamic-Obstacles-8x8-v0,1
92160,502.625,-0.07,241.66,0.646538496017456,-0.6115772783756256,-0.0056942160706967,4.673899438785156e-05,0.010881681,0.09111328125,-33.01369094848633,0.00025,dynamic-obstacles-8x8,MiniGrid-Dynamic-Obstacles-8x8-v0,1
93184,506.54,-0.08,241.45,0.6420544385910034,-0.6575009509921074,-0.0059762401273474,3.639019423644641e-05,0.011135626,0.11953125,-27.92941093444824,0.00025,dynamic-obstacles-8x8,MiniGrid-Dynamic-Obstacles-8x8-v0,1
94208,509.609,-0.08,241.45,0.6800994873046875,-0.6610471621155739,-0.0041827108943834,0.0084469504101434,0.0066288374,0.08828125,-0.0156322717666625,0.00025,dynamic-obstacles-8x8,MiniGrid-Dynamic-Obstacles-8x8-v0,1
95232,513.41,-0.07,243.82,0.6823841333389282,-0.6822137370705604,-0.0039247137261554,0.0005486641822244,0.011180986,0.07841796875,-15.282356262207031,0.00025,dynamic-obstacles-8x8,MiniGrid-Dynamic-Obstacles-8x8-v0,1
96256,516.476,-0.07,243.82,0.7022403478622437,-0.695929616689682,-0.0068926287814974,0.0003131344873509,0.013852296,0.14384765625,-9.710350036621094,0.00025,dynamic-obstacles-8x8,MiniGrid-Dynamic-Obstacles-8x8-v0,1
97280,520.394,-0.08,241.65,0.6733852028846741,-0.6780517667531967,-0.0072997155308257,4.985099612895283e-05,0.012602934,0.09619140625,-8.544026374816895,0.00025,dynamic-obstacles-8x8,MiniGrid-Dynamic-Obstacles-8x8-v0,1
98304,525.071,-0.05,249.15,0.7423108816146851,-0.7084007143974305,0.000672663480509,0.0033156821852116,0.016192283,0.21064453125,-0.0108280181884765,0.00025,dynamic-obstacles-8x8,MiniGrid-Dynamic-Obstacles-8x8-v0,1
99328,530.237,-0.04,251.57,0.7152625918388367,-0.7276674091815949,-0.0062144129653461,2.5393548958163597e-05,0.01044406,0.08466796875,-8.938711166381836,0.00025,dynamic-obstacles-8x8,MiniGrid-Dynamic-Obstacles-8x8-v0,1
100352,547.616,-0.05,249.92,0.6940644979476929,-0.7080624401569366,-0.0073860450676875,1.5868000878072054e-05,0.011059219,0.077734375,-8.157873153686523,0.00025,dynamic-obstacles-8x8,MiniGrid-Dynamic-Obstacles-8x8-v0,1
101376,553.546,-0.05,249.92,0.7157829403877258,-0.7079277440905571,-0.0092436842736788,0.0082301712129265,0.0114532625,0.11982421875,-0.0054857730865478,0.00025,dynamic-obstacles-8x8,MiniGrid-Dynamic-Obstacles-8x8-v0,1
102400,560.747,-0.05,249.92,0.7510901093482971,-0.7394933417439461,-0.0117502281209453,3.164471404488722e-05,0.023806296,0.14267578125,-9.764044761657717,0.00025,dynamic-obstacles-8x8,MiniGrid-Dynamic-Obstacles-8x8-v0,1
103424,566.356,-0.06,247.82,0.781401515007019,-0.7857816457748413,-0.0128526385873556,2.598936248432437e-05,0.0136864465,0.16337890625,-15.222475051879885,0.00025,dynamic-obstacles-8x8,MiniGrid-Dynamic-Obstacles-8x8-v0,1
104448,570.453,-0.06,247.82,0.8006607890129089,-0.7614837363362312,-0.0100303684710524,0.0078627763665281,0.014071869,0.15927734375,0.0026715993881225,0.00025,dynamic-obstacles-8x8,MiniGrid-Dynamic-Obstacles-8x8-v0,1
105472,573.498,-0.07,247.51,0.7647329568862915,-0.7952268153429032,-0.0128428700263611,7.239531041705049e-05,0.01440662,0.1041015625,-16.232929229736328,0.00025,dynamic-obstacles-8x8,MiniGrid-Dynamic-Obstacles-8x8-v0,1
106496,577.356,-0.06,248.12,0.779967188835144,-0.7751149818301201,-0.0125039653037674,0.015552595956251,0.008878194,0.0955078125,-0.0054131746292114,0.00025,dynamic-obstacles-8x8,MiniGrid-Dynamic-Obstacles-8x8-v0,1
107520,580.526,-0.06,248.12,0.7787294387817383,-0.7733212724328041,-0.0087140272837132,6.622494465773343e-05,0.015730642,0.127734375,-6.683457851409912,0.00025,dynamic-obstacles-8x8,MiniGrid-Dynamic-Obstacles-8x8-v0,1
108544,584.317,-0.06,248.12,0.7696749567985535,-0.7725517317652703,-0.0105057477019727,2.6142777596760424e-05,0.014253074,0.13544921875,-6.334325313568115,0.00025,dynamic-obstacles-8x8,MiniGrid-Dynamic-Obstacles-8x8-v0,1
109568,587.543,-0.06,248.12,0.7790875434875488,-0.774232292175293,-0.0104075733164791,2.092607755912468e-05,0.0065288856,0.08984375,-14.295180320739746,0.00025,dynamic-obstacles-8x8,MiniGrid-Dynamic-Obstacles-8x8-v0,1
110592,597.722,-0.06,248.12,0.8017150163650513,-0.76600541472435,-0.0114427694701589,2.2739846781405503e-05,0.0060321856,0.07421875,-8.5012788772583,0.00025,dynamic-obstacles-8x8,MiniGrid-Dynamic-Obstacles-8x8-v0,1
111616,601.666,-0.06,248.12,0.7935860753059387,-0.8141533732414246,-0.0124337260494939,1.8102321905644204e-05,0.00656827,0.06005859375,-16.920333862304688,0.00025,dynamic-obstacles-8x8,MiniGrid-Dynamic-Obstacles-8x8-v0,1
112640,604.836,-0.08,245.36,0.8158254623413086,-0.8043959990143776,-0.0110769192455336,2.306706969648076e-05,0.008530045,0.0740234375,-6.3158488273620605,0.00025,dynamic-obstacles-8x8,MiniGrid-Dynamic-Obstacles-8x8-v0,1
113664,608.626,-0.08,245.36,0.8256353139877319,-0.8238047435879707,-0.010993106290698,0.0142621020670048,0.011948566,0.10283203125,0.002870500087738,0.00025,dynamic-obstacles-8x8,MiniGrid-Dynamic-Obstacles-8x8-v0,1
114688,611.791,-0.08,245.36,0.806771993637085,-0.8068061575293541,-0.0084393527591601,4.607717651197163e-05,0.010088509,0.09921875,-15.76511001586914,0.00025,dynamic-obstacles-8x8,MiniGrid-Dynamic-Obstacles-8x8-v0,1
115712,615.798,-0.08,245.36,0.7822361588478088,-0.7875792279839515,-0.0122938213869929,2.552347959863255e-05,0.012169581,0.105078125,-5.55633020401001,0.00025,dynamic-obstacles-8x8,MiniGrid-Dynamic-Obstacles-8x8-v0,1
116736,618.79,-0.08,245.36,0.7824408411979675,-0.7763233929872513,-0.0165101451682858,2.557821712798613e-05,0.0122974515,0.09443359375,-9.82553482055664,0.00025,dynamic-obstacles-8x8,MiniGrid-Dynamic-Obstacles-8x8-v0,1
117760,622.726,-0.07,245.57,0.7806232571601868,-0.7809843331575393,-0.0141217003110796,2.53230607995647e-05,0.009643389,0.0841796875,-9.61505126953125,0.00025,dynamic-obstacles-8x8,MiniGrid-Dynamic-Obstacles-8x8-v0,1
118784,625.959,-0.08,245.42,0.7646598815917969,-0.7635372772812843,-0.0104110798798501,2.595876831037458e-05,0.007478113,0.0990234375,-10.284418106079102,0.00025,dynamic-obstacles-8x8,MiniGrid-Dynamic-Obstacles-8x8-v0,1
119808,629.79,-0.08,245.42,0.8165832757949829,-0.7798009395599366,-0.0082531950669363,0.0079543940722942,0.019886628,0.141796875,0.0014688968658447,0.00025,dynamic-obstacles-8x8,MiniGrid-Dynamic-Obstacles-8x8-v0,1
120832,639.832,-0.08,245.42,0.7940471768379211,-0.8121816724538803,-0.0155206754570826,2.8774568659173386e-05,0.009696727,0.1220703125,-7.075055122375488,0.00025,dynamic-obstacles-8x8,MiniGrid-Dynamic-Obstacles-8x8-v0,1
121856,643.696,-0.07,247.59,0.7788095474243164,-0.7766140684485435,-0.0089897829806432,2.420402029201796e-05,0.011809595,0.09873046875,-7.130444526672363,0.00025,dynamic-obstacles-8x8,MiniGrid-Dynamic-Obstacles-8x8-v0,1
122880,646.898,-0.08,245.89,0.74711674451828,-0.7491023048758507,-0.0167973784846253,1.9911312870135588e-05,0.010757605,0.09228515625,-11.452988624572754,0.00025,dynamic-obstacles-8x8,MiniGrid-Dynamic-Obstacles-8x8-v0,1
123904,650.774,-0.08,245.89,0.7406298518180847,-0.7265557661652565,-0.0067827130551449,0.0078707709093578,0.008117072,0.132421875,0.0053057074546813,0.00025,dynamic-obstacles-8x8,MiniGrid-Dynamic-Obstacles-8x8-v0,1
124928,653.85,-0.09,246.25,0.7105171084403992,-0.7164705514907836,-0.0104963524499908,4.922746211377671e-05,0.008201557,0.10888671875,-4.5169830322265625,0.00025,dynamic-obstacles-8x8,MiniGrid-Dynamic-Obstacles-8x8-v0,1
125952,657.673,-0.1,246.09,0.6792771220207214,-0.7102214798331261,-0.0124227741616778,0.0151116279070265,0.011392618,0.1150390625,-0.0007884502410888,0.00025,dynamic-obstacles-8x8,MiniGrid-Dynamic-Obstacles-8x8-v0,1
126976,660.744,-0.1,246.09,0.7043379545211792,-0.6773689270019532,-0.0096610710024833,0.0073356058739591,0.012990899,0.135546875,-0.0072216987609863,0.00025,dynamic-obstacles-8x8,MiniGrid-Dynamic-Obstacles-8x8-v0,1
128000,664.593,-0.09,248.19,0.6584459543228149,-0.6881940856575965,-0.0164883036166429,6.641486511398398e-05,0.013403163,0.13828125,-12.054944038391112,0.00025,dynamic-obstacles-8x8,MiniGrid-Dynamic-Obstacles-8x8-v0,1
129024,667.641,-0.09,248.19,0.6683216094970703,-0.6548835068941117,-0.0142237817402929,4.247606298122264e-05,0.0072883163,0.0748046875,-6.087986946105957,0.00025,dynamic-obstacles-8x8,MiniGrid-Dynamic-Obstacles-8x8-v0,1
130048,678.143,-0.07,249.94,0.6293471455574036,-0.6573855951428413,-0.0105637704022228,3.326525156808202e-05,0.009531646,0.10927734375,-2.921027421951294,0.00025,dynamic-obstacles-8x8,MiniGrid-Dynamic-Obstacles-8x8-v0,1
131072,682.109,-0.07,249.94,0.6611965894699097,-0.6274506941437721,-0.014968541637063,2.821098032654845e-05,0.013281967,0.12626953125,-8.288224220275879,0.00025,dynamic-obstacles-8x8,MiniGrid-Dynamic-Obstacles-8x8-v0,1
132096,685.21,-0.07,249.94,0.6606004238128662,-0.662407574057579,-0.0102661788027035,2.337422356504249e-05,0.009848989,0.11796875,-3.8337697982788086,0.00025,dynamic-obstacles-8x8,MiniGrid-Dynamic-Obstacles-8x8-v0,1
133120,689.308,-0.07,249.94,0.6149157881736755,-0.6503969967365265,-0.0167854080791585,1.6503387428201677e-05,0.011096709,0.08828125,-6.618894577026367,0.00025,dynamic-obstacles-8x8,MiniGrid-Dynamic-Obstacles-8x8-v0,1
134144,692.526,-0.07,249.94,0.6409844160079956,-0.6172922164201736,-0.0121313402196392,1.7848171910372913e-05,0.009443238,0.12578125,-9.742283821105955,0.00025,dynamic-obstacles-8x8,MiniGrid-Dynamic-Obstacles-8x8-v0,1
135168,696.354,-0.07,249.94,0.6326062679290771,-0.6423606917262077,-0.0127699037722777,2.627598469189252e-05,0.014705166,0.0896484375,-11.153199195861816,0.00025,dynamic-obstacles-8x8,MiniGrid-Dynamic-Obstacles-8x8-v0,1
136192,699.395,-0.07,249.94,0.6075655221939087,-0.640233188867569,-0.0076750230975449,2.252409026368696e-05,0.007068479,0.10869140625,-17.11177635192871,0.00025,dynamic-obstacles-8x8,MiniGrid-Dynamic-Obstacles-8x8-v0,1
137216,703.204,-0.06,250.27,0.6670006513595581,-0.6356243789196014,-0.0071920729125849,2.117990436545369e-05,0.013116821,0.1044921875,-12.594058990478516,0.00025,dynamic-obstacles-8x8,MiniGrid-Dynamic-Obstacles-8x8-v0,1
138240,706.342,-0.05,252.7,0.6240087747573853,-0.6423492819070816,-0.0149770339718088,1.944079231179785e-05,0.0106565235,0.10615234375,-30.5939998626709,0.00025,dynamic-obstacles-8x8,MiniGrid-Dynamic-Obstacles-8x8-v0,1
139264,710.248,-0.05,252.7,0.6295901536941528,-0.6280712425708771,-0.0133501328527927,2.409626631560968e-05,0.022934122,0.10322265625,-7.331347465515137,0.00025,dynamic-obstacles-8x8,MiniGrid-Dynamic-Obstacles-8x8-v0,1
140288,719.886,-0.05,252.7,0.6457831263542175,-0.6546010211110115,-0.0113246841123327,1.86442269523468e-05,0.01627461,0.17314453125,-11.372904777526855,0.00025,dynamic-obstacles-8x8,MiniGrid-Dynamic-Obstacles-8x8-v0,1
141312,723.812,-0.05,252.7,0.6225046515464783,-0.6275398001074791,-0.0151052659377455,1.736546009851736e-05,0.010031059,0.08173828125,-17.92059326171875,0.00025,dynamic-obstacles-8x8,MiniGrid-Dynamic-Obstacles-8x8-v0,1
142336,726.876,-0.05,252.7,0.6220102310180664,-0.6110431179404259,-0.0093144743121229,2.208509786214563e-05,0.011268141,0.12060546875,-15.915082931518556,0.00025,dynamic-obstacles-8x8,MiniGrid-Dynamic-Obstacles-8x8-v0,1
143360,730.818,-0.05,252.7,0.6085019111633301,-0.6252303883433342,-0.0142676647868938,2.6530784407441387e-05,0.011937026,0.087890625,-14.473376274108888,0.00025,dynamic-obstacles-8x8,MiniGrid-Dynamic-Obstacles-8x8-v0,1
144384,733.92,-0.04,252.85,0.6215500831604004,-0.6030057325959206,-0.0102169725811108,2.611728259580559e-05,0.008064469,0.06796875,-12.843254089355469,0.00025,dynamic-obstacles-8x8,MiniGrid-Dynamic-Obstacles-8x8-v0,1
145408,737.765,-0.04,252.85,0.6385552883148193,-0.6275871455669403,-0.0070981780183501,2.532723665353842e-05,0.009721635,0.165234375,-14.535771369934082,0.00025,dynamic-obstacles-8x8,MiniGrid-Dynamic-Obstacles-8x8-v0,1
146432,740.803,-0.04,252.85,0.6118854880332947,-0.6305874347686767,-0.0090961186680942,2.719670483202208e-05,0.010749026,0.11416015625,-18.349760055541992,0.00025,dynamic-obstacles-8x8,MiniGrid-Dynamic-Obstacles-8x8-v0,1
147456,745.207,-0.04,252.85,0.6188062429428101,-0.632543882727623,-0.012710729741957,2.889930779019778e-05,0.0132639725,0.08232421875,-5.898370265960693,0.00025,dynamic-obstacles-8x8,MiniGrid-Dynamic-Obstacles-8x8-v0,1
148480,748.256,-0.03,254.55,0.623285710811615,-0.6230716988444328,-0.0145199119928292,2.624356529850047e-05,0.008202913,0.08720703125,-12.7024507522583,0.00025,dynamic-obstacles-8x8,MiniGrid-Dynamic-Obstacles-8x8-v0,1
149504,752.107,-0.03,253.4,0.6144911646842957,-0.6227456167340278,-0.0126601599506102,2.696837159419374e-05,0.013916373,0.08408203125,-11.392522811889648,0.00025,dynamic-obstacles-8x8,MiniGrid-Dynamic-Obstacles-8x8-v0,1
150528,763.405,-0.03,252.12,0.60113126039505,-0.6283065363764763,-0.0114382516709156,0.0082156171527458,0.01110512,0.12197265625,2.6226043701171875e-05,0.00025,dynamic-obstacles-8x8,MiniGrid-Dynamic-Obstacles-8x8-v0,1
151552,768.017,-0.03,252.12,0.6326540112495422,-0.5960672602057457,-0.0087501939269714,0.0159304107539355,0.021272944,0.11943359375,0.0005646347999572,0.00025,dynamic-obstacles-8x8,MiniGrid-Dynamic-Obstacles-8x8-v0,1
152576,772.048,-0.03,252.12,0.6186946034431458,-0.6294127970933914,-0.0136373608664143,6.499188302768743e-05,0.014639335,0.1044921875,-4.456588268280029,0.00025,dynamic-obstacles-8x8,MiniGrid-Dynamic-Obstacles-8x8-v0,1
153600,776.061,-0.03,252.12,0.6066766381263733,-0.618010675907135,-0.0138690595980733,3.69758991382696e-05,0.014435982,0.09931640625,-10.461309432983398,0.00025,dynamic-obstacles-8x8,MiniGrid-Dynamic-Obstacles-8x8-v0,1
154624,779.136,-0.03,252.12,0.6476848125457764,-0.6114154413342476,-0.0135445328545756,2.565632767073112e-05,0.009086382,0.09375,-6.976992607116699,0.00025,dynamic-obstacles-8x8,MiniGrid-Dynamic-Obstacles-8x8-v0,1
155648,782.973,-0.03,252.12,0.6137568354606628,-0.6513738855719566,-0.0159941044170409,2.6782951499626507e-05,0.014450988,0.11328125,-5.142239570617676,0.00025,dynamic-obstacles-8x8,MiniGrid-Dynamic-Obstacles-8x8-v0,1
156672,786.09,-0.03,252.12,0.6267348527908325,-0.6274824947118759,-0.0139378902735188,2.0038936963828746e-05,0.014562023,0.115625,-15.274629592895508,0.00025,dynamic-obstacles-8x8,MiniGrid-Dynamic-Obstacles-8x8-v0,1
157696,789.95,-0.03,252.12,0.597790002822876,-0.6130132868885994,-0.0179645369818899,2.3894656897027745e-05,0.024979092,0.111328125,-28.061304092407227,0.00025,dynamic-obstacles-8x8,MiniGrid-Dynamic-Obstacles-8x8-v0,1
158720,793.05,-0.03,252.12,0.5906692147254944,-0.5934705778956413,-0.013407712499611,1.989913916986552e-05,0.008652438,0.079296875,-9.339676856994627,0.00025,dynamic-obstacles-8x8,MiniGrid-Dynamic-Obstacles-8x8-v0,1
159744,796.833,-0.05,249.14,0.6460467576980591,-0.6002125754952431,-0.0170431638602167,1.7844082867668477e-05,0.014064745,0.121875,-21.12416648864746,0.00025,dynamic-obstacles-8x8,MiniGrid-Dynamic-Obstacles-8x8-v0,1
160768,806.468,-0.05,249.14,0.6033520698547363,-0.6231802523136138,-0.0109547505271621,0.0105527857434935,0.0118908,0.101171875,-0.0048822164535522,0.00025,dynamic-obstacles-8x8,MiniGrid-Dynamic-Obstacles-8x8-v0,1
161792,810.612,-0.05,249.14,0.6506218314170837,-0.5965779170393943,-0.0107263303929357,0.000112158673437,0.010362505,0.06923828125,-16.17232894897461,0.00025,dynamic-obstacles-8x8,MiniGrid-Dynamic-Obstacles-8x8-v0,1
162816,813.671,-0.05,249.14,0.6248422265052795,-0.6501349464058876,-0.0179663320886902,5.001575709684403e-05,0.015416864,0.1017578125,-10.105520248413086,0.00025,dynamic-obstacles-8x8,MiniGrid-Dynamic-Obstacles-8x8-v0,1
163840,817.702,-0.05,249.14,0.6196982264518738,-0.6065702930092811,-0.0181449846713803,3.8664729845550025e-05,0.016898956,0.1130859375,-3.395760536193848,0.00025,dynamic-obstacles-8x8,MiniGrid-Dynamic-Obstacles-8x8-v0,1
164864,820.707,-0.06,246.65,0.6385182738304138,-0.6150299787521363,-0.0137372454279102,2.912938875851978e-05,0.00956588,0.0990234375,-8.769147872924805,0.00025,dynamic-obstacles-8x8,MiniGrid-Dynamic-Obstacles-8x8-v0,1
165888,824.518,-0.07,244.11,0.6209567785263062,-0.6463059470057487,-0.0012555812951177,0.0044724017370754,0.005074257,0.05390625,0.0267584323883056,0.00025,dynamic-obstacles-8x8,MiniGrid-Dynamic-Obstacles-8x8-v0,1
166912,827.675,-0.07,244.11,0.6258584260940552,-0.5992170989513397,-0.0096154458879027,0.0017819657903601,0.012103689,0.11943359375,0.0288838148117065,0.00025,dynamic-obstacles-8x8,MiniGrid-Dynamic-Obstacles-8x8-v0,1
167936,832.483,-0.07,244.11,0.6154534220695496,-0.6152749687433243,-0.014561759843491,0.0001485214886997,0.008698657,0.0701171875,-9.251934051513672,0.00025,dynamic-obstacles-8x8,MiniGrid-Dynamic-Obstacles-8x8-v0,1
168960,836.149,-0.07,244.11,0.6415345072746277,-0.6144089549779892,-0.0146232848637737,5.9340223015169616e-05,0.012423689,0.10546875,-7.531699180603027,0.00025,dynamic-obstacles-8x8,MiniGrid-Dynamic-Obstacles-8x8-v0,1
169984,840.217,-0.07,244.11,0.5857300758361816,-0.6289227604866028,-0.0100017044926062,3.9388614868585134e-05,0.007423098,0.086328125,-2.824204206466675,0.00025,dynamic-obstacles-8x8,MiniGrid-Dynamic-Obstacles-8x8-v0,1
171008,857.18,-0.07,244.11,0.585256814956665,-0.5793484643101692,-0.0164243899518623,3.466301523076254e-05,0.010232945,0.07431640625,-10.148587226867676,0.00025,dynamic-obstacles-8x8,MiniGrid-Dynamic-Obstacles-8x8-v0,1
172032,863.844,-0.07,244.11,0.5748911499977112,-0.585256640613079,-0.01319856896298,3.2590579758107195e-05,0.012846751,0.10048828125,-16.686752319335938,0.00025,dynamic-obstacles-8x8,MiniGrid-Dynamic-Obstacles-8x8-v0,1
173056,869.218,-0.07,244.11,0.5605633854866028,-0.550646110624075,-0.0019622443593107,3.881471238855738e-05,0.018374614,0.158984375,-12.3544282913208,0.00025,dynamic-obstacles-8x8,MiniGrid-Dynamic-Obstacles-8x8-v0,1
174080,873.473,-0.06,245.75,0.5704326033592224,-0.5799269348382949,-0.0110128153930418,3.47146545209398e-05,0.010642242,0.10107421875,-15.286256790161133,0.00025,dynamic-obstacles-8x8,MiniGrid-Dynamic-Obstacles-8x8-v0,1
175104,877.338,-0.04,247.99,0.5732357501983643,-0.597157321870327,-0.0111517791636288,3.200527048647927e-05,0.010896206,0.10830078125,-17.553720474243164,0.00025,dynamic-obstacles-8x8,MiniGrid-Dynamic-Obstacles-8x8-v0,1
176128,882.171,-0.04,247.99,0.5008079409599304,-0.5559847235679627,-0.0159913083887659,3.242496868551825e-05,0.017211052,0.11748046875,-17.738914489746094,0.00025,dynamic-obstacles-8x8,MiniGrid-Dynamic-Obstacles-8x8-v0,1
177152,885.924,-0.04,247.99,0.4817407131195068,-0.5195613406598568,-0.0115810310468077,3.157127293889062e-05,0.009625332,0.1044921875,-13.258028030395508,0.00025,dynamic-obstacles-8x8,MiniGrid-Dynamic-Obstacles-8x8-v0,1
178176,891.618,-0.04,247.99,0.5422080755233765,-0.479785930365324,-0.0120416389487218,2.9786223194605554e-05,0.016254893,0.0990234375,-22.49001121520996,0.00025,dynamic-obstacles-8x8,MiniGrid-Dynamic-Obstacles-8x8-v0,1
179200,896.169,-0.04,247.99,0.5498239398002625,-0.5470593333244324,-0.0111798512167297,2.516740573810239e-05,0.009765789,0.0744140625,-31.815418243408203,0.00025,dynamic-obstacles-8x8,MiniGrid-Dynamic-Obstacles-8x8-v0,1
180224,907.682,-0.04,247.99,0.557985782623291,-0.562045656144619,-0.011514408502262,3.0507556130032756e-05,0.011830695,0.10810546875,-9.68437957763672,0.00025,dynamic-obstacles-8x8,MiniGrid-Dynamic-Obstacles-8x8-v0,1
181248,912.097,-0.04,247.99,0.4650243818759918,-0.5225115545094013,-0.0131378564052283,2.944322577604908e-05,0.009799875,0.11142578125,-9.197290420532228,0.00025,dynamic-obstacles-8x8,MiniGrid-Dynamic-Obstacles-8x8-v0,1
182272,915.496,-0.04,247.99,0.4954285621643066,-0.4582158409059048,-0.0093776308465749,2.378858548581775e-05,0.013244751,0.101953125,-37.25320816040039,0.00025,dynamic-obstacles-8x8,MiniGrid-Dynamic-Obstacles-8x8-v0,1
183296,920.31,-0.04,247.99,0.518986165523529,-0.5030879378318787,-0.0064628989202901,1.8908961919805733e-05,0.006498764,0.0833984375,-16.075468063354492,0.00025,dynamic-obstacles-8x8,MiniGrid-Dynamic-Obstacles-8x8-v0,1
184320,925.409,-0.03,248.44,0.5567476749420166,-0.5304323621094227,-0.0119778641848824,1.915485236168024e-05,0.011481891,0.08984375,-19.04410552978516,0.00025,dynamic-obstacles-8x8,MiniGrid-Dynamic-Obstacles-8x8-v0,1
185344,929.839,-0.02,250.97,0.5633846521377563,-0.5575214728713036,-0.008003681799164,1.6785627826720885e-05,0.014648762,0.11064453125,-14.348079681396484,0.00025,dynamic-obstacles-8x8,MiniGrid-Dynamic-Obstacles-8x8-v0,1
186368,934.21,-0.02,250.97,0.5309487581253052,-0.5481010004878044,-0.0093286278075538,1.455488927604165e-05,0.01099619,0.0833984375,-11.983304023742676,0.00025,dynamic-obstacles-8x8,MiniGrid-Dynamic-Obstacles-8x8-v0,1
187392,939.538,-0.02,250.97,0.5442684888839722,-0.5420459568500519,-0.0142380391596816,1.205462444886507e-05,0.009045174,0.0939453125,-8.554789543151855,0.00025,dynamic-obstacles-8x8,MiniGrid-Dynamic-Obstacles-8x8-v0,1
188416,944.421,-0.02,250.97,0.58592289686203,-0.5338612481951713,-0.0155438940390013,1.3567393807534245e-05,0.012935929,0.113671875,-6.06004810333252,0.00025,dynamic-obstacles-8x8,MiniGrid-Dynamic-Obstacles-8x8-v0,1
189440,949.446,-0.02,250.97,0.6011101603507996,-0.5907916188240051,-0.0143458436941728,1.1423729165471742e-05,0.008865574,0.10361328125,-21.44348907470703,0.00025,dynamic-obstacles-8x8,MiniGrid-Dynamic-Obstacles-8x8-v0,1
190464,962.86,-0.01,253.46,0.5936287641525269,-0.5948191434144974,-0.0086785531952045,1.2246625601619598e-05,0.013403505,0.08466796875,-18.818359375,0.00025,dynamic-obstacles-8x8,MiniGrid-Dynamic-Obstacles-8x8-v0,1
191488,967.481,0.0,256.0,0.5424015522003174,-0.5912320882081985,-0.012917435565032,1.2039346211167868e-05,0.011757499,0.1177734375,-26.41723251342773,0.00025,dynamic-obstacles-8x8,MiniGrid-Dynamic-Obstacles-8x8-v0,1
192512,971.274,0.0,256.0,0.5528527498245239,-0.5045213311910629,-0.0169446163810789,1.3173129673305084e-05,0.013144856,0.1447265625,-16.629146575927734,0.00025,dynamic-obstacles-8x8,MiniGrid-Dynamic-Obstacles-8x8-v0,1
193536,976.037,0.0,256.0,0.6249584555625916,-0.5518690094351768,-0.0112845896976068,1.1402170343899344e-05,0.008711845,0.090234375,-10.302546501159668,0.00025,dynamic-obstacles-8x8,MiniGrid-Dynamic-Obstacles-8x8-v0,1
194560,979.667,0.0,256.0,0.5581142902374268,-0.6238422304391861,-0.0138981645402964,1.3785816418021567e-05,0.009444857,0.09501953125,-21.00230026245117,0.00025,dynamic-obstacles-8x8,MiniGrid-Dynamic-Obstacles-8x8-v0,1
195584,984.316,0.0,256.0,0.5660088658332825,-0.5560624077916145,-0.0121589755639433,1.110979756049346e-05,0.010268386,0.0849609375,-16.579980850219727,0.00025,dynamic-obstacles-8x8,MiniGrid-Dynamic-Obstacles-8x8-v0,1
196608,987.92,0.0,256.0,0.553217351436615,-0.5566364005208015,-0.0124058976070955,1.369507792787772e-05,0.010992832,0.0869140625,-10.080878257751465,0.00025,dynamic-obstacles-8x8,MiniGrid-Dynamic-Obstacles-8x8-v0,1
197632,992.453,0.0,256.0,0.559886634349823,-0.5601731345057488,-0.0118844538345001,1.3235237861408678e-05,0.0106505575,0.12060546875,-20.01091194152832,0.00025,dynamic-obstacles-8x8,MiniGrid-Dynamic-Obstacles-8x8-v0,1
198656,996.574,0.0,256.0,0.6056569218635559,-0.586482647061348,-0.0133837714674882,1.3205653021941544e-05,0.01086098,0.117578125,-7.398653984069824,0.00025,dynamic-obstacles-8x8,MiniGrid-Dynamic-Obstacles-8x8-v0,1
199680,1001.225,0.0,256.0,0.5787139534950256,-0.6092410191893578,-0.0132364620105363,1.3878780896448006e-05,0.01266262,0.08681640625,-20.810590744018555,0.00025,dynamic-obstacles-8x8,MiniGrid-Dynamic-Obstacles-8x8-v0,1
200704,1013.11,0.0,256.0,0.5394490957260132,-0.5571669593453408,-0.0146444942336529,1.8128912824977305e-05,0.00999716,0.0896484375,-17.19660758972168,0.00025,dynamic-obstacles-8x8,MiniGrid-Dynamic-Obstacles-8x8-v0,1
201728,1017.922,0.0,256.0,0.5883889198303223,-0.5347956039011479,-0.0146033464814536,1.8033014157481372e-05,0.009949855,0.09150390625,-34.27134323120117,0.00025,dynamic-obstacles-8x8,MiniGrid-Dynamic-Obstacles-8x8-v0,1
202752,1021.531,0.0,256.0,0.5661114454269409,-0.561528281122446,-0.0153879667515866,1.8118274579137505e-05,0.010188281,0.1240234375,-37.69759368896485,0.00025,dynamic-obstacles-8x8,MiniGrid-Dynamic-Obstacles-8x8-v0,1
203776,1026.265,0.0,256.0,0.5298274159431458,-0.561024421453476,-0.0154203932615928,1.5406757074742928e-05,0.012670551,0.09287109375,-22.42820930480957,0.00025,dynamic-obstacles-8x8,MiniGrid-Dynamic-Obstacles-8x8-v0,1
204800,1029.787,0.0,256.0,0.5231896042823792,-0.5059070512652397,-0.0155153511324897,1.960704025805171e-05,0.011536691,0.0857421875,-32.780914306640625,0.00025,dynamic-obstacles-8x8,MiniGrid-Dynamic-Obstacles-8x8-v0,1
205824,1034.252,0.0,256.0,0.4834948778152466,-0.5018997751176357,-0.01565215800656,2.556070912760333e-05,0.01710989,0.1130859375,-20.295307159423828,0.00025,dynamic-obstacles-8x8,MiniGrid-Dynamic-Obstacles-8x8-v0,1
206848,1037.941,0.0,256.0,0.4797245562076568,-0.4697729140520096,-0.0160274484660476,2.1880701615373256e-05,0.014438076,0.0849609375,-9.879133224487305,0.00025,dynamic-obstacles-8x8,MiniGrid-Dynamic-Obstacles-8x8-v0,1
207872,1042.494,0.0,256.0,0.5186325311660767,-0.4671671085059642,-0.0087436634930782,2.0957077003913584e-05,0.022971993,0.1396484375,-22.188980102539062,0.00025,dynamic-obstacles-8x8,MiniGrid-Dynamic-Obstacles-8x8-v0,1
208896,1048.134,0.0,256.0,0.4789626896381378,-0.5061359129846096,-0.0117878315388225,1.5833473503334973e-05,0.020244645,0.1287109375,-24.67230224609375,0.00025,dynamic-obstacles-8x8,MiniGrid-Dynamic-Obstacles-8x8-v0,1
209920,1052.966,0.0,256.0,0.4476856291294098,-0.4843850053846836,-0.0164755993289873,1.977395709218399e-05,0.011233781,0.1046875,-5.51551628112793,0.00025,dynamic-obstacles-8x8,MiniGrid-Dynamic-Obstacles-8x8-v0,1
210944,1064.293,0.0,256.0,0.4627224504947662,-0.4621453754603862,-0.0132169058895669,2.0003892541353707e-05,0.009506552,0.07646484375,-21.865577697753903,0.00025,dynamic-obstacles-8x8,MiniGrid-Dynamic-Obstacles-8x8-v0,1
211968,1068.888,0.0,256.0,0.5075533390045166,-0.4625802963972091,-0.0178270014701411,1.949277475432609e-05,0.018111715,0.09912109375,-17.14553451538086,0.00025,dynamic-obstacles-8x8,MiniGrid-Dynamic-Obstacles-8x8-v0,1
212992,1072.503,0.0,256.0,0.452159970998764,-0.4945842236280441,-0.0116157055133953,1.895186101137369e-05,0.011693431,0.09150390625,-16.24687385559082,0.00025,dynamic-obstacles-8x8,MiniGrid-Dynamic-Obstacles-8x8-v0,1
214016,1077.204,0.0,256.0,0.4578573405742645,-0.4488252878189087,-0.015781145170331,2.233902623629547e-05,0.01563738,0.11669921875,-9.510560989379885,0.00025,dynamic-obstacles-8x8,MiniGrid-Dynamic-Obstacles-8x8-v0,1
215040,1080.816,0.0,256.0,0.4500309526920318,-0.449387451261282,-0.0138762906193733,1.4335222135741788e-05,0.011562927,0.098828125,-15.842512130737305,0.00025,dynamic-obstacles-8x8,MiniGrid-Dynamic-Obstacles-8x8-v0,1
216064,1085.349,0.0,256.0,0.4616232514381408,-0.4442623756825924,-0.0123989949061069,1.695867504167836e-05,0.010673728,0.0982421875,-20.792600631713867,0.00025,dynamic-obstacles-8x8,MiniGrid-Dynamic-Obstacles-8x8-v0,1
217088,1088.932,0.0,256.0,0.4367980360984802,-0.4649684697389603,-0.0162378288572654,1.936585204020957e-05,0.012800097,0.09912109375,-17.669361114501953,0.00025,dynamic-obstacles-8x8,MiniGrid-Dynamic-Obstacles-8x8-v0,1
218112,1093.487,0.0,256.0,0.4299483597278595,-0.4304989747703075,-0.0151655105524696,2.083920912809845e-05,0.015567182,0.1126953125,-17.050418853759766,0.00025,dynamic-obstacles-8x8,MiniGrid-Dynamic-Obstacles-8x8-v0,1
219136,1097.02,0.0,256.0,0.4388145208358764,-0.4256140045821667,-0.0114163319754879,1.9786724874393257e-05,0.009172144,0.09033203125,-20.30036163330078,0.00025,dynamic-obstacles-8x8,MiniGrid-Dynamic-Obstacles-8x8-v0,1
220160,1109.226,0.0,256.0,0.412374198436737,-0.4315572254359722,-0.0168332934263162,1.580149275923759e-05,0.022686055,0.15546875,-23.282560348510746,0.00025,dynamic-obstacles-8x8,MiniGrid-Dynamic-Obstacles-8x8-v0,1
221184,1113.614,0.0,256.0,0.3861471712589264,-0.4160004571080208,-0.0141579385090153,1.4328561405818618e-05,0.013813268,0.11025390625,-14.451445579528809,0.00025,dynamic-obstacles-8x8,MiniGrid-Dynamic-Obstacles-8x8-v0,1
222208,1117.177,0.0,256.0,0.4280666708946228,-0.3953957542777061,-0.009363784303423,1.4077523587729956e-05,0.010260805,0.084765625,-15.534673690795898,0.00025,dynamic-obstacles-8x8,MiniGrid-Dynamic-Obstacles-8x8-v0,1
223232,1121.645,0.0,256.0,0.4072014391422272,-0.428179944306612,-0.018137675942853,1.4694855940433626e-05,0.016417794,0.1130859375,-22.285850524902344,0.00025,dynamic-obstacles-8x8,MiniGrid-Dynamic-Obstacles-8x8-v0,1
224256,1125.306,0.0,256.0,0.3746460080146789,-0.4054791338741779,-0.0151443699374794,1.4371093629961252e-05,0.013414472,0.085546875,-22.35992813110352,0.00025,dynamic-obstacles-8x8,MiniGrid-Dynamic-Obstacles-8x8-v0,1
225280,1129.761,0.0,256.0,0.4030994176864624,-0.37804049924016,-0.0113128296332433,1.4914993266756938e-05,0.014963487,0.11123046875,-15.915742874145508,0.00025,dynamic-obstacles-8x8,MiniGrid-Dynamic-Obstacles-8x8-v0,1
226304,1133.334,0.0,256.0,0.4224717319011688,-0.4023509040474892,-0.0149512388044968,1.5204821920633547e-05,0.010206126,0.08232421875,-15.972545623779297,0.00025,dynamic-obstacles-8x8,MiniGrid-Dynamic-Obstacles-8x8-v0,1
227328,1137.695,0.0,256.0,0.3905983567237854,-0.3944825559854507,-0.0125754129025153,1.6801243259578768e-05,0.023968607,0.13779296875,-17.866445541381836,0.00025,dynamic-obstacles-8x8,MiniGrid-Dynamic-Obstacles-8x8-v0,1
228352,1141.138,0.0,256.0,0.4094287455081939,-0.3824465438723564,-0.0133460311801172,1.4730732232237642e-05,0.013485298,0.1291015625,-14.194171905517578,0.00025,dynamic-obstacles-8x8,MiniGrid-Dynamic-Obstacles-8x8-v0,1
229376,1145.538,0.0,256.0,0.400618702173233,-0.4207263067364692,-0.0125918277073651,1.5010517972768869e-05,0.013287828,0.09423828125,-28.22491836547852,0.00025,dynamic-obstacles-8x8,MiniGrid-Dynamic-Obstacles-8x8-v0,1
230400,1157.014,0.0,256.0,0.4005290865898132,-0.380758935958147,-0.0172115652356296,1.5572416555187373e-05,0.019199517,0.12890625,-14.61195468902588,0.00025,dynamic-obstacles-8x8,MiniGrid-Dynamic-Obstacles-8x8-v0,1
231424,1161.396,0.0,256.0,0.4075581133365631,-0.4237091258168221,-0.0180495132401119,1.6478884072057552e-05,0.014173567,0.130859375,-11.858222007751465,0.00025,dynamic-obstacles-8x8,MiniGrid-Dynamic-Obstacles-8x8-v0,1
232448,1164.986,-0.01,254.12,0.4347400963306427,-0.4038310967385768,-0.0147025206708349,1.4648588012278196e-05,0.014438862,0.10712890625,-10.940831184387209,0.00025,dynamic-obstacles-8x8,MiniGrid-Dynamic-Obstacles-8x8-v0,1
233472,1169.718,-0.01,254.12,0.416891485452652,-0.4344338208436966,-0.0107145497458986,0.0082137760415207,0.010942052,0.10810546875,-0.0041204690933227,0.00025,dynamic-obstacles-8x8,MiniGrid-Dynamic-Obstacles-8x8-v0,1
234496,1173.226,-0.01,254.12,0.4622507989406585,-0.4288337878882885,-0.0183213031501509,0.000251347759422,0.020140974,0.1482421875,-3.433262348175049,0.00025,dynamic-obstacles-8x8,MiniGrid-Dynamic-Obstacles-8x8-v0,1
235520,1177.676,-0.01,254.12,0.4833241403102875,-0.4551981635391712,-0.0175967494375072,3.142579162158654e-05,0.010880375,0.114453125,-3.838445663452149,0.00025,dynamic-obstacles-8x8,MiniGrid-Dynamic-Obstacles-8x8-v0,1
236544,1181.282,-0.01,254.12,0.4804600477218628,-0.4853241577744484,-0.018854668457061,1.71408068126766e-05,0.016192663,0.1162109375,-9.571556091308594,0.00025,dynamic-obstacles-8x8,MiniGrid-Dynamic-Obstacles-8x8-v0,1
237568,1185.66,-0.02,252.47,0.4732218086719513,-0.4731043748557567,-0.0157387956045568,1.5119810154828884e-05,0.012708101,0.11318359375,-9.629401206970217,0.00025,dynamic-obstacles-8x8,MiniGrid-Dynamic-Obstacles-8x8-v0,1
238592,1189.215,-0.02,252.47,0.5315250754356384,-0.4930212289094925,-0.0069178877747617,0.0079102198244072,0.009630076,0.1103515625,-0.0014870166778564,0.00025,dynamic-obstacles-8x8,MiniGrid-Dynamic-Obstacles-8x8-v0,1
239616,1194.67,-0.03,251.62,0.4844529330730438,-0.5390628039836883,-0.0160617643618024,7.396374949166784e-05,0.010501018,0.09990234375,-13.174948692321776,0.00025,dynamic-obstacles-8x8,MiniGrid-Dynamic-Obstacles-8x8-v0,1
240640,1208.164,-0.03,251.62,0.5557319521903992,-0.5275486074388027,-0.013360398216173,0.0079991063423221,0.024214186,0.1572265625,-0.0114341974258422,0.00025,dynamic-obstacles-8x8,MiniGrid-Dynamic-Obstacles-8x8-v0,1
241664,1212.694,-0.03,251.62,0.53258216381073,-0.5518864959478378,-0.0186689985566772,2.6960271407006078e-05,0.01464238,0.10458984375,-7.954230308532715,0.00025,dynamic-obstacles-8x8,MiniGrid-Dynamic-Obstacles-8x8-v0,1
242688,1216.434,-0.04,250.35,0.556687593460083,-0.5487066216766834,-0.0204317534109577,1.9901325867976996e-05,0.0134625845,0.117578125,-9.618536949157717,0.00025,dynamic-obstacles-8x8,MiniGrid-Dynamic-Obstacles-8x8-v0,1
243712,1220.867,-0.04,250.35,0.5536149740219116,-0.5695119887590409,-0.0133293584920465,0.0078877200314309,0.020216942,0.1365234375,0.0023951530456542,0.00025,dynamic-obstacles-8x8,MiniGrid-Dynamic-Obstacles-8x8-v0,1
244736,1224.597,-0.04,250.35,0.5643332600593567,-0.5536153703927994,-0.015152587252669,3.510770084176329e-05,0.008943094,0.085546875,-9.555367469787598,0.00025,dynamic-obstacles-8x8,MiniGrid-Dynamic-Obstacles-8x8-v0,1
245760,1229.094,-0.04,250.35,0.5219100713729858,-0.5543688155710698,-0.0214216452906839,1.6611102955721436e-05,0.013675002,0.1146484375,-7.840819358825684,0.00025,dynamic-obstacles-8x8,MiniGrid-Dynamic-Obstacles-8x8-v0,1
246784,1232.819,-0.1,242.45,0.5332821607589722,-0.52678759470582,-0.0209963245666585,1.7023220152623253e-05,0.013338894,0.11005859375,-9.869233131408691,0.00025,dynamic-obstacles-8x8,MiniGrid-Dynamic-Obstacles-8x8-v0,1
247808,1237.243,-0.13,240.0,0.5403897166252136,-0.5253822684288025,-0.0197722084587439,0.0362118988297879,0.017699057,0.11357421875,-0.0019310712814331,0.00025,dynamic-obstacles-8x8,MiniGrid-Dynamic-Obstacles-8x8-v0,1
248832,1241.224,-0.14,239.77,0.5903499722480774,-0.5438715629279613,-0.0162013613386079,0.0194182527251541,0.013878955,0.12265625,0.0115993618965148,0.00025,dynamic-obstacles-8x8,MiniGrid-Dynamic-Obstacles-8x8-v0,1
249856,1245.741,-0.14,239.77,0.5505563616752625,-0.5635537251830101,-0.0150971683789975,0.006716874463018,0.018941242,0.17880859375,-0.0301212072372436,0.00025,dynamic-obstacles-8x8,MiniGrid-Dynamic-Obstacles-8x8-v0,1
250880,1257.514,-0.14,239.77,0.5665310025215149,-0.5440952181816101,-0.0180132223293185,0.0001197653542476,0.014612649,0.1412109375,-2.4987733364105225,0.00025,dynamic-obstacles-8x8,MiniGrid-Dynamic-Obstacles-8x8-v0,1
251904,1261.869,-0.14,239.77,0.5193659067153931,-0.5426784589886665,-0.0211923457682132,8.54804141454224e-05,0.013854038,0.1369140625,-2.4847726821899414,0.00025,dynamic-obstacles-8x8,MiniGrid-Dynamic-Obstacles-8x8-v0,1
252928,1265.478,-0.14,239.77,0.5196532607078552,-0.4888618648052215,-0.0104453270556405,7.389810234599281e-05,0.021295063,0.18134765625,-1.8170709609985352,0.00025,dynamic-obstacles-8x8,MiniGrid-Dynamic-Obstacles-8x8-v0,1
253952,1269.981,-0.14,239.77,0.4834102988243103,-0.5039581432938576,-0.0169957657577469,4.976808577339398e-05,0.012462335,0.1109375,-3.40841007232666,0.00025,dynamic-obstacles-8x8,MiniGrid-Dynamic-Obstacles-8x8-v0,1
254976,1273.46,-0.14,239.77,0.4692084193229675,-0.4715482965111732,-0.0162180687650106,3.943412693843129e-05,0.013840387,0.11279296875,-6.441088676452637,0.00025,dynamic-obstacles-8x8,MiniGrid-Dynamic-Obstacles-8x8-v0,1
256000,1278.5,-0.14,239.77,0.4927603006362915,-0.4707355618476868,-0.0161956849624402,3.734247047759709e-05,0.014815602,0.11376953125,-4.532620429992676,0.00025,dynamic-obstacles-8x8,MiniGrid-Dynamic-Obstacles-8x8-v0,1
257024,1283.099,-0.13,241.65,0.4663229882717132,-0.4794872850179672,-0.0187587094551417,2.9942689070594494e-05,0.014885798,0.1197265625,-7.476866722106934,0.00025,dynamic-obstacles-8x8,MiniGrid-Dynamic-Obstacles-8x8-v0,1
258048,1286.651,-0.13,241.65,0.4563578367233276,-0.4390250347554684,-0.0156866393401287,2.140979047453584e-05,0.01413173,0.1357421875,-12.766505241394045,0.00025,dynamic-obstacles-8x8,MiniGrid-Dynamic-Obstacles-8x8-v0,1
259072,1291.172,-0.13,241.65,0.4039614796638489,-0.4328454084694385,-0.0153059693053364,2.0736628630402262e-05,0.012896709,0.12607421875,-6.651369571685791,0.00025,dynamic-obstacles-8x8,MiniGrid-Dynamic-Obstacles-8x8-v0,1
260096,1302.556,-0.13,241.65,0.4306152164936065,-0.4060957342386245,-0.0205524649005383,1.8973706119140843e-05,0.016693398,0.12880859375,-10.148194313049316,0.00025,dynamic-obstacles-8x8,MiniGrid-Dynamic-Obstacles-8x8-v0,1
261120,1306.952,-0.13,241.65,0.4072182476520538,-0.4229710780084133,-0.0195734838023781,1.3840366932527104e-05,0.011218008,0.09296875,-20.38334846496582,0.00025,dynamic-obstacles-8x8,MiniGrid-Dynamic-Obstacles-8x8-v0,1
262144,1310.426,-0.12,243.3,0.3909020125865936,-0.4006988972425461,-0.0143148871255107,1.3396736926551968e-05,0.013728929,0.11259765625,-19.134307861328125,0.00025,dynamic-obstacles-8x8,MiniGrid-Dynamic-Obstacles-8x8-v0,1
263168,1315.07,-0.11,244.15,0.3825513422489166,-0.3898226581513881,-0.0175649111450184,1.1799579942817216e-05,0.012984114,0.11259765625,-11.179055213928224,0.00025,dynamic-obstacles-8x8,MiniGrid-Dynamic-Obstacles-8x8-v0,1
264192,1318.516,-0.11,244.15,0.3938446044921875,-0.3819037161767483,-0.0144114518305286,9.788283000489173e-06,0.00781716,0.0958984375,-11.95267391204834,0.00025,dynamic-obstacles-8x8,MiniGrid-Dynamic-Obstacles-8x8-v0,1
265216,1323.099,-0.11,244.15,0.3952321708202362,-0.3962510049343109,-0.0191837942344136,8.76057009691067e-06,0.016249651,0.11748046875,-19.52063369750977,0.00025,dynamic-obstacles-8x8,MiniGrid-Dynamic-Obstacles-8x8-v0,1
266240,1326.678,-0.11,244.15,0.3739718198776245,-0.3728635847568512,-0.0164997770392801,8.332028062341124e-06,0.013317548,0.10361328125,-12.782872200012209,0.00025,dynamic-obstacles-8x8,MiniGrid-Dynamic-Obstacles-8x8-v0,1
267264,1331.229,-0.1,245.42,0.3817577660083771,-0.3675435081124306,-0.0189834733027964,8.377592143915535e-06,0.021250162,0.12509765625,-20.360509872436523,0.00025,dynamic-obstacles-8x8,MiniGrid-Dynamic-Obstacles-8x8-v0,1
268288,1334.709,-0.1,245.42,0.3860906064510345,-0.3768581286072731,-0.0151124578434973,8.386829324535939e-06,0.009754118,0.10146484375,-20.89180374145508,0.00025,dynamic-obstacles-8x8,MiniGrid-Dynamic-Obstacles-8x8-v0,1
269312,1339.167,-0.1,245.42,0.374329149723053,-0.3831262648105621,-0.0168608087114989,8.709826886388328e-06,0.017714577,0.1017578125,-13.974019050598145,0.00025,dynamic-obstacles-8x8,MiniGrid-Dynamic-Obstacles-8x8-v0,1
270336,1353.851,-0.1,245.42,0.3834341764450073,-0.3822815649211407,-0.0128380208043381,8.596494274115684e-06,0.012554811,0.11435546875,-10.974714279174805,0.00025,dynamic-obstacles-8x8,MiniGrid-Dynamic-Obstacles-8x8-v0,1
271360,1358.287,-0.07,248.07,0.3698803782463074,-0.3723403684794902,-0.0120289550628513,8.99465616157613e-06,0.010174673,0.09921875,-10.866354942321776,0.00025,dynamic-obstacles-8x8,MiniGrid-Dynamic-Obstacles-8x8-v0,1
272384,1361.853,-0.03,253.44,0.3964297473430633,-0.3707799434661865,-0.0113367932790424,7.993749102297443e-06,0.008766836,0.0912109375,-31.378192901611328,0.00025,dynamic-obstacles-8x8,MiniGrid-Dynamic-Obstacles-8x8-v0,1
273408,1366.322,-0.01,255.77,0.4156623780727386,-0.3861260697245597,-0.012982005244703,6.500998767933197e-06,0.0093319155,0.0810546875,-33.11048889160156,0.00025,dynamic-obstacles-8x8,MiniGrid-Dynamic-Obstacles-8x8-v0,1
274432,1369.963,0.0,256.0,0.3583290874958038,-0.403022500872612,-0.0122371673001907,5.862642660758866e-06,0.011167464,0.10556640625,-12.083258628845217,0.00025,dynamic-obstacles-8x8,MiniGrid-Dynamic-Obstacles-8x8-v0,1
275456,1374.433,0.0,256.0,0.379224568605423,-0.3496461369097233,-0.010967886209255,5.359921760828001e-06,0.011206055,0.09736328125,-19.061004638671875,0.00025,dynamic-obstacles-8x8,MiniGrid-Dynamic-Obstacles-8x8-v0,1
276480,1378.058,0.0,256.0,0.3361841738224029,-0.3635781899094581,-0.0138818776351399,5.387772773701727e-06,0.017251804,0.126171875,-18.958763122558597,0.00025,dynamic-obstacles-8x8,MiniGrid-Dynamic-Obstacles-8x8-v0,1
277504,1382.423,0.0,256.0,0.3176501393318176,-0.3255338795483112,-0.0130875316448509,5.537256106435961e-06,0.016143847,0.1310546875,-18.19902801513672,0.00025,dynamic-obstacles-8x8,MiniGrid-Dynamic-Obstacles-8x8-v0,1
278528,1386.045,0.0,256.0,0.314540684223175,-0.2958199560642242,-0.0104578139260411,5.247816920928016e-06,0.012244511,0.11640625,-12.007487297058104,0.00025,dynamic-obstacles-8x8,MiniGrid-Dynamic-Obstacles-8x8-v0,1
279552,1390.462,0.0,256.0,0.3173448741436004,-0.3236570417881012,-0.0147783051943406,6.4438994513693615e-06,0.024436053,0.11494140625,-8.746291160583496,0.00025,dynamic-obstacles-8x8,MiniGrid-Dynamic-Obstacles-8x8-v0,1
280576,1403.461,0.0,256.0,0.3404040932655334,-0.3328405141830444,-0.0110149180283769,6.067200331472122e-06,0.019356463,0.11943359375,-24.2674560546875,0.00025,dynamic-obstacles-8x8,MiniGrid-Dynamic-Obstacles-8x8-v0,1
281600,1408.209,0.0,256.0,0.3467158079147339,-0.3383297145366669,-0.0165434372145682,6.495653178717476e-06,0.015314799,0.126171875,-33.07156753540039,0.00025,dynamic-obstacles-8x8,MiniGrid-Dynamic-Obstacles-8x8-v0,1
282624,1411.797,0.0,256.0,0.3263038098812103,-0.3392512291669846,-0.0121380493452306,8.25247137754559e-06,0.018868523,0.097265625,-25.82036399841309,0.00025,dynamic-obstacles-8x8,MiniGrid-Dynamic-Obstacles-8x8-v0,1
283648,1416.449,0.0,256.0,0.3394488096237182,-0.3141272753477097,-0.0162528508575633,9.319911703187244e-06,0.01860337,0.10322265625,-12.878461837768556,0.00025,dynamic-obstacles-8x8,MiniGrid-Dynamic-Obstacles-8x8-v0,1
284672,1419.994,0.0,256.0,0.3205416798591614,-0.3420354008674621,-0.0147025108104571,8.775237711233786e-06,0.016754178,0.1076171875,-28.708030700683597,0.00025,dynamic-obstacles-8x8,MiniGrid-Dynamic-Obstacles-8x8-v0,1
285696,1424.499,0.0,256.0,0.3157969713211059,-0.3123775348067283,-0.0098573294235393,7.365429303263226e-06,0.0113616865,0.100390625,-20.717796325683597,0.00025,dynamic-obstacles-8x8,MiniGrid-Dynamic-Obstacles-8x8-v0,1
286720,1428.161,0.0,256.0,0.327856957912445,-0.3136346623301506,-0.0097982295730616,1.1465949694411392e-05,0.014298398,0.08994140625,-9.980847358703612,0.00025,dynamic-obstacles-8x8,MiniGrid-Dynamic-Obstacles-8x8-v0,1
287744,1432.664,0.0,256.0,0.324210375547409,-0.3134256765246391,-0.010436632623896,9.763158595887944e-06,0.012324439,0.1001953125,-17.04479217529297,0.00025,dynamic-obstacles-8x8,MiniGrid-Dynamic-Obstacles-8x8-v0,1
288768,1436.258,0.0,256.0,0.3383758962154388,-0.3440580502152442,-0.0119001420913264,7.988945424131088e-06,0.015046086,0.08544921875,-12.922795295715332,0.00025,dynamic-obstacles-8x8,MiniGrid-Dynamic-Obstacles-8x8-v0,1
289792,1440.76,0.0,256.0,0.3111569285392761,-0.3290543869137764,-0.0115373776876367,6.954754928756301e-06,0.0127486745,0.1169921875,-26.351057052612305,0.00025,dynamic-obstacles-8x8,MiniGrid-Dynamic-Obstacles-8x8-v0,1
290816,1452.801,0.0,256.0,0.3517050445079803,-0.3161033757030964,-0.0132769979769364,7.028780521523003e-06,0.01192862,0.1072265625,-26.525161743164062,0.00025,dynamic-obstacles-8x8,MiniGrid-Dynamic-Obstacles-8x8-v0,1
291840,1457.313,0.0,256.0,0.3153806030750274,-0.351284734159708,-0.0152784370817244,6.509735453619214e-06,0.013092322,0.11337890625,-18.713502883911133,0.00025,dynamic-obstacles-8x8,MiniGrid-Dynamic-Obstacles-8x8-v0,1
292864,1460.899,0.0,256.0,0.3329889178276062,-0.3141217231750488,-0.0149831015849485,8.074784136624658e-06,0.008037686,0.076953125,-19.495874404907227,0.00025,dynamic-obstacles-8x8,MiniGrid-Dynamic-Obstacles-8x8-v0,1
293888,1465.721,0.0,256.0,0.3072143793106079,-0.3226981744170188,-0.0151078985072672,1.1547343319762147e-05,0.013134062,0.1052734375,-5.878355503082275,0.00025,dynamic-obstacles-8x8,MiniGrid-Dynamic-Obstacles-8x8-v0,1
294912,1469.504,0.0,256.0,0.3077437877655029,-0.2984451442956924,-0.0144130366505123,9.921245407440438e-06,0.016714407,0.1048828125,-8.320002555847168,0.00025,dynamic-obstacles-8x8,MiniGrid-Dynamic-Obstacles-8x8-v0,1
295936,1473.862,0.0,256.0,0.305002361536026,-0.3113644868135452,-0.0172610921319574,6.9122312083891305e-06,0.012801565,0.09130859375,-23.48110008239746,0.00025,dynamic-obstacles-8x8,MiniGrid-Dynamic-Obstacles-8x8-v0,1
296960,1477.602,0.0,256.0,0.3242282569408417,-0.2980656400322914,-0.0222021928522735,6.263345574097911e-06,0.023144864,0.12578125,-39.26620864868164,0.00025,dynamic-obstacles-8x8,MiniGrid-Dynamic-Obstacles-8x8-v0,1
297984,1482.08,0.0,256.0,0.3311159908771515,-0.3266647502779961,-0.0133031215111259,5.8951644859917e-06,0.011507323,0.08525390625,-17.964759826660156,0.00025,dynamic-obstacles-8x8,MiniGrid-Dynamic-Obstacles-8x8-v0,1
299008,1485.811,0.0,256.0,0.3369992673397064,-0.3398348726332187,-0.0127118100819643,5.6128894698304064e-06,0.01567913,0.09794921875,-17.18190574645996,0.00025,dynamic-obstacles-8x8,MiniGrid-Dynamic-Obstacles-8x8-v0,1
300032,1499.467,0.0,256.0,0.3423715233802795,-0.3312262870371342,-0.0132672018255107,4.635599157154502e-06,0.016638273,0.0939453125,-22.36284637451172,0.00025,dynamic-obstacles-8x8,MiniGrid-Dynamic-Obstacles-8x8-v0,1
301056,1504.252,0.0,256.0,0.3805552423000335,-0.3558544643223286,-0.0132163519971072,4.354405285766916e-06,0.0123119205,0.0837890625,-15.779386520385742,0.00025,dynamic-obstacles-8x8,MiniGrid-Dynamic-Obstacles-8x8-v0,1
302080,1507.961,0.0,256.0,0.3826315104961395,-0.3934924505650997,-0.0140567857772111,4.666417720500249e-06,0.012193051,0.095703125,-21.102703094482425,0.00025,dynamic-obstacles-8x8,MiniGrid-Dynamic-Obstacles-8x8-v0,1
303104,1512.426,0.0,256.0,0.3888498246669769,-0.3852758660912513,-0.0155109897488728,5.255330995623808e-06,0.018108498,0.11328125,-19.68424415588379,0.00025,dynamic-obstacles-8x8,MiniGrid-Dynamic-Obstacles-8x8-v0,1
304128,1516.11,0.0,256.0,0.4179594814777374,-0.3915696084499359,-0.0159580109349917,3.992803772234765e-06,0.008663866,0.07392578125,-13.19247055053711,0.00025,dynamic-obstacles-8x8,MiniGrid-Dynamic-Obstacles-8x8-v0,1
305152,1520.566,0.0,256.0,0.3972719013690948,-0.4282367013394832,-0.0131229759892448,3.338462522606278e-06,0.01094348,0.094921875,-13.51232624053955,0.00025,dynamic-obstacles-8x8,MiniGrid-Dynamic-Obstacles-8x8-v0,1
306176,1524.753,0.0,256.0,0.4093358814716339,-0.3910188123583794,-0.0175640305737033,3.508726882728297e-06,0.0138802435,0.09765625,-23.072736740112305,0.00025,dynamic-obstacles-8x8,MiniGrid-Dynamic-Obstacles-8x8-v0,1
307200,1529.532,0.0,256.0,0.421457827091217,-0.4156095519661903,-0.0146810957347042,3.0739297812942824e-06,0.009337107,0.0826171875,-31.28985977172852,0.00025,dynamic-obstacles-8x8,MiniGrid-Dynamic-Obstacles-8x8-v0,1
308224,1533.21,0.0,256.0,0.4314132332801819,-0.4204634681344032,-0.0181312811793759,2.5685372690986696e-06,0.013259385,0.1001953125,-10.145513534545898,0.00025,dynamic-obstacles-8x8,MiniGrid-Dynamic-Obstacles-8x8-v0,1
309248,1537.724,0.0,256.0,0.4247645139694214,-0.4559379175305366,-0.0153854788281023,2.452223327509273e-06,0.010173309,0.1005859375,-18.352542877197266,0.00025,dynamic-obstacles-8x8,MiniGrid-Dynamic-Obstacles-8x8-v0,1
310272,1550.13,0.0,256.0,0.4343182146549225,-0.4156420648097992,-0.017128218896687,3.0499841216169444e-06,0.008866058,0.108203125,-27.1030330657959,0.00025,dynamic-obstacles-8x8,MiniGrid-Dynamic-Obstacles-8x8-v0,1
311296,1554.851,0.0,256.0,0.4156752526760101,-0.4259720504283905,-0.0238052768399938,2.7628619989172874e-06,0.014916791,0.13125,-24.036666870117188,0.00025,dynamic-obstacles-8x8,MiniGrid-Dynamic-Obstacles-8x8-v0,1
312320,1558.455,0.0,256.0,0.3759804964065552,-0.4059135064482689,-0.0200099849840626,3.058954825974069e-06,0.014621455,0.10205078125,-11.22652816772461,0.00025,dynamic-obstacles-8x8,MiniGrid-Dynamic-Obstacles-8x8-v0,1
313344,1562.967,0.0,256.0,0.4272870123386383,-0.3799999140202999,-0.015076272340957,2.7923794732487297e-06,0.013657058,0.10478515625,-13.677973747253418,0.00025,dynamic-obstacles-8x8,MiniGrid-Dynamic-Obstacles-8x8-v0,1
314368,1566.563,0.0,256.0,0.4201433956623077,-0.4094739586114883,-0.0214156144764274,3.0913877708371727e-06,0.013833459,0.13232421875,-25.11248207092285,0.00025,dynamic-obstacles-8x8,MiniGrid-Dynamic-Obstacles-8x8-v0,1
315392,1571.087,0.0,256.0,0.3923759758472442,-0.4025194264948368,-0.0179274816298857,3.532466672595546e-06,0.008473683,0.10771484375,-8.133956909179688,0.00025,dynamic-obstacles-8x8,MiniGrid-Dynamic-Obstacles-8x8-v0,1
316416,1574.645,0.0,256.0,0.4114514589309692,-0.3915486261248588,-0.0200409919372759,3.522621938145676e-06,0.016011879,0.1427734375,-14.983293533325195,0.00025,dynamic-obstacles-8x8,MiniGrid-Dynamic-Obstacles-8x8-v0,1
317440,1579.154,-0.01,255.98,0.397969514131546,-0.4207067243754864,-0.0229258927865885,3.1259459035481995e-06,0.013445581,0.14140625,-10.893632888793944,0.00025,dynamic-obstacles-8x8,MiniGrid-Dynamic-Obstacles-8x8-v0,1
318464,1582.761,-0.01,255.98,0.415393978357315,-0.3964626878499985,-0.0108178869821131,0.0080780451069585,0.011237417,0.1025390625,0.0004878640174865,0.00025,dynamic-obstacles-8x8,MiniGrid-Dynamic-Obstacles-8x8-v0,1
319488,1587.572,-0.01,255.98,0.4327508211135864,-0.4147784076631069,-0.0174030185211449,0.000115810081661,0.0093295835,0.096484375,-2.805656671524048,0.00025,dynamic-obstacles-8x8,MiniGrid-Dynamic-Obstacles-8x8-v0,1
320512,1598.911,-0.01,255.98,0.4265128970146179,-0.4181325234472751,-0.0180988585227169,5.343061966414098e-05,0.01244084,0.1052734375,-3.478816509246826,0.00025,dynamic-obstacles-8x8,MiniGrid-Dynamic-Obstacles-8x8-v0,1
321536,1604.074,-0.01,255.98,0.4276742339134216,-0.4205835908651352,-0.0195712839136831,1.8630105023476064e-05,0.013670456,0.11103515625,-9.3706636428833,0.00025,dynamic-obstacles-8x8,MiniGrid-Dynamic-Obstacles-8x8-v0,1
322560,1608.216,-0.01,255.98,0.4041111469268799,-0.4151324659585952,-0.0174021656042896,8.92712632776238e-06,0.010901431,0.096875,-7.912714004516602,0.00025,dynamic-obstacles-8x8,MiniGrid-Dynamic-Obstacles-8x8-v0,1
323584,1612.516,-0.01,255.98,0.4354113340377807,-0.3876666411757469,-0.0196079842280596,7.677282633267169e-06,0.012282037,0.112890625,-7.367360115051269,0.00025,dynamic-obstacles-8x8,MiniGrid-Dynamic-Obstacles-8x8-v0,1
324608,1617.353,-0.01,255.98,0.4131344854831695,-0.4210978947579861,-0.0207547025289386,7.072754090131639e-06,0.0115799345,0.11689453125,-6.818537712097168,0.00025,dynamic-obstacles-8x8,MiniGrid-Dynamic-Obstacles-8x8-v0,1
325632,1620.52,-0.01,255.98,0.4041056334972381,-0.4131420932710171,-0.0202735547558404,7.149999680677865e-06,0.013065523,0.098046875,-10.974569320678713,0.00025,dynamic-obstacles-8x8,MiniGrid-Dynamic-Obstacles-8x8-v0,1
326656,1624.499,-0.01,255.98,0.3803007304668426,-0.3809414125978946,-0.0185616943752393,6.511166918699018e-06,0.016029434,0.09677734375,-8.768087387084961,0.00025,dynamic-obstacles-8x8,MiniGrid-Dynamic-Obstacles-8x8-v0,1
327680,1627.634,-0.01,255.98,0.3824633359909057,-0.3673241198062896,-0.0151738546323031,5.330753936050314e-06,0.011382792,0.1130859375,-9.684051513671877,0.00025,dynamic-obstacles-8x8,MiniGrid-Dynamic-Obstacles-8x8-v0,1
328704,1631.743,-0.01,255.98,0.380525141954422,-0.3862429253757,-0.0212034141557523,5.399677763762156e-06,0.01329288,0.09541015625,-12.8885498046875,0.00025,dynamic-obstacles-8x8,MiniGrid-Dynamic-Obstacles-8x8-v0,1
329728,1634.983,-0.01,255.98,0.38847416639328,-0.3761593408882618,-0.0196358158369548,5.5186194686029925e-06,0.012502384,0.096484375,-17.348764419555664,0.00025,dynamic-obstacles-8x8,MiniGrid-Dynamic-Obstacles-8x8-v0,1
330752,1646.014,-0.01,255.98,0.3937090337276459,-0.3966422252357006,-0.0170897034113295,5.99625834638573e-06,0.012159587,0.09716796875,-23.93192481994629,0.00025,dynamic-obstacles-8x8,MiniGrid-Dynamic-Obstacles-8x8-v0,1
331776,1649.968,-0.01,255.98,0.3819615840911865,-0.3938045687973499,-0.0161326711764559,5.370848953134555e-06,0.012355153,0.10810546875,-17.396724700927734,0.00025,dynamic-obstacles-8x8,MiniGrid-Dynamic-Obstacles-8x8-v0,1
332800,1653.366,-0.01,255.98,0.3573429584503174,-0.3779013626277446,-0.0130486663663759,4.604788199458199e-06,0.009625244,0.0947265625,-20.32577896118164,0.00025,dynamic-obstacles-8x8,MiniGrid-Dynamic-Obstacles-8x8-v0,1
333824,1657.413,-0.01,255.98,0.3796728551387787,-0.3599194601178169,-0.0193540086154825,4.0935015363174895e-06,0.013396211,0.10341796875,-7.483358383178711,0.00025,dynamic-obstacles-8x8,MiniGrid-Dynamic-Obstacles-8x8-v0,1
334848,1660.55,-0.01,255.98,0.3670555055141449,-0.3759450525045394,-0.0176895198179408,4.218494757424196e-06,0.013326615,0.1224609375,-34.45594024658203,0.00025,dynamic-obstacles-8x8,MiniGrid-Dynamic-Obstacles-8x8-v0,1
335872,1664.601,-0.01,255.98,0.3922345042228699,-0.3635102555155754,-0.017040396912489,4.768559688272944e-06,0.015573569,0.1189453125,-14.368755340576172,0.00025,dynamic-obstacles-8x8,MiniGrid-Dynamic-Obstacles-8x8-v0,1
336896,1667.787,-0.01,255.98,0.3628764152526855,-0.4030183061957359,-0.0183621409698389,4.093128592330686e-06,0.011484076,0.098828125,-25.849916458129883,0.00025,dynamic-obstacles-8x8,MiniGrid-Dynamic-Obstacles-8x8-v0,1
337920,1671.745,-0.01,255.98,0.3621381521224975,-0.3613664217293262,-0.0188498922390863,3.995202854412128e-06,0.013104267,0.11337890625,-25.364843368530277,0.00025,dynamic-obstacles-8x8,MiniGrid-Dynamic-Obstacles-8x8-v0,1
338944,1674.881,-0.01,255.98,0.3797138333320617,-0.3450132794678211,-0.0169283849070779,3.825140350954826e-06,0.01161119,0.11826171875,-19.45625305175781,0.00025,dynamic-obstacles-8x8,MiniGrid-Dynamic-Obstacles-8x8-v0,1
339968,1678.835,-0.01,255.98,0.347737580537796,-0.3705348558723926,-0.0218012958066537,3.947504382040279e-06,0.018153312,0.13818359375,-17.17463493347168,0.00025,dynamic-obstacles-8x8,MiniGrid-Dynamic-Obstacles-8x8-v0,1
340992,1688.633,-0.01,255.98,0.332907885313034,-0.3312764942646026,-0.0181691404781304,4.898785095974745e-06,0.012438368,0.09921875,-20.853538513183597,0.00025,dynamic-obstacles-8x8,MiniGrid-Dynamic-Obstacles-8x8-v0,1
342016,1692.779,-0.01,255.98,0.326393723487854,-0.3201495118439197,-0.0176806721719913,4.443192705139154e-06,0.017338332,0.1115234375,-20.925966262817383,0.00025,dynamic-obstacles-8x8,MiniGrid-Dynamic-Obstacles-8x8-v0,1
343040,1695.917,0.0,256.0,0.3374742865562439,-0.3341003537178039,-0.0197693911846727,4.8194647774835175e-06,0.016219586,0.10732421875,-9.51364040374756,0.00025,dynamic-obstacles-8x8,MiniGrid-Dynamic-Obstacles-8x8-v0,1
344064,1699.955,0.0,256.0,0.3130663633346557,-0.3234285533428192,-0.0133756534545682,5.269762652915233e-06,0.015956242,0.11474609375,-24.203388214111328,0.00025,dynamic-obstacles-8x8,MiniGrid-Dynamic-Obstacles-8x8-v0,1
345088,1703.149,0.0,256.0,0.344812273979187,-0.3157926507294178,-0.0199503378593362,5.046093940563879e-06,0.014036329,0.11962890625,-14.137298583984377,0.00025,dynamic-obstacles-8x8,MiniGrid-Dynamic-Obstacles-8x8-v0,1
346112,1707.254,0.0,256.0,0.315220296382904,-0.3441453970968723,-0.0223928715320653,4.635418497400678e-06,0.017422996,0.12490234375,-17.527971267700195,0.00025,dynamic-obstacles-8x8,MiniGrid-Dynamic-Obstacles-8x8-v0,1
347136,1710.481,0.0,256.0,0.3097807168960571,-0.3138066478073597,-0.0200130962999537,5.164053698081262e-06,0.02274011,0.11171875,-11.859593391418455,0.00025,dynamic-obstacles-8x8,MiniGrid-Dynamic-Obstacles-8x8-v0,1
348160,1714.525,0.0,256.0,0.3307920694351196,-0.320521842688322,-0.0159181417431682,4.753372957111424e-06,0.012495343,0.09306640625,-14.441679000854492,0.00025,dynamic-obstacles-8x8,MiniGrid-Dynamic-Obstacles-8x8-v0,1
349184,1717.684,0.0,256.0,0.3349108695983886,-0.3300588630139828,-0.0201588152878684,3.338330941460299e-06,0.018782945,0.119921875,-23.37451171875,0.00025,dynamic-obstacles-8x8,MiniGrid-Dynamic-Obstacles-8x8-v0,1
350208,1728.466,0.0,256.0,0.3091479241847992,-0.320528744161129,-0.0182383195671718,3.6109082770963134e-06,0.010809693,0.1068359375,-8.727619171142578,0.00025,dynamic-obstacles-8x8,MiniGrid-Dynamic-Obstacles-8x8-v0,1
351232,1732.47,0.0,256.0,0.3184169828891754,-0.3055839627981186,-0.0159991339663974,3.67363008990651e-06,0.016651437,0.09873046875,-10.963884353637695,0.00025,dynamic-obstacles-8x8,MiniGrid-Dynamic-Obstacles-8x8-v0,1
352256,1735.727,0.0,256.0,0.3093427121639251,-0.3084683544933796,-0.0179309141472913,3.702953893025551e-06,0.013137126,0.0974609375,-33.86701202392578,0.00025,dynamic-obstacles-8x8,MiniGrid-Dynamic-Obstacles-8x8-v0,1
353280,1739.716,0.0,256.0,0.3141896724700928,-0.3114742860198021,-0.019516243005637,2.967489007232871e-06,0.019557884,0.1142578125,-13.99746799468994,0.00025,dynamic-obstacles-8x8,MiniGrid-Dynamic-Obstacles-8x8-v0,1
354304,1742.936,0.0,256.0,0.2702184915542602,-0.3122129455208778,-0.0193364094011485,3.0578108578538377e-06,0.012835847,0.09833984375,-24.98251342773437,0.00025,dynamic-obstacles-8x8,MiniGrid-Dynamic-Obstacles-8x8-v0,1
355328,1746.916,0.0,256.0,0.3173384070396423,-0.2757908031344414,-0.0182417853269726,3.1541619307517976e-06,0.014555881,0.1078125,-22.160533905029297,0.00025,dynamic-obstacles-8x8,MiniGrid-Dynamic-Obstacles-8x8-v0,1
356352,1750.101,0.0,256.0,0.3278183341026306,-0.3212661258876323,-0.0181996693252585,3.433695729881947e-06,0.019226626,0.1240234375,-8.575871467590332,0.00025,dynamic-obstacles-8x8,MiniGrid-Dynamic-Obstacles-8x8-v0,1
357376,1754.078,0.0,256.0,0.3228624761104584,-0.3368419110774994,-0.0177556018403265,3.1631296678824584e-06,0.013181078,0.11328125,-11.067996978759766,0.00025,dynamic-obstacles-8x8,MiniGrid-Dynamic-Obstacles-8x8-v0,1
358400,1757.186,0.0,256.0,0.3321469128131866,-0.3195822268724441,-0.0229199533467181,3.07263234731181e-06,0.02624765,0.15732421875,-10.751941680908203,0.00025,dynamic-obstacles-8x8,MiniGrid-Dynamic-Obstacles-8x8-v0,1
359424,1761.205,0.0,256.0,0.3153099119663238,-0.3189976789057255,-0.0175820767297409,2.773362717789496e-06,0.01283166,0.1052734375,-10.467290878295898,0.00025,dynamic-obstacles-8x8,MiniGrid-Dynamic-Obstacles-8x8-v0,1
360448,1771.314,0.0,256.0,0.28544482588768,-0.3071845471858978,-0.0139843859709799,2.792344270119429e-06,0.010147134,0.08271484375,-21.543365478515625,0.00025,dynamic-obstacles-8x8,MiniGrid-Dynamic-Obstacles-8x8-v0,1
361472,1775.305,0.0,256.0,0.2911202311515808,-0.3057628147304058,-0.0187296146177686,2.7064032565249364e-06,0.027335059,0.117578125,-23.63402557373047,0.00025,dynamic-obstacles-8x8,MiniGrid-Dynamic-Obstacles-8x8-v0,1
362496,1778.452,0.0,256.0,0.3215743899345398,-0.297928886115551,-0.0151228473754599,2.661851635821222e-06,0.012884604,0.08994140625,-13.63386058807373,0.00025,dynamic-obstacles-8x8,MiniGrid-Dynamic-Obstacles-8x8-v0,1
363520,1782.377,0.0,256.0,0.2858984768390655,-0.3083775877952576,-0.0189984280557837,3.029736342341493e-06,0.02695921,0.14453125,-6.8758225440979,0.00025,dynamic-obstacles-8x8,MiniGrid-Dynamic-Obstacles-8x8-v0,1
364544,1785.491,0.0,256.0,0.2671136260032654,-0.2812562100589275,-0.0170994968269951,2.697944455576362e-06,0.01858186,0.0939453125,-14.264046669006348,0.00025,dynamic-obstacles-8x8,MiniGrid-Dynamic-Obstacles-8x8-v0,1
365568,1789.436,0.0,256.0,0.2521078288555145,-0.2663029797375202,-0.0198621113901026,2.8256668031190203e-06,0.023756325,0.106640625,-17.525434494018555,0.00025,dynamic-obstacles-8x8,MiniGrid-Dynamic-Obstacles-8x8-v0,1
366592,1792.535,0.0,256.0,0.2480275630950927,-0.2527656063437462,-0.0128776863974053,2.074315790423497e-06,0.015107632,0.07275390625,-19.4425106048584,0.00025,dynamic-obstacles-8x8,MiniGrid-Dynamic-Obstacles-8x8-v0,1
367616,1796.453,0.0,256.0,0.2621687650680542,-0.2571820713579654,-0.0178401579425553,2.1469632116577486e-06,0.017574102,0.10322265625,-7.473801612854004,0.00025,dynamic-obstacles-8x8,MiniGrid-Dynamic-Obstacles-8x8-v0,1
368640,1799.541,0.0,256.0,0.2583040595054626,-0.2700104407966137,-0.0188114974182099,2.168550633996347e-06,0.016931277,0.10546875,-15.811994552612305,0.00025,dynamic-obstacles-8x8,MiniGrid-Dynamic-Obstacles-8x8-v0,1
369664,1803.815,0.0,256.0,0.2859606444835663,-0.2837337367236614,-0.0176391227403655,2.3278292928807787e-06,0.015374757,0.11533203125,-8.020764350891113,0.00025,dynamic-obstacles-8x8,MiniGrid-Dynamic-Obstacles-8x8-v0,1
370688,1813.754,0.0,256.0,0.2926937937736511,-0.2854040995240211,-0.0173221212229691,2.14120217378877e-06,0.013239762,0.0955078125,-22.46678924560547,0.00025,dynamic-obstacles-8x8,MiniGrid-Dynamic-Obstacles-8x8-v0,1
371712,1817.752,0.0,256.0,0.2725769877433777,-0.293129863590002,-0.0155704761156812,1.9977578773477944e-06,0.009947028,0.0865234375,-17.889158248901367,0.00025,dynamic-obstacles-8x8,MiniGrid-Dynamic-Obstacles-8x8-v0,1
372736,1820.995,0.0,256.0,0.3231355249881744,-0.267754890024662,-0.0178376416210085,1.5164927049227118e-06,0.01906949,0.104296875,-13.58563995361328,0.00025,dynamic-obstacles-8x8,MiniGrid-Dynamic-Obstacles-8x8-v0,1
373760,1824.932,0.0,256.0,0.3121189177036285,-0.3278262063860893,-0.019272542046383,1.8069558109345965e-06,0.014458304,0.1076171875,-33.986759185791016,0.00025,dynamic-obstacles-8x8,MiniGrid-Dynamic-Obstacles-8x8-v0,1
374784,1828.03,0.0,256.0,0.3322214186191559,-0.3334517545998096,-0.0175670480122789,2.026315797820644e-06,0.0139796315,0.10703125,-35.18657684326172,0.00025,dynamic-obstacles-8x8,MiniGrid-Dynamic-Obstacles-8x8-v0,1
375808,1832.033,0.0,256.0,0.3108426928520202,-0.3324456788599491,-0.0160746691399253,2.002684027502255e-06,0.013372016,0.092578125,-14.214407920837402,0.00025,dynamic-obstacles-8x8,MiniGrid-Dynamic-Obstacles-8x8-v0,1
376832,1835.257,0.0,256.0,0.3513131737709045,-0.3044731423258781,-0.0169834577827714,2.278640192798776e-06,0.02078561,0.10810546875,-12.020997047424316,0.00025,dynamic-obstacles-8x8,MiniGrid-Dynamic-Obstacles-8x8-v0,1
377856,1839.306,0.0,256.0,0.3333114981651306,-0.3624783098697662,-0.0173483730410225,2.680393964737959e-06,0.021964198,0.111328125,-16.24335289001465,0.00025,dynamic-obstacles-8x8,MiniGrid-Dynamic-Obstacles-8x8-v0,1
378880,1842.378,0.0,256.0,0.3123084902763366,-0.3230677708983421,-0.0179436221602372,2.928167032223428e-06,0.011817394,0.08134765625,-27.24748039245605,0.00025,dynamic-obstacles-8x8,MiniGrid-Dynamic-Obstacles-8x8-v0,1
379904,1846.597,0.0,256.0,0.3364491164684295,-0.3264258354902267,-0.0155494682141579,2.6589898027395973e-06,0.018496964,0.116015625,-13.142451286315918,0.00025,dynamic-obstacles-8x8,MiniGrid-Dynamic-Obstacles-8x8-v0,1
380928,1857.986,0.0,256.0,0.2931875586509704,-0.3218158908188343,-0.0185240761493332,2.41773036577797e-06,0.011044661,0.09033203125,-15.432804107666016,0.00025,dynamic-obstacles-8x8,MiniGrid-Dynamic-Obstacles-8x8-v0,1
381952,1862.602,0.0,256.0,0.3041903972625732,-0.2831276930868626,-0.0165685391635634,2.333165076606747e-06,0.01967433,0.09521484375,-5.822858333587647,0.00025,dynamic-obstacles-8x8,MiniGrid-Dynamic-Obstacles-8x8-v0,1
382976,1865.887,0.0,256.0,0.2707124054431915,-0.3057674944400787,-0.0183108517318032,2.349404479673467e-06,0.018677779,0.08994140625,-14.77731227874756,0.00025,dynamic-obstacles-8x8,MiniGrid-Dynamic-Obstacles-8x8-v0,1
384000,1869.976,0.0,256.0,0.3043864369392395,-0.2956794951111078,-0.0216154768248088,2.335426717081645e-06,0.024303138,0.11962890625,-11.711970329284668,0.00025,dynamic-obstacles-8x8,MiniGrid-Dynamic-Obstacles-8x8-v0,1
385024,1873.248,0.0,256.0,0.282728761434555,-0.2938084948807954,-0.0189448388526216,3.0336252507368043e-06,0.016036037,0.1154296875,-9.432698249816896,0.00025,dynamic-obstacles-8x8,MiniGrid-Dynamic-Obstacles-8x8-v0,1
386048,1877.253,0.0,256.0,0.2863988876342773,-0.2829969875514507,-0.0198010644875466,2.5166897842154862e-06,0.012325291,0.08076171875,-11.540005683898926,0.00025,dynamic-obstacles-8x8,MiniGrid-Dynamic-Obstacles-8x8-v0,1
387072,1880.468,0.0,256.0,0.2725406289100647,-0.2896396026015281,-0.0176615180680528,3.7765796037092514e-06,0.018375712,0.100390625,-11.8026704788208,0.00025,dynamic-obstacles-8x8,MiniGrid-Dynamic-Obstacles-8x8-v0,1
388096,1884.456,0.0,256.0,0.2752673923969269,-0.2710664816200733,-0.0201376512239221,4.013011533743338e-06,0.023156885,0.12568359375,-14.054635047912598,0.00025,dynamic-obstacles-8x8,MiniGrid-Dynamic-Obstacles-8x8-v0,1
389120,1887.605,0.0,256.0,0.2705400288105011,-0.2785802435129881,-0.0184686704189516,4.129362207550003e-06,0.010888611,0.07802734375,-11.412034034729004,0.00025,dynamic-obstacles-8x8,MiniGrid-Dynamic-Obstacles-8x8-v0,1
390144,1898.326,0.0,256.0,0.2482657730579376,-0.2571241293102503,-0.0183996141538955,4.337749857086237e-06,0.014811944,0.10087890625,-8.026483535766602,0.00025,dynamic-obstacles-8x8,MiniGrid-Dynamic-Obstacles-8x8-v0,1
391168,1902.259,0.0,256.0,0.2299085855484008,-0.2409720975905656,-0.0188411283306777,3.262062870135196e-06,0.01747847,0.09453125,-15.066043853759766,0.00025,dynamic-obstacles-8x8,MiniGrid-Dynamic-Obstacles-8x8-v0,1
392192,1905.544,0.0,256.0,0.2438668757677078,-0.2281364876776933,-0.0119543938431888,2.411449960959544e-06,0.013210803,0.08115234375,-33.25892639160156,0.00025,dynamic-obstacles-8x8,MiniGrid-Dynamic-Obstacles-8x8-v0,1
393216,1909.521,0.0,256.0,0.2829328775405884,-0.2555041637271643,-0.0158399608451873,2.602396341444546e-06,0.017253594,0.0927734375,-20.876941680908203,0.00025,dynamic-obstacles-8x8,MiniGrid-Dynamic-Obstacles-8x8-v0,1
394240,1912.616,0.0,256.0,0.2527828514575958,-0.2745145831257105,-0.0167282140930183,2.327181022110381e-06,0.014964647,0.08759765625,-20.352680206298828,0.00025,dynamic-obstacles-8x8,MiniGrid-Dynamic-Obstacles-8x8-v0,1
395264,1916.582,0.0,256.0,0.2762945294380188,-0.2536951590329409,-0.0165140454191714,2.4613102880266524e-06,0.013341709,0.0767578125,-10.250450134277344,0.00025,dynamic-obstacles-8x8,MiniGrid-Dynamic-Obstacles-8x8-v0,1
396288,1919.682,0.0,256.0,0.2388907670974731,-0.2608863592147827,-0.018183438712731,2.0401714323270425e-06,0.012745329,0.08310546875,-8.870646476745605,0.00025,dynamic-obstacles-8x8,MiniGrid-Dynamic-Obstacles-8x8-v0,1
397312,1923.608,0.0,256.0,0.2974811196327209,-0.2498796660453081,-0.0173463992192409,2.1068461222739645e-06,0.018176172,0.0943359375,-15.839075088500977,0.00025,dynamic-obstacles-8x8,MiniGrid-Dynamic-Obstacles-8x8-v0,1
398336,1926.824,0.0,256.0,0.3190895617008209,-0.3053100347518921,-0.0172754759201779,2.0676882371617466e-06,0.013692348,0.08349609375,-36.053619384765625,0.00025,dynamic-obstacles-8x8,MiniGrid-Dynamic-Obstacles-8x8-v0,1
399360,1931.091,0.0,256.0,0.3234211504459381,-0.301705065369606,-0.0148178528412245,2.073019740578275e-06,0.011450954,0.09892578125,-41.52937316894531,0.00025,dynamic-obstacles-8x8,MiniGrid-Dynamic-Obstacles-8x8-v0,1
400384,1941.157,0.0,256.0,0.316007912158966,-0.3168968558311462,-0.0168224860215559,2.5814085631736818e-06,0.015201764,0.09697265625,-20.678438186645508,0.00025,dynamic-obstacles-8x8,MiniGrid-Dynamic-Obstacles-8x8-v0,1
401408,1945.388,0.0,256.0,0.3078954219818115,-0.328714370727539,-0.0194261212600395,1.9815329352468323e-06,0.01769755,0.1103515625,-38.31532287597656,0.00025,dynamic-obstacles-8x8,MiniGrid-Dynamic-Obstacles-8x8-v0,1
402432,1948.908,0.0,256.0,0.3195807337760925,-0.3045574381947517,-0.0158502248348668,2.1100657477290958e-06,0.009593344,0.07451171875,-18.4073543548584,0.00025,dynamic-obstacles-8x8,MiniGrid-Dynamic-Obstacles-8x8-v0,1
403456,1953.243,0.0,256.0,0.2987125515937805,-0.3205548971891403,-0.0183733445359393,1.933535463649605e-06,0.013525609,0.09169921875,-20.03173446655273,0.00025,dynamic-obstacles-8x8,MiniGrid-Dynamic-Obstacles-8x8-v0,1
404480,1956.45,0.0,256.0,0.2899544239044189,-0.3041147038340568,-0.016442145849578,1.5550876298675577e-06,0.027218571,0.09013671875,-36.69107055664063,0.00025,dynamic-obstacles-8x8,MiniGrid-Dynamic-Obstacles-8x8-v0,1
405504,1960.395,0.0,256.0,0.2983006238937378,-0.2889546319842339,-0.0164258869888726,2.089459229637214e-06,0.0118193,0.0771484375,-19.932918548583984,0.00025,dynamic-obstacles-8x8,MiniGrid-Dynamic-Obstacles-8x8-v0,1
406528,1963.524,0.0,256.0,0.2791827917098999,-0.3060856789350509,-0.0167009635362774,2.124695399174925e-06,0.019610617,0.1029296875,-19.243770599365234,0.00025,dynamic-obstacles-8x8,MiniGrid-Dynamic-Obstacles-8x8-v0,1
407552,1967.577,0.0,256.0,0.3315964043140411,-0.2977989964187145,-0.0177140318031888,2.8165370963506576e-06,0.019701548,0.10390625,-9.76784324645996,0.00025,dynamic-obstacles-8x8,MiniGrid-Dynamic-Obstacles-8x8-v0,1
408576,1970.713,0.0,256.0,0.3186605870723724,-0.335877002030611,-0.0220053089433349,2.782818120294905e-06,0.018852986,0.1271484375,-31.42207717895508,0.00025,dynamic-obstacles-8x8,MiniGrid-Dynamic-Obstacles-8x8-v0,1
409600,1974.867,0.0,256.0,0.3282638192176819,-0.3235580988228321,-0.0229008148657158,3.078354109220527e-06,0.016460996,0.11455078125,-25.09418296813965,0.00025,dynamic-obstacles-8x8,MiniGrid-Dynamic-Obstacles-8x8-v0,1
410624,1984.66,0.0,256.0,0.3402587175369262,-0.3325301066040992,-0.0203534369822591,3.470292688234622e-06,0.012163892,0.08330078125,-22.76558494567871,0.00025,dynamic-obstacles-8x8,MiniGrid-Dynamic-Obstacles-8x8-v0,1
411648,1988.631,0.0,256.0,0.3057593405246734,-0.3202444732189178,-0.0224066392343956,3.582790247946832e-06,0.015672356,0.08818359375,-41.43007278442383,0.00025,dynamic-obstacles-8x8,MiniGrid-Dynamic-Obstacles-8x8-v0,1
412672,1991.829,0.0,256.0,0.308174580335617,-0.2916712656617165,-0.0226008112775161,3.3728450830494696e-06,0.023625055,0.1150390625,-15.86680030822754,0.00025,dynamic-obstacles-8x8,MiniGrid-Dynamic-Obstacles-8x8-v0,1
413696,1995.827,0.0,256.0,0.2784136533737182,-0.3169399559497833,-0.0203634096891619,3.221580720946804e-06,0.016843129,0.10888671875,-9.496886253356934,0.00025,dynamic-obstacles-8x8,MiniGrid-Dynamic-Obstacles-8x8-v0,1
414720,1999.043,0.0,256.0,0.2965171933174133,-0.277853724360466,-0.0206974640488624,2.729425261804863e-06,0.029458586,0.10859375,-17.399826049804688,0.00025,dynamic-obstacles-8x8,MiniGrid-Dynamic-Obstacles-8x8-v0,1
415744,2002.996,0.0,256.0,0.2842858135700226,-0.309007516503334,-0.0186775917885825,2.7467588779472864e-06,0.01853392,0.10283203125,-13.58195686340332,0.00025,dynamic-obstacles-8x8,MiniGrid-Dynamic-Obstacles-8x8-v0,1
416768,2006.234,0.0,256.0,0.2580838799476623,-0.2861595880240202,-0.01851452505216,2.775544618316417e-06,0.016648175,0.0904296875,-23.924388885498047,0.00025,dynamic-obstacles-8x8,MiniGrid-Dynamic-Obstacles-8x8-v0,1
417792,2010.183,0.0,256.0,0.2720648050308227,-0.267653913795948,-0.0174558456521481,2.806691958312513e-06,0.013025396,0.0822265625,-17.96730613708496,0.00025,dynamic-obstacles-8x8,MiniGrid-Dynamic-Obstacles-8x8-v0,1
418816,2013.302,0.0,256.0,0.3119076192378998,-0.2781031109392643,-0.0178750833612866,2.8951489696282804e-06,0.015754301,0.084375,-17.412710189819336,0.00025,dynamic-obstacles-8x8,MiniGrid-Dynamic-Obstacles-8x8-v0,1
419840,2017.275,0.0,256.0,0.314683049917221,-0.3132697589695453,-0.0152857919572852,2.2256902610706674e-06,0.015090004,0.08955078125,-28.84507942199707,0.00025,dynamic-obstacles-8x8,MiniGrid-Dynamic-Obstacles-8x8-v0,1
420864,2027.0,0.0,256.0,0.3010069131851196,-0.2955088183283806,-0.0193955630995333,2.556230811023852e-06,0.017611207,0.1052734375,-20.647783279418945,0.00025,dynamic-obstacles-8x8,MiniGrid-Dynamic-Obstacles-8x8-v0,1
421888,2030.977,0.0,256.0,0.3345361351966858,-0.3185893766582012,-0.0176015388220548,5.251473010048358e-06,0.015424869,0.1080078125,-34.31892395019531,0.00025,dynamic-obstacles-8x8,MiniGrid-Dynamic-Obstacles-8x8-v0,1
422912,2034.142,0.0,256.0,0.3288770020008087,-0.33231852799654,-0.0166224658023566,4.12455995046912e-06,0.015297247,0.1107421875,-9.523563385009766,0.00025,dynamic-obstacles-8x8,MiniGrid-Dynamic-Obstacles-8x8-v0,1
423936,2038.095,0.0,256.0,0.3013145923614502,-0.3234927736222744,-0.0188491122215054,4.490663599199252e-06,0.020502282,0.1263671875,-9.837727546691896,0.00025,dynamic-obstacles-8x8,MiniGrid-Dynamic-Obstacles-8x8-v0,1
424960,2041.286,0.0,256.0,0.3288449645042419,-0.3127931199967861,-0.0163373166345991,3.515577139978632e-06,0.014872458,0.1041015625,-29.426410675048828,0.00025,dynamic-obstacles-8x8,MiniGrid-Dynamic-Obstacles-8x8-v0,1
425984,2045.185,0.0,256.0,0.2821457982063293,-0.3229961715638637,-0.0177070525242015,3.905375012891454e-06,0.01792513,0.096875,-21.99245834350586,0.00025,dynamic-obstacles-8x8,MiniGrid-Dynamic-Obstacles-8x8-v0,1
427008,2048.312,0.0,256.0,0.3502818942070007,-0.2979602854698896,-0.0175985022797249,3.7093876244398418e-06,0.016681189,0.094140625,-22.61481094360352,0.00025,dynamic-obstacles-8x8,MiniGrid-Dynamic-Obstacles-8x8-v0,1
428032,2052.417,0.0,256.0,0.3567457795143127,-0.3617275923490524,-0.0247582293115556,3.674319873425702e-06,0.02740093,0.1169921875,-17.531780242919922,0.00025,dynamic-obstacles-8x8,MiniGrid-Dynamic-Obstacles-8x8-v0,1
429056,2055.463,0.0,256.0,0.386635959148407,-0.3533949561417103,-0.0170894745388068,3.4105607312540086e-06,0.019692032,0.09580078125,-23.77719116210937,0.00025,dynamic-obstacles-8x8,MiniGrid-Dynamic-Obstacles-8x8-v0,1
430080,2066.211,0.0,256.0,0.339377611875534,-0.3912253364920616,-0.0216163339209742,3.1929067347391536e-06,0.014114711,0.09814453125,-17.19322395324707,0.00025,dynamic-obstacles-8x8,MiniGrid-Dynamic-Obstacles-8x8-v0,1
431104,2070.182,0.0,256.0,0.3399637639522552,-0.3320844776928425,-0.0194377802778035,3.305480151993833e-06,0.016197931,0.0982421875,-15.293497085571287,0.00025,dynamic-obstacles-8x8,MiniGrid-Dynamic-Obstacles-8x8-v0,1
432128,2073.311,0.0,256.0,0.2892051041126251,-0.3245059102773666,-0.0234770017676055,3.2238993355804268e-06,0.017923476,0.1134765625,-19.688945770263672,0.00025,dynamic-obstacles-8x8,MiniGrid-Dynamic-Obstacles-8x8-v0,1
433152,2077.326,0.0,256.0,0.3381398916244507,-0.2968655206263065,-0.0174157437635585,3.400669800157629e-06,0.013647843,0.09775390625,-13.945441246032717,0.00025,dynamic-obstacles-8x8,MiniGrid-Dynamic-Obstacles-8x8-v0,1
434176,2080.474,0.0,256.0,0.3287191092967987,-0.3247862279415131,-0.0210502824105788,3.1608356437118347e-06,0.016448181,0.11533203125,-21.53830337524414,0.00025,dynamic-obstacles-8x8,MiniGrid-Dynamic-Obstacles-8x8-v0,1
435200,2084.83,0.0,256.0,0.3154520392417907,-0.3230939373373985,-0.0198592603090219,4.182605971436715e-06,0.021687832,0.1140625,-19.527061462402344,0.00025,dynamic-obstacles-8x8,MiniGrid-Dynamic-Obstacles-8x8-v0,1
436224,2088.33,0.0,256.0,0.3176853358745575,-0.3103543877601623,-0.0186280873138457,4.952916418687891e-06,0.025169268,0.13359375,-8.033839225769043,0.00025,dynamic-obstacles-8x8,MiniGrid-Dynamic-Obstacles-8x8-v0,1
437248,2092.344,0.0,256.0,0.3053292632102966,-0.310582211613655,-0.018050783406943,4.554044079441155e-06,0.016988592,0.11416015625,-10.469256401062012,0.00025,dynamic-obstacles-8x8,MiniGrid-Dynamic-Obstacles-8x8-v0,1
438272,2095.469,0.0,256.0,0.3300849199295044,-0.3027525223791599,-0.0132763953413814,3.941519395311843e-06,0.012239667,0.1169921875,-24.371286392211918,0.00025,dynamic-obstacles-8x8,MiniGrid-Dynamic-Obstacles-8x8-v0,1
439296,2099.441,0.0,256.0,0.3074434697628021,-0.3251377791166305,-0.0176294281613081,3.6601111787604166e-06,0.02476554,0.130078125,-16.88031005859375,0.00025,dynamic-obstacles-8x8,MiniGrid-Dynamic-Obstacles-8x8-v0,1
440320,2110.745,0.0,256.0,0.3597440719604492,-0.3239331528544426,-0.0205572494596708,3.0219827920063835e-06,0.016169127,0.1134765625,-10.055540084838867,0.00025,dynamic-obstacles-8x8,MiniGrid-Dynamic-Obstacles-8x8-v0,1
441344,2114.903,0.0,256.0,0.3230937123298645,-0.3497665271162987,-0.0203923846827819,2.709874826223313e-06,0.013555288,0.1078125,-29.77165985107422,0.00025,dynamic-obstacles-8x8,MiniGrid-Dynamic-Obstacles-8x8-v0,1
442368,2118.065,0.0,256.0,0.3378587365150451,-0.3303917005658149,-0.0201152544468641,3.0841510806567386e-06,0.014587764,0.10224609375,-16.589344024658203,0.00025,dynamic-obstacles-8x8,MiniGrid-Dynamic-Obstacles-8x8-v0,1
443392,2122.094,0.0,256.0,0.3235238194465637,-0.3391459718346595,-0.0189099857467226,2.7088364618066407e-06,0.021906633,0.1333984375,-14.419225692749023,0.00025,dynamic-obstacles-8x8,MiniGrid-Dynamic-Obstacles-8x8-v0,1
444416,2125.249,0.0,256.0,0.3470002710819244,-0.3302789002656937,-0.0226725101354531,2.411732396012667e-06,0.017351747,0.11630859375,-13.019702911376951,0.00025,dynamic-obstacles-8x8,MiniGrid-Dynamic-Obstacles-8x8-v0,1
445440,2129.381,0.0,256.0,0.3396949768066406,-0.3459693402051925,-0.0201655214419588,2.033317190353045e-06,0.018251294,0.11796875,-16.47293472290039,0.00025,dynamic-obstacles-8x8,MiniGrid-Dynamic-Obstacles-8x8-v0,1
446464,2132.682,0.0,256.0,0.3253531157970428,-0.3252799466252327,-0.0181125236442312,2.4248293584605564e-06,0.014830645,0.1078125,-7.04058837890625,0.00025,dynamic-obstacles-8x8,MiniGrid-Dynamic-Obstacles-8x8-v0,1
447488,2136.7,0.0,256.0,0.3413488864898681,-0.3228471577167511,-0.0180328045273199,2.7716724559923023e-06,0.00921181,0.07412109375,-23.672042846679688,0.00025,dynamic-obstacles-8x8,MiniGrid-Dynamic-Obstacles-8x8-v0,1
448512,2139.855,0.0,256.0,0.3545942008495331,-0.3459771580994129,-0.0243397359037771,3.297267414836824e-06,0.018184157,0.130078125,-24.06933212280273,0.00025,dynamic-obstacles-8x8,MiniGrid-Dynamic-Obstacles-8x8-v0,1
449536,2143.805,0.0,256.0,0.3468016982078552,-0.3527818255126476,-0.0225942480610683,3.2416144961189277e-06,0.013900191,0.09736328125,-5.482563495635986,0.00025,dynamic-obstacles-8x8,MiniGrid-Dynamic-Obstacles-8x8-v0,1
450560,2155.207,0.0,256.0,0.3777211308479309,-0.3654004544019699,-0.0199684980791062,2.553773066438225e-06,0.018324807,0.10986328125,-11.061382293701172,0.00025,dynamic-obstacles-8x8,MiniGrid-Dynamic-Obstacles-8x8-v0,1
451584,2159.194,0.0,256.0,0.3788356781005859,-0.3734471388161182,-0.0185401155147701,2.198098559347272e-06,0.015368101,0.107421875,-27.101726531982425,0.00025,dynamic-obstacles-8x8,MiniGrid-Dynamic-Obstacles-8x8-v0,1
452608,2162.427,0.0,256.0,0.3875397741794586,-0.3792810894548893,-0.0205109267844818,2.169711109445416e-06,0.015538174,0.1015625,-8.324358940124512,0.00025,dynamic-obstacles-8x8,MiniGrid-Dynamic-Obstacles-8x8-v0,1
453632,2166.392,0.0,256.0,0.4031537175178528,-0.3905350565910339,-0.0198420888511464,2.515483186016354e-06,0.016631633,0.11796875,-7.585886001586914,0.00025,dynamic-obstacles-8x8,MiniGrid-Dynamic-Obstacles-8x8-v0,1
454656,2169.595,0.0,256.0,0.329484075307846,-0.3877164579927921,-0.02278643118334,3.0504656422181143e-06,0.016724475,0.1306640625,-28.3289737701416,0.00025,dynamic-obstacles-8x8,MiniGrid-Dynamic-Obstacles-8x8-v0,1
455680,2173.657,0.0,256.0,0.3754238486289978,-0.3314316317439079,-0.017514434910845,3.4090887425008986e-06,0.01610108,0.08759765625,-6.57916259765625,0.00025,dynamic-obstacles-8x8,MiniGrid-Dynamic-Obstacles-8x8-v0,1
456704,2176.869,0.0,256.0,0.3741196691989898,-0.3759317316114902,-0.0188803639146499,2.331148670009497e-06,0.014868812,0.1076171875,-13.673713684082031,0.00025,dynamic-obstacles-8x8,MiniGrid-Dynamic-Obstacles-8x8-v0,1
457728,2180.852,0.0,256.0,0.3779038190841675,-0.3724097162485122,-0.0196396831481251,2.723311189356537e-06,0.013606172,0.10439453125,-20.494930267333984,0.00025,dynamic-obstacles-8x8,MiniGrid-Dynamic-Obstacles-8x8-v0,1
458752,2183.996,0.0,256.0,0.3370813429355621,-0.3730730541050434,-0.0258459967910312,2.4269719801850443e-06,0.016708782,0.12724609375,-11.522235870361328,0.00025,dynamic-obstacles-8x8,MiniGrid-Dynamic-Obstacles-8x8-v0,1
459776,2188.0,0.0,256.0,0.343426376581192,-0.3303713589906693,-0.0194960491498932,3.100836346447977e-06,0.01599937,0.10400390625,-14.266013145446776,0.00025,dynamic-obstacles-8x8,MiniGrid-Dynamic-Obstacles-8x8-v0,1
460800,2197.987,0.0,256.0,0.3330828249454498,-0.3423392489552498,-0.0212535972474142,2.878793054605921e-06,0.017599914,0.11474609375,-10.530248641967772,0.00025,dynamic-obstacles-8x8,MiniGrid-Dynamic-Obstacles-8x8-v0,1
461824,2201.97,0.0,256.0,0.33374685049057,-0.3285351678729057,-0.0219296648865565,2.917665227641919e-06,0.025903001,0.12626953125,-25.272165298461918,0.00025,dynamic-obstacles-8x8,MiniGrid-Dynamic-Obstacles-8x8-v0,1
462848,2205.148,0.0,256.0,0.341835081577301,-0.3312989249825477,-0.0146576684783212,3.1118818526465475e-06,0.012030613,0.10751953125,-39.5982666015625,0.00025,dynamic-obstacles-8x8,MiniGrid-Dynamic-Obstacles-8x8-v0,1
463872,2209.35,0.0,256.0,0.3222860395908355,-0.3506784111261368,-0.0221764782210811,3.476413820635571e-06,0.021693602,0.13173828125,-17.54227638244629,0.00025,dynamic-obstacles-8x8,MiniGrid-Dynamic-Obstacles-8x8-v0,1
464896,2212.524,0.0,256.0,0.3146775066852569,-0.3311310544610023,-0.0233310164883732,3.0701605737704085e-06,0.021947062,0.11962890625,-18.472070693969727,0.00025,dynamic-obstacles-8x8,MiniGrid-Dynamic-Obstacles-8x8-v0,1
465920,2217.108,0.0,256.0,0.3074657320976257,-0.3086408145725727,-0.0184561198577284,2.9079005173571203e-06,0.012789052,0.1134765625,-25.237661361694336,0.00025,dynamic-obstacles-8x8,MiniGrid-Dynamic-Obstacles-8x8-v0,1
466944,2220.236,0.0,256.0,0.3560737371444702,-0.3102181278169155,-0.0202433948754332,2.8912126850855204e-06,0.014356219,0.12080078125,-6.914238929748535,0.00025,dynamic-obstacles-8x8,MiniGrid-Dynamic-Obstacles-8x8-v0,1
467968,2224.227,0.0,256.0,0.3552439510822296,-0.3696626372635364,-0.0246794662205502,2.74375864250942e-06,0.025803488,0.12041015625,-24.23841094970703,0.00025,dynamic-obstacles-8x8,MiniGrid-Dynamic-Obstacles-8x8-v0,1
468992,2227.736,0.0,256.0,0.361367404460907,-0.3538390293717384,-0.0179048374877311,3.0558988839857195e-06,0.01581927,0.105859375,-15.258474349975586,0.00025,dynamic-obstacles-8x8,MiniGrid-Dynamic-Obstacles-8x8-v0,1
470016,2238.513,0.0,256.0,0.3490601181983948,-0.3782796762883663,-0.0206021566176787,2.787875854437516e-06,0.019898158,0.1044921875,-11.409043312072754,0.00025,dynamic-obstacles-8x8,MiniGrid-Dynamic-Obstacles-8x8-v0,1
471040,2242.932,0.0,256.0,0.3632314205169678,-0.3461783818900585,-0.0211524785496294,2.7375799675155577e-06,0.023407819,0.13037109375,-13.909482955932615,0.00025,dynamic-obstacles-8x8,MiniGrid-Dynamic-Obstacles-8x8-v0,1
472064,2246.523,0.0,256.0,0.3415874242782593,-0.3612361811101436,-0.0227334077935665,2.843290712917224e-06,0.018802244,0.1185546875,-18.98027801513672,0.00025,dynamic-obstacles-8x8,MiniGrid-Dynamic-Obstacles-8x8-v0,1
473088,2251.159,0.0,256.0,0.3615550398826599,-0.3357058882713318,-0.0198576618451625,2.498098075420785e-06,0.014850398,0.09365234375,-8.11164665222168,0.00025,dynamic-obstacles-8x8,MiniGrid-Dynamic-Obstacles-8x8-v0,1
474112,2254.972,0.0,256.0,0.3737914562225342,-0.347765302658081,-0.0208520322572439,2.1775062521101064e-06,0.014449168,0.12080078125,-10.06837558746338,0.00025,dynamic-obstacles-8x8,MiniGrid-Dynamic-Obstacles-8x8-v0,1
475136,2259.676,0.0,256.0,0.3445218503475189,-0.369462014734745,-0.0213870382052846,2.4423803665740705e-06,0.015264497,0.10498046875,-8.201876640319824,0.00025,dynamic-obstacles-8x8,MiniGrid-Dynamic-Obstacles-8x8-v0,1
476160,2263.292,0.0,256.0,0.3643650114536285,-0.3433532252907753,-0.0174681334290653,2.581609447815936e-06,0.017768778,0.104296875,-15.318597793579102,0.00025,dynamic-obstacles-8x8,MiniGrid-Dynamic-Obstacles-8x8-v0,1
477184,2267.821,0.0,256.0,0.3647378385066986,-0.3741144314408302,-0.0186630851589143,2.473554934567801e-06,0.015126343,0.11240234375,-10.131604194641112,0.00025,dynamic-obstacles-8x8,MiniGrid-Dynamic-Obstacles-8x8-v0,1
478208,2271.306,0.0,256.0,0.3410799205303192,-0.3646395847201347,-0.0262585634714923,2.752444578391078e-06,0.021321319,0.12158203125,-15.89816665649414,0.00025,dynamic-obstacles-8x8,MiniGrid-Dynamic-Obstacles-8x8-v0,1
479232,2276.085,0.0,256.0,0.3566019535064697,-0.3440483622252941,-0.020139264408499,3.4904745746189293e-06,0.014848093,0.1197265625,-21.87819099426269,0.00025,dynamic-obstacles-8x8,MiniGrid-Dynamic-Obstacles-8x8-v0,1
480256,2285.771,0.0,256.0,0.2919516563415527,-0.3539127208292484,-0.0212297784630209,4.17368177068056e-06,0.014131256,0.107421875,-11.87044906616211,0.00025,dynamic-obstacles-8x8,MiniGrid-Dynamic-Obstacles-8x8-v0,1
481280,2289.703,0.0,256.0,0.2979032397270202,-0.2810208648443222,-0.0216687481151893,3.609425442618885e-06,0.016135775,0.0921875,-27.02004051208496,0.00025,dynamic-obstacles-8x8,MiniGrid-Dynamic-Obstacles-8x8-v0,1
482304,2293.018,0.0,256.0,0.3385235071182251,-0.2921860009431839,-0.0207373710582032,3.452665771419561e-06,0.018167831,0.11640625,-15.115629196166992,0.00025,dynamic-obstacles-8x8,MiniGrid-Dynamic-Obstacles-8x8-v0,1
483328,2296.977,0.0,256.0,0.2691771686077118,-0.3351712815463543,-0.0226445965236052,3.1164475672085245e-06,0.018742496,0.11337890625,-11.054388046264648,0.00025,dynamic-obstacles-8x8,MiniGrid-Dynamic-Obstacles-8x8-v0,1
484352,2300.121,0.0,256.0,0.2957408130168915,-0.2688125945627689,-0.0184083414380438,2.904814641624398e-06,0.014237115,0.08896484375,-11.646342277526855,0.00025,dynamic-obstacles-8x8,MiniGrid-Dynamic-Obstacles-8x8-v0,1
485376,2304.127,0.0,256.0,0.3101527988910675,-0.2885486789047718,-0.0199233387946151,3.009617375937523e-06,0.01998212,0.12138671875,-23.08055877685547,0.00025,dynamic-obstacles-8x8,MiniGrid-Dynamic-Obstacles-8x8-v0,1
486400,2307.328,0.0,256.0,0.2746434509754181,-0.3028154850006103,-0.0190101271495223,2.8682516358458087e-06,0.020151895,0.10927734375,-8.962244033813477,0.00025,dynamic-obstacles-8x8,MiniGrid-Dynamic-Obstacles-8x8-v0,1
487424,2311.257,0.0,256.0,0.3098546266555786,-0.2737550687044859,-0.0145445479312911,3.124926217878965e-06,0.014505081,0.09794921875,-12.884458541870115,0.00025,dynamic-obstacles-8x8,MiniGrid-Dynamic-Obstacles-8x8-v0,1
488448,2314.37,0.0,256.0,0.2675238251686096,-0.3083783261477947,-0.016332426527515,2.393593655369841e-06,0.020564266,0.12529296875,-25.23676300048828,0.00025,dynamic-obstacles-8x8,MiniGrid-Dynamic-Obstacles-8x8-v0,1
489472,2318.338,0.0,256.0,0.2676756381988525,-0.2705289416015148,-0.0194007757352665,2.6040287480100234e-06,0.016361207,0.09580078125,-7.061042785644531,0.00025,dynamic-obstacles-8x8,MiniGrid-Dynamic-Obstacles-8x8-v0,1
490496,2328.173,0.0,256.0,0.2727327346801758,-0.2697464775294065,-0.0191663796082139,2.169133227880593e-06,0.017327944,0.09814453125,-12.6056547164917,0.00025,dynamic-obstacles-8x8,MiniGrid-Dynamic-Obstacles-8x8-v0,1
491520,2332.212,0.0,256.0,0.3022485077381134,-0.2679186698049307,-0.0195998119190335,2.414738492007018e-06,0.029277237,0.12822265625,-12.436763763427734,0.00025,dynamic-obstacles-8x8,MiniGrid-Dynamic-Obstacles-8x8-v0,1
492544,2335.355,0.0,256.0,0.2304653525352478,-0.2929402060806751,-0.0183970511250663,2.276840692161386e-06,0.01729587,0.08466796875,-14.526854515075684,0.00025,dynamic-obstacles-8x8,MiniGrid-Dynamic-Obstacles-8x8-v0,1
493568,2339.318,0.0,256.0,0.2786000967025757,-0.2265082061290741,-0.015648363053333,2.354500364276646e-06,0.01533309,0.08193359375,-16.894020080566406,0.00025,dynamic-obstacles-8x8,MiniGrid-Dynamic-Obstacles-8x8-v0,1
494592,2342.553,0.0,256.0,0.2847095429897308,-0.282417993992567,-0.018593983608298,2.9692708494621917e-06,0.014811588,0.11337890625,-8.576051712036133,0.00025,dynamic-obstacles-8x8,MiniGrid-Dynamic-Obstacles-8x8-v0,1
495616,2346.546,0.0,256.0,0.3176867067813873,-0.2854286797344684,-0.0191338997567072,2.2716654058285714e-06,0.013032792,0.0974609375,-20.0540714263916,0.00025,dynamic-obstacles-8x8,MiniGrid-Dynamic-Obstacles-8x8-v0,1
496640,2349.707,0.0,256.0,0.2586113512516022,-0.3176099278032779,-0.0166589681757614,2.0609946119520827e-06,0.024204245,0.114453125,-15.016332626342772,0.00025,dynamic-obstacles-8x8,MiniGrid-Dynamic-Obstacles-8x8-v0,1
497664,2353.703,0.0,256.0,0.3012314140796661,-0.2557686187326908,-0.0190780994249507,1.9688340046286613e-06,0.017463848,0.10166015625,-10.576746940612791,0.00025,dynamic-obstacles-8x8,MiniGrid-Dynamic-Obstacles-8x8-v0,1
498688,2356.802,0.0,256.0,0.238898754119873,-0.3114412888884544,-0.0177558716153726,1.8420960088860736e-06,0.016933031,0.1009765625,-7.963751792907715,0.00025,dynamic-obstacles-8x8,MiniGrid-Dynamic-Obstacles-8x8-v0,1
499712,2360.777,0.0,256.0,0.2340207695960998,-0.2355746190994977,-0.0156287511752452,1.6179888717715585e-06,0.017111192,0.085546875,-22.314565658569336,0.00025,dynamic-obstacles-8x8,MiniGrid-Dynamic-Obstacles-8x8-v0,1
500736,2370.765,0.0,256.0,0.2531917691230774,-0.2356556538492441,-0.0162321010895539,1.7564877452969085e-06,0.014404061,0.09873046875,-11.083513259887695,0.00025,dynamic-obstacles-8x8,MiniGrid-Dynamic-Obstacles-8x8-v0,1
1024,3.046,-1.0,9.23,1.0986120700836182,,,,,,,,dynamic-obstacles-8x8,MiniGrid-Dynamic-Obstacles-8x8-v0,2
2048,7.108,-1.0,10.46,1.0948820114135742,-1.097949430346489,-0.0061841643997468,0.1431517930701375,0.0028941005,0.0,-0.002853512763977,0.00025,dynamic-obstacles-8x8,MiniGrid-Dynamic-Obstacles-8x8-v0,2
3072,12.154,-1.0,12.53,1.0712807178497314,-1.07675601541996,-0.0161363463965244,0.0220127356937155,0.012112196,0.14091796875,-0.0446705818176269,0.00025,dynamic-obstacles-8x8,MiniGrid-Dynamic-Obstacles-8x8-v0,2
4096,16.145,-1.0,17.38,1.0180755853652954,-1.0313167601823807,-0.0172868198482319,0.0099724195199087,0.011732083,0.19609375,-0.1183103322982788,0.00025,dynamic-obstacles-8x8,MiniGrid-Dynamic-Obstacles-8x8-v0,2
5120,19.072,-1.0,22.12,0.9649677872657776,-0.9532958313822746,-0.0192133435048162,0.0071979205822572,0.011468373,0.1759765625,-0.0260902643203735,0.00025,dynamic-obstacles-8x8,MiniGrid-Dynamic-Obstacles-8x8-v0,2
6144,22.869,-1.0,27.1,0.9230747818946838,-0.9161381751298904,-0.0107576580718159,0.0093227279023267,0.003917335,0.06025390625,0.0968874096870422,0.00025,dynamic-obstacles-8x8,MiniGrid-Dynamic-Obstacles-8x8-v0,2
7168,26.273,-1.0,30.56,0.8678545355796814,-0.8641191110014915,-0.0115963783580809,0.0110759923933073,0.0071585597,0.07275390625,0.0617273449897766,0.00025,dynamic-obstacles-8x8,MiniGrid-Dynamic-Obstacles-8x8-v0,2
8192,30.018,-1.0,33.73,0.8129249811172485,-0.813655498623848,-0.0105435364297591,0.0110923712141811,0.00615069,0.05205078125,0.0694745779037475,0.00025,dynamic-obstacles-8x8,MiniGrid-Dynamic-Obstacles-8x8-v0,2
9216,32.924,-0.99,41.05,0.7512156963348389,-0.7525019869208336,-0.0118676878744736,0.0133009351091459,0.005033034,0.0646484375,-0.0140906572341918,0.00025,dynamic-obstacles-8x8,MiniGrid-Dynamic-Obstacles-8x8-v0,2
10240,43.063,-0.99,46.54,0.7239825129508972,-0.6920946657657623,-0.0097041287692263,0.0102287198649719,0.0035251274,0.0474609375,-0.0850437879562377,0.00025,dynamic-obstacles-8x8,MiniGrid-Dynamic-Obstacles-8x8-v0,2
11264,47.981,-0.95,56.27,0.7532543540000916,-0.7484829977154732,-0.008492903842125,0.0121998280053958,0.0049926387,0.0537109375,0.0066185593605041,0.00025,dynamic-obstacles-8x8,MiniGrid-Dynamic-Obstacles-8x8-v0,2
12288,57.281,-0.93,65.71,0.7029516696929932,-0.6950506359338761,-0.0090653860243037,0.0048187445296207,0.01216541,0.08408203125,-0.4252818822860718,0.00025,dynamic-obstacles-8x8,MiniGrid-Dynamic-Obstacles-8x8-v0,2
13312,65.69,-0.9,74.16,0.6883442997932434,-0.6800100967288017,-0.007112868502736,0.0112321801483631,0.0058291648,0.04228515625,0.0061717629432678,0.00025,dynamic-obstacles-8x8,MiniGrid-Dynamic-Obstacles-8x8-v0,2
14336,70.164,-0.87,82.65,0.6445254683494568,-0.6872003123164176,-0.0069415722216945,0.0086832129978574,0.00809277,0.0626953125,-0.0418602228164672,0.00025,dynamic-obstacles-8x8,MiniGrid-Dynamic-Obstacles-8x8-v0,2
15360,73.546,-0.85,89.72,0.6300126314163208,-0.6060961961746216,-0.0084667501621879,0.0125573276774957,0.0045003467,0.0501953125,0.0096431970596313,0.00025,dynamic-obstacles-8x8,MiniGrid-Dynamic-Obstacles-8x8-v0,2
16384,78.54,-0.81,99.23,0.6467350125312805,-0.6133251696825027,-0.0077705309493467,0.0142225783783942,0.0065549742,0.07900390625,0.017572283744812,0.00025,dynamic-obstacles-8x8,MiniGrid-Dynamic-Obstacles-8x8-v0,2
17408,82.016,-0.77,109.02,0.6988160014152527,-0.6423201963305474,-0.0088851813343353,0.0095998269505798,0.016157642,0.079296875,0.0161803364753723,0.00025,dynamic-obstacles-8x8,MiniGrid-Dynamic-Obstacles-8x8-v0,2
18432,86.364,-0.73,117.26,0.6967920660972595,-0.6937500819563865,-0.0100203924579545,0.0009887544947559,0.012960181,0.11474609375,-0.1584681272506714,0.00025,dynamic-obstacles-8x8,MiniGrid-Dynamic-Obstacles-8x8-v0,2
19456,90.084,-0.71,121.86,0.6846416592597961,-0.7079257115721702,-0.0097527511534281,0.000738777490551,0.009603348,0.09248046875,-1.7833175659179688,0.00025,dynamic-obstacles-8x8,MiniGrid-Dynamic-Obstacles-8x8-v0,2
20480,102.305,-0.67,129.13,0.6819512844085693,-0.7320071324706078,-0.0077772058080881,0.0128118556342087,0.0128507,0.12705078125,0.0093191862106323,0.00025,dynamic-obstacles-8x8,MiniGrid-Dynamic-Obstacles-8x8-v0,2
21504,106.699,-0.63,137.51,0.6985236406326294,-0.6844221219420433,-0.0088498762575909,0.0003620895760832,0.011041835,0.07626953125,-1.3442695140838623,0.00025,dynamic-obstacles-8x8,MiniGrid-Dynamic-Obstacles-8x8-v0,2
22528,110.151,-0.59,146.07,0.6788878440856934,-0.6681839108467102,-0.009182250208687,0.0003712331115821,0.00653016,0.07099609375,-1.4484660625457764,0.00025,dynamic-obstacles-8x8,MiniGrid-Dynamic-Obstacles-8x8-v0,2
23552,114.727,-0.55,154.87,0.7159042358398438,-0.6879918292164803,0.0076943383086472,0.0001857636567365,0.0055315653,0.19423828125,-3.549592971801758,0.00025,dynamic-obstacles-8x8,MiniGrid-Dynamic-Obstacles-8x8-v0,2
24576,118.26,-0.51,164.16,0.6985326409339905,-0.7011140063405037,-0.0061766604078002,0.0002117859863574,0.006968068,0.109765625,-4.140169620513916,0.00025,dynamic-obstacles-8x8,MiniGrid-Dynamic-Obstacles-8x8-v0,2
25600,123.637,-0.47,172.65,0.6754422187805176,-0.7177200645208359,-0.0041876790695823,0.0002272896477734,0.006562846,0.09228515625,-6.173463344573975,0.00025,dynamic-obstacles-8x8,MiniGrid-Dynamic-Obstacles-8x8-v0,2
26624,127.11,-0.43,180.82,0.7012047171592712,-0.7181110188364983,-0.0071699413587339,0.0136066118720918,0.021396168,0.13037109375,-0.017899751663208,0.00025,dynamic-obstacles-8x8,MiniGrid-Dynamic-Obstacles-8x8-v0,2
27648,130.655,-0.39,188.38,0.754040539264679,-0.751512324810028,-0.0086865201126784,0.000117854947166,0.019184647,0.15751953125,-2.9428749084472656,0.00025,dynamic-obstacles-8x8,MiniGrid-Dynamic-Obstacles-8x8-v0,2
28672,135.1,-0.36,193.86,0.7301750183105469,-0.7376855418086052,-0.0027228566701523,0.0001176926418338,0.027549125,0.156640625,-6.432538032531738,0.00025,dynamic-obstacles-8x8,MiniGrid-Dynamic-Obstacles-8x8-v0,2
29696,138.512,-0.33,199.78,0.7201690077781677,-0.7032103657722473,-0.0017918131605256,0.0001191267529065,0.0065817954,0.14375,-6.770923614501953,0.00025,dynamic-obstacles-8x8,MiniGrid-Dynamic-Obstacles-8x8-v0,2
30720,151.478,-0.29,207.32,0.7496167421340942,-0.718899892270565,-0.0102944480604492,0.0142322784173302,0.011068922,0.09169921875,-0.013356328010559,0.00025,dynamic-obstacles-8x8,MiniGrid-Dynamic-Obstacles-8x8-v0,2
31744,155.29,-0.28,208.81,0.7573935985565186,-0.7633834943175316,-0.0076807300909422,0.0001740852449074,0.013975461,0.106640625,-8.529709815979004,0.00025,dynamic-obstacles-8x8,MiniGrid-Dynamic-Obstacles-8x8-v0,2
32768,158.829,-0.26,212.41,0.7310717105865479,-0.7466728404164314,-0.0103932310943491,0.0073639621725305,0.033610284,0.1546875,-0.0302561521530151,0.00025,dynamic-obstacles-8x8,MiniGrid-Dynamic-Obstacles-8x8-v0,2
33792,163.264,-0.23,217.68,0.6582921743392944,-0.7361499980092049,-0.0092843591584824,0.0001092784199499,0.024634853,0.15625,-9.695024490356444,0.00025,dynamic-obstacles-8x8,MiniGrid-Dynamic-Obstacles-8x8-v0,2
34816,166.733,-0.21,219.82,0.6240373849868774,-0.6651157259941101,-0.0091552942176349,0.0001362250415695,0.006315669,0.06591796875,-5.215660572052002,0.00025,dynamic-obstacles-8x8,MiniGrid-Dynamic-Obstacles-8x8-v0,2
35840,171.392,-0.19,224.04,0.5971270799636841,-0.6239257097244263,-0.0080912075121887,0.0001169506995211,0.007056553,0.06435546875,-9.482269287109377,0.00025,dynamic-obstacles-8x8,MiniGrid-Dynamic-Obstacles-8x8-v0,2
36864,174.888,-0.18,226.21,0.6033154129981995,-0.6241638287901878,-0.0042914883117191,0.0001163607448688,0.0071181078,0.08935546875,-4.536038875579834,0.00025,dynamic-obstacles-8x8,MiniGrid-Dynamic-Obstacles-8x8-v0,2
37888,179.812,-0.14,232.29,0.5691827535629272,-0.594533534348011,-0.0070875326578971,8.578565802963567e-05,0.007207635,0.05625,-8.003684043884277,0.00025,dynamic-obstacles-8x8,MiniGrid-Dynamic-Obstacles-8x8-v0,2
38912,184.218,-0.12,235.14,0.5787462592124939,-0.5551095895469189,-0.009034647361841,6.553049579451908e-05,0.016083725,0.088671875,-10.519798278808594,0.00025,dynamic-obstacles-8x8,MiniGrid-Dynamic-Obstacles-8x8-v0,2
39936,187.698,-0.1,239.46,0.6019293069839478,-0.592089892923832,-0.0048598363879136,6.471562028309563e-05,0.01071139,0.09091796875,-8.235674858093262,0.00025,dynamic-obstacles-8x8,MiniGrid-Dynamic-Obstacles-8x8-v0,2
40960,199.176,-0.09,241.75,0.613623857498169,-0.627583934366703,-0.0101338260516058,5.504517575900536e-05,0.01749914,0.0828125,-6.1198601722717285,0.00025,dynamic-obstacles-8x8,MiniGrid-Dynamic-Obstacles-8x8-v0,2
41984,203.642,-0.09,241.75,0.5445701479911804,-0.6004958100616932,-0.0034727792371995,0.0071358737623086,0.030809265,0.15810546875,-0.0023896694183349,0.00025,dynamic-obstacles-8x8,MiniGrid-Dynamic-Obstacles-8x8-v0,2
43008,207.048,-0.09,241.75,0.5741610527038574,-0.5420560993254184,-0.0071330382372252,7.081179937813431e-05,0.024581768,0.10986328125,-11.931000709533691,0.00025,dynamic-obstacles-8x8,MiniGrid-Dynamic-Obstacles-8x8-v0,2
44032,212.308,-0.06,246.39,0.4761620461940765,-0.5811077356338501,-0.0092210423899814,4.722262528957799e-05,0.008579902,0.06826171875,-16.228591918945312,0.00025,dynamic-obstacles-8x8,MiniGrid-Dynamic-Obstacles-8x8-v0,2
45056,216.147,-0.06,246.39,0.4589693546295166,-0.4608961783349514,-0.008793948078528,5.610687730950304e-05,0.008105551,0.064453125,-20.424650192260746,0.00025,dynamic-obstacles-8x8,MiniGrid-Dynamic-Obstacles-8x8-v0,2
46080,219.572,-0.06,246.39,0.4115657806396484,-0.4718993104994297,-0.0102983152261003,4.925393759549479e-05,0.009089389,0.0921875,-15.539495468139648,0.00025,dynamic-obstacles-8x8,MiniGrid-Dynamic-Obstacles-8x8-v0,2
47104,224.037,-0.06,246.39,0.4981862902641296,-0.415111593157053,-0.0064058345393277,6.130627189122606e-05,0.007645582,0.0671875,-10.664300918579102,0.00025,dynamic-obstacles-8x8,MiniGrid-Dynamic-Obstacles-8x8-v0,2
48128,227.705,-0.06,246.39,0.4128991067409515,-0.5006888248026371,-0.0062977528490591,5.945767788944068e-05,0.0078114467,0.09296875,-8.122014999389648,0.00025,dynamic-obstacles-8x8,MiniGrid-Dynamic-Obstacles-8x8-v0,2
49152,232.16,-0.06,246.39,0.4618287980556488,-0.4004621759057045,-0.0051662721438333,6.468476904046838e-05,0.005099615,0.0578125,-7.723431587219238,0.00025,dynamic-obstacles-8x8,MiniGrid-Dynamic-Obstacles-8x8-v0,2
50176,245.555,-0.06,246.39,0.4338473975658417,-0.467466951161623,-0.006665650330251,5.469014549817075e-05,0.0073467856,0.059375,-14.710309028625488,0.00025,dynamic-obstacles-8x8,MiniGrid-Dynamic-Obstacles-8x8-v0,2
51200,250.042,-0.04,249.16,0.3898125886917114,-0.414878299087286,-0.0067399157444015,4.8520850759814495e-05,0.0050648497,0.05205078125,-12.68437671661377,0.00025,dynamic-obstacles-8x8,MiniGrid-Dynamic-Obstacles-8x8-v0,2
52224,253.607,-0.05,246.78,0.3884210288524627,-0.3849154129624367,-0.0069521139608696,4.914871296932688e-05,0.009535696,0.059765625,-12.247735977172852,0.00025,dynamic-obstacles-8x8,MiniGrid-Dynamic-Obstacles-8x8-v0,2
53248,258.265,-0.05,246.78,0.4374772608280182,-0.3615564718842506,-0.0067688619252294,0.0072805258212611,0.010115767,0.0994140625,0.0080721974372863,0.00025,dynamic-obstacles-8x8,MiniGrid-Dynamic-Obstacles-8x8-v0,2
54272,261.837,-0.03,250.32,0.3550350964069366,-0.4394501626491546,-0.0061709590256214,8.643956780360896e-05,0.007893262,0.065234375,-9.412484169006348,0.00025,dynamic-obstacles-8x8,MiniGrid-Dynamic-Obstacles-8x8-v0,2
55296,266.277,-0.03,250.32,0.3862550556659698,-0.3857000388205051,-0.0100331537541933,5.176233562451671e-05,0.009915505,0.0994140625,-7.521877288818359,0.00025,dynamic-obstacles-8x8,MiniGrid-Dynamic-Obstacles-8x8-v0,2
56320,270.052,-0.02,251.24,0.4790187180042267,-0.4033043906092644,-0.0037921027862466,5.361864969017915e-05,0.016978908,0.095703125,-23.21680450439453,0.00025,dynamic-obstacles-8x8,MiniGrid-Dynamic-Obstacles-8x8-v0,2
57344,274.51,-0.03,250.34,0.4275629818439483,-0.476819534599781,0.000786426407285,4.744206498799031e-05,0.010077542,0.12841796875,-22.095195770263672,0.00025,dynamic-obstacles-8x8,MiniGrid-Dynamic-Obstacles-8x8-v0,2
58368,278.238,-0.03,250.34,0.3915012180805206,-0.4142793260514736,-0.0093389639747329,0.0082009757868945,0.013406472,0.07587890625,-0.0032528638839721,0.00025,dynamic-obstacles-8x8,MiniGrid-Dynamic-Obstacles-8x8-v0,2
59392,282.706,-0.03,250.34,0.4148685336112976,-0.4093466475605964,-0.0035703300964087,0.0001049478007189,0.007004223,0.06435546875,-22.518617630004883,0.00025,dynamic-obstacles-8x8,MiniGrid-Dynamic-Obstacles-8x8-v0,2
60416,294.111,-0.03,250.34,0.4555970728397369,-0.4289175331592559,-0.0043358249822631,5.212658343225485e-05,0.022434926,0.09912109375,-12.342303276062012,0.00025,dynamic-obstacles-8x8,MiniGrid-Dynamic-Obstacles-8x8-v0,2
61440,298.794,-0.03,250.34,0.4865757822990417,-0.470723558217287,-0.0049617768963798,4.318120145399007e-05,0.01439162,0.09892578125,-13.131282806396484,0.00025,dynamic-obstacles-8x8,MiniGrid-Dynamic-Obstacles-8x8-v0,2
62464,303.439,-0.03,250.34,0.4047829806804657,-0.4697956293821335,-0.0052373856480699,4.521387782006059e-05,0.010411864,0.10810546875,-28.30696678161621,0.00025,dynamic-obstacles-8x8,MiniGrid-Dynamic-Obstacles-8x8-v0,2
63488,307.561,-0.03,250.34,0.4112138152122497,-0.4039429247379303,-0.0012900338857434,5.351152790353808e-05,0.006619454,0.11591796875,-14.99696159362793,0.00025,dynamic-obstacles-8x8,MiniGrid-Dynamic-Obstacles-8x8-v0,2
64512,311.25,-0.03,250.34,0.4561795890331268,-0.3938574522733688,-0.0060197578044608,5.081856975266419e-05,0.008477958,0.08173828125,-16.74772071838379,0.00025,dynamic-obstacles-8x8,MiniGrid-Dynamic-Obstacles-8x8-v0,2
65536,316.056,-0.03,250.34,0.4293562769889831,-0.4415609762072563,-0.0087083491729572,3.2920193234531325e-05,0.015643617,0.08681640625,-31.926448822021484,0.00025,dynamic-obstacles-8x8,MiniGrid-Dynamic-Obstacles-8x8-v0,2
66560,319.61,-0.02,252.72,0.3799672126770019,-0.4429110072553158,-0.004267479525879,4.69403973511362e-05,0.0130717745,0.118359375,-11.141447067260742,0.00025,dynamic-obstacles-8x8,MiniGrid-Dynamic-Obstacles-8x8-v0,2
67584,324.077,-0.02,252.72,0.3593809306621551,-0.3626284375786781,-0.0058114889194257,5.218372725721565e-05,0.010483261,0.05439453125,-9.986681938171388,0.00025,dynamic-obstacles-8x8,MiniGrid-Dynamic-Obstacles-8x8-v0,2
68608,327.959,-0.02,252.72,0.3676998019218445,-0.3744940608739853,-0.0045801548403687,6.991781328906655e-05,0.037478708,0.09130859375,-2.4027607440948486,0.00025,dynamic-obstacles-8x8,MiniGrid-Dynamic-Obstacles-8x8-v0,2
69632,333.71,-0.02,252.72,0.4527513086795807,-0.3692125298082828,-0.0036020768922753,5.144270644450444e-05,0.007820753,0.06318359375,-8.439230918884277,0.00025,dynamic-obstacles-8x8,MiniGrid-Dynamic-Obstacles-8x8-v0,2
70656,345.387,-0.02,252.72,0.3653489351272583,-0.4126564763486385,-0.0066363607300445,4.023978353870916e-05,0.0073411553,0.09072265625,-14.961392402648926,0.00025,dynamic-obstacles-8x8,MiniGrid-Dynamic-Obstacles-8x8-v0,2
71680,349.861,-0.02,252.72,0.4067696034908294,-0.3604186795651912,-0.0014990771305747,5.06907721501193e-05,0.006028,0.086328125,-14.386609077453612,0.00025,dynamic-obstacles-8x8,MiniGrid-Dynamic-Obstacles-8x8-v0,2
72704,353.566,-0.02,252.72,0.4109575450420379,-0.4191211715340614,-0.0071759945480152,0.0002186746222832,0.013946561,0.092578125,-17.17058753967285,0.00025,dynamic-obstacles-8x8,MiniGrid-Dynamic-Obstacles-8x8-v0,2
73728,358.447,-0.02,252.72,0.4219407737255096,-0.4053730919957161,-0.0057110175490379,6.391865690602572e-05,0.009538902,0.0900390625,-16.5065860748291,0.00025,dynamic-obstacles-8x8,MiniGrid-Dynamic-Obstacles-8x8-v0,2
74752,363.438,-0.02,252.72,0.4249972701072693,-0.4205865919589996,-0.0077832907612901,0.0001353447785731,0.007953382,0.06044921875,-13.118069648742676,0.00025,dynamic-obstacles-8x8,MiniGrid-Dynamic-Obstacles-8x8-v0,2
75776,367.053,-0.02,252.72,0.434004932641983,-0.4287073411047458,-0.0071407535579055,0.0002792882251924,0.011966452,0.08818359375,-9.744474411010742,0.00025,dynamic-obstacles-8x8,MiniGrid-Dynamic-Obstacles-8x8-v0,2
76800,370.706,-0.02,252.72,0.4738965332508087,-0.433347038924694,-0.0085471296624746,5.704680115741212e-05,0.009829767,0.081640625,-13.126230239868164,0.00025,dynamic-obstacles-8x8,MiniGrid-Dynamic-Obstacles-8x8-v0,2
77824,375.939,-0.01,255.1,0.4053379893302917,-0.4655288130044937,-0.0032360448967665,4.88283046252036e-05,0.01758352,0.10517578125,-14.251504898071287,0.00025,dynamic-obstacles-8x8,MiniGrid-Dynamic-Obstacles-8x8-v0,2
78848,380.768,-0.01,255.1,0.4224490821361542,-0.3986189275979995,0.0008615282014943,4.679842604673468e-05,0.019960715,0.11416015625,-18.17755126953125,0.00025,dynamic-obstacles-8x8,MiniGrid-Dynamic-Obstacles-8x8-v0,2
79872,384.298,-0.01,255.1,0.4813065826892853,-0.4262875914573669,-0.0068106914055533,6.183367258927319e-05,0.014547174,0.0755859375,-6.831680774688721,0.00025,dynamic-obstacles-8x8,MiniGrid-Dynamic-Obstacles-8x8-v0,2
80896,398.037,-0.01,255.1,0.4690760374069214,-0.4649198837578296,0.0065119274193421,5.082735451651388e-05,0.007676902,0.17314453125,-13.80067253112793,0.00025,dynamic-obstacles-8x8,MiniGrid-Dynamic-Obstacles-8x8-v0,2
81920,402.493,-0.01,255.1,0.4253939688205719,-0.4652698457241058,-0.0087983150966465,4.289644421078265e-05,0.016863253,0.08896484375,-15.871410369873049,0.00025,dynamic-obstacles-8x8,MiniGrid-Dynamic-Obstacles-8x8-v0,2
82944,405.992,0.0,256.0,0.4083488881587982,-0.4200464159250259,-0.0052527450723573,4.5447518732544265e-05,0.0051723933,0.06640625,-15.36073875427246,0.00025,dynamic-obstacles-8x8,MiniGrid-Dynamic-Obstacles-8x8-v0,2
83968,410.465,0.0,256.0,0.4093436598777771,-0.392319681495428,-0.0050257914932444,5.4246452236839104e-05,0.009509465,0.07177734375,-20.259748458862305,0.00025,dynamic-obstacles-8x8,MiniGrid-Dynamic-Obstacles-8x8-v0,2
84992,414.087,-0.01,255.02,0.3833006620407104,-0.3942945443093776,-0.0045982765615917,4.3504022960405565e-05,0.0069208406,0.08203125,-23.958251953125,0.00025,dynamic-obstacles-8x8,MiniGrid-Dynamic-Obstacles-8x8-v0,2
86016,418.673,-0.01,255.02,0.4392188191413879,-0.3970971651375293,-0.0027048119576647,0.0085331240261439,0.010895053,0.108984375,-0.0036882162094116,0.00025,dynamic-obstacles-8x8,MiniGrid-Dynamic-Obstacles-8x8-v0,2
87040,423.17,-0.01,255.02,0.4606446623802185,-0.4347253799438476,-0.0102982869080733,8.412575562033453e-05,0.0153260995,0.09638671875,-6.980776309967041,0.00025,dynamic-obstacles-8x8,MiniGrid-Dynamic-Obstacles-8x8-v0,2
88064,426.808,-0.01,255.02,0.4474897980690002,-0.4510775692760944,-0.0040180763578973,4.656763162529387e-05,0.017816156,0.1607421875,-9.67818546295166,0.00025,dynamic-obstacles-8x8,MiniGrid-Dynamic-Obstacles-8x8-v0,2
89088,430.456,-0.01,255.02,0.4274170994758606,-0.4300559729337692,-0.0068881520419381,3.1544507373837404e-05,0.0058379117,0.0837890625,-7.2467756271362305,0.00025,dynamic-obstacles-8x8,MiniGrid-Dynamic-Obstacles-8x8-v0,2
90112,442.81,-0.01,255.02,0.4268092513084411,-0.4143440268933773,-0.0071189916692674,2.503241835256631e-05,0.0096781915,0.0982421875,-7.75483512878418,0.00025,dynamic-obstacles-8x8,MiniGrid-Dynamic-Obstacles-8x8-v0,2
91136,447.184,-0.01,255.02,0.40455362200737,-0.4235725715756416,-0.0041110544698312,1.8361695583735128e-05,0.006602684,0.09267578125,-7.206741333007812,0.00025,dynamic-obstacles-8x8,MiniGrid-Dynamic-Obstacles-8x8-v0,2
92160,451.588,-0.01,255.02,0.4491175413131714,-0.4231543630361557,-0.0094207958201877,1.943911779562768e-05,0.01540572,0.0900390625,-8.057228088378906,0.00025,dynamic-obstacles-8x8,MiniGrid-Dynamic-Obstacles-8x8-v0,2
93184,455.376,-0.02,253.42,0.4930416345596313,-0.4758381195366382,-0.0098854755284264,2.373238944528566e-05,0.010881314,0.07841796875,-18.893159866333008,0.00025,dynamic-obstacles-8x8,MiniGrid-Dynamic-Obstacles-8x8-v0,2
94208,459.26,-0.02,253.42,0.5387585759162903,-0.4987639613449574,-0.0048299523303285,0.0080092902993783,0.011556624,0.12724609375,0.000160276889801,0.00025,dynamic-obstacles-8x8,MiniGrid-Dynamic-Obstacles-8x8-v0,2
95232,463.714,-0.03,252.32,0.5283597707748413,-0.5481902584433556,-0.0099348424118943,3.666515399345371e-05,0.011918531,0.0912109375,-11.974288940429688,0.00025,dynamic-obstacles-8x8,MiniGrid-Dynamic-Obstacles-8x8-v0,2
96256,468.785,-0.03,252.32,0.6051926016807556,-0.5486034750938416,-0.0043413056293502,0.0078643010259838,0.014846759,0.0859375,0.0023357272148132,0.00025,dynamic-obstacles-8x8,MiniGrid-Dynamic-Obstacles-8x8-v0,2
97280,474.843,-0.03,252.32,0.5415691137313843,-0.5914833396673203,-0.0099868531222455,2.1499142530956305e-05,0.0076191532,0.08251953125,-5.010622978210449,0.00025,dynamic-obstacles-8x8,MiniGrid-Dynamic-Obstacles-8x8-v0,2
98304,480.826,-0.03,252.32,0.5572238564491272,-0.5420653842389583,-0.015240958717186,2.276506916132348e-05,0.012679315,0.14375,-6.615087985992432,0.00025,dynamic-obstacles-8x8,MiniGrid-Dynamic-Obstacles-8x8-v0,2
99328,487.018,-0.03,252.32,0.6311205625534058,-0.5424405060708523,-0.0108864640351384,2.068271364805696e-05,0.013940905,0.12216796875,-2.58054256439209,0.00025,dynamic-obstacles-8x8,MiniGrid-Dynamic-Obstacles-8x8-v0,2
100352,504.782,-0.03,252.32,0.5795756578445435,-0.6147870182991028,-0.0095682640559971,1.3580527229350991e-05,0.02115143,0.13037109375,-11.902926445007324,0.00025,dynamic-obstacles-8x8,MiniGrid-Dynamic-Obstacles-8x8-v0,2
101376,510.346,-0.03,252.32,0.6258751153945923,-0.5850213095545769,-0.0092576172901317,1.7254253793907993e-05,0.010821704,0.0955078125,-8.494368553161621,0.00025,dynamic-obstacles-8x8,MiniGrid-Dynamic-Obstacles-8x8-v0,2
102400,515.359,-0.03,252.32,0.6162179708480835,-0.6355102002620697,-0.0118034959072247,1.580394541633723e-05,0.008959023,0.10625,-8.397727012634277,0.00025,dynamic-obstacles-8x8,MiniGrid-Dynamic-Obstacles-8x8-v0,2
103424,520.255,-0.04,251.0,0.6336601972579956,-0.6111853614449501,-0.0081037613563239,1.7279214353038698e-05,0.014310359,0.121875,-7.969134330749512,0.00025,dynamic-obstacles-8x8,MiniGrid-Dynamic-Obstacles-8x8-v0,2
104448,523.689,-0.04,251.0,0.620660662651062,-0.6174821481108665,-0.0093748528975993,0.0081148956523975,0.019624416,0.1416015625,0.0009852647781372,0.00025,dynamic-obstacles-8x8,MiniGrid-Dynamic-Obstacles-8x8-v0,2
105472,528.206,-0.04,251.0,0.6061480641365051,-0.6188986986875534,-0.0101630921708419,7.701259637542535e-05,0.015793514,0.12421875,-6.261639595031738,0.00025,dynamic-obstacles-8x8,MiniGrid-Dynamic-Obstacles-8x8-v0,2
106496,531.969,-0.04,251.0,0.6182234287261963,-0.5915472626686096,-0.0034661834593862,4.465368870114617e-05,0.0057652723,0.11171875,-11.35344696044922,0.00025,dynamic-obstacles-8x8,MiniGrid-Dynamic-Obstacles-8x8-v0,2
107520,536.88,-0.04,251.0,0.634852409362793,-0.6053389802575111,-0.0112344757944811,3.1581594612362096e-05,0.012290543,0.09912109375,-17.10463523864746,0.00025,dynamic-obstacles-8x8,MiniGrid-Dynamic-Obstacles-8x8-v0,2
108544,540.95,-0.04,251.0,0.6063249707221985,-0.6215772792696953,-0.0074190923536662,2.2091468463258934e-05,0.015083637,0.09501953125,-18.29544258117676,0.00025,dynamic-obstacles-8x8,MiniGrid-Dynamic-Obstacles-8x8-v0,2
109568,545.067,-0.04,251.0,0.6159911155700684,-0.6061647355556488,-0.0089330608432646,2.4790221277726236e-05,0.012915383,0.1169921875,-15.161415100097656,0.00025,dynamic-obstacles-8x8,MiniGrid-Dynamic-Obstacles-8x8-v0,2
110592,557.37,-0.03,251.98,0.6403496861457825,-0.6129424124956131,-0.0111263496801257,2.032536840488319e-05,0.013460306,0.07421875,-27.45352554321289,0.00025,dynamic-obstacles-8x8,MiniGrid-Dynamic-Obstacles-8x8-v0,2
111616,561.929,-0.03,251.98,0.6201744675636292,-0.6154270589351654,-0.0005302824662066,2.513300055397849e-05,0.019335289,0.148828125,-17.48248863220215,0.00025,dynamic-obstacles-8x8,MiniGrid-Dynamic-Obstacles-8x8-v0,2
112640,565.435,-0.03,251.98,0.5779549479484558,-0.5938585296273231,-0.0074344369699247,2.0331957966845948e-05,0.01108959,0.1140625,-34.39147186279297,0.00025,dynamic-obstacles-8x8,MiniGrid-Dynamic-Obstacles-8x8-v0,2
113664,570.199,-0.03,251.98,0.5663290023803711,-0.5694585427641868,-0.0082076478051021,2.5363847635162527e-05,0.009414084,0.088671875,-12.937212944030762,0.00025,dynamic-obstacles-8x8,MiniGrid-Dynamic-Obstacles-8x8-v0,2
114688,574.698,-0.03,251.98,0.5527565479278564,-0.5430325657129288,-0.0127735674730502,2.566134726293967e-05,0.016357867,0.131640625,-23.807313919067383,0.00025,dynamic-obstacles-8x8,MiniGrid-Dynamic-Obstacles-8x8-v0,2
115712,579.162,-0.03,251.98,0.526019811630249,-0.5474823296070099,-0.0110122128389775,2.6140273848795915e-05,0.009526428,0.1109375,-15.50845718383789,0.00025,dynamic-obstacles-8x8,MiniGrid-Dynamic-Obstacles-8x8-v0,2
116736,582.637,-0.03,251.98,0.5785624384880066,-0.5314483404159546,-0.0088209532157634,3.0657565275760135e-05,0.010513999,0.06904296875,-3.8597397804260254,0.00025,dynamic-obstacles-8x8,MiniGrid-Dynamic-Obstacles-8x8-v0,2
117760,587.121,-0.03,251.98,0.5621811747550964,-0.5744353845715523,-0.0105472437455318,1.8096335475092927e-05,0.026963934,0.1236328125,-19.117259979248047,0.00025,dynamic-obstacles-8x8,MiniGrid-Dynamic-Obstacles-8x8-v0,2
118784,590.592,-0.02,253.58,0.5600641965866089,-0.5663081660866738,-0.0061345420661382,1.7115094055952796e-05,0.0052004135,0.091796875,-28.16745376586914,0.00025,dynamic-obstacles-8x8,MiniGrid-Dynamic-Obstacles-8x8-v0,2
119808,595.14,-0.02,253.58,0.5559347867965698,-0.5520849227905273,-0.0063165397383272,2.0172708263999085e-05,0.015491277,0.0921875,-33.01293182373047,0.00025,dynamic-obstacles-8x8,MiniGrid-Dynamic-Obstacles-8x8-v0,2
120832,607.723,-0.01,254.68,0.5932137370109558,-0.5677761465311051,-0.0074463733588345,2.1591546055788057e-05,0.010356396,0.1119140625,-22.492408752441406,0.00025,dynamic-obstacles-8x8,MiniGrid-Dynamic-Obstacles-8x8-v0,2
121856,612.74,-0.01,254.68,0.574654221534729,-0.5895681113004685,-0.0025740117998793,1.9920657086913708e-05,0.019398555,0.154296875,-40.94132232666016,0.00025,dynamic-obstacles-8x8,MiniGrid-Dynamic-Obstacles-8x8-v0,2
122880,618.776,-0.01,254.68,0.5856193900108337,-0.5761930629611015,-0.0126475619676057,2.1530268304559287e-05,0.012829026,0.08115234375,-27.15839195251465,0.00025,dynamic-obstacles-8x8,MiniGrid-Dynamic-Obstacles-8x8-v0,2
123904,623.677,-0.01,254.68,0.589320957660675,-0.5820358186960221,0.0013776038540527,1.914029844556353e-05,0.008208087,0.1638671875,-8.449003219604492,0.00025,dynamic-obstacles-8x8,MiniGrid-Dynamic-Obstacles-8x8-v0,2
124928,627.129,-0.01,254.68,0.5667887330055237,-0.5742399796843529,-0.0140327112749218,2.215316517322208e-05,0.015004827,0.11064453125,-32.30694580078125,0.00025,dynamic-obstacles-8x8,MiniGrid-Dynamic-Obstacles-8x8-v0,2
125952,632.914,-0.01,254.68,0.5537768602371216,-0.5631859391927719,-0.0096227342786733,1.9297202607049256e-05,0.0085279085,0.08193359375,-11.670510292053224,0.00025,dynamic-obstacles-8x8,MiniGrid-Dynamic-Obstacles-8x8-v0,2
126976,636.743,-0.01,254.68,0.5717993974685669,-0.5475674510002136,-0.011652572202729,1.985245667128765e-05,0.015374081,0.0935546875,-13.229351997375488,0.00025,dynamic-obstacles-8x8,MiniGrid-Dynamic-Obstacles-8x8-v0,2
128000,640.191,-0.01,254.68,0.5279179215431213,-0.5623657584190369,-0.0133824169868603,2.4179743513741413e-05,0.015983267,0.1234375,-19.45005989074707,0.00025,dynamic-obstacles-8x8,MiniGrid-Dynamic-Obstacles-8x8-v0,2
129024,644.717,0.0,256.0,0.5338674783706665,-0.5234554521739483,-0.0113914475950878,2.673230387699732e-05,0.020898905,0.1134765625,-17.32972526550293,0.00025,dynamic-obstacles-8x8,MiniGrid-Dynamic-Obstacles-8x8-v0,2
130048,656.294,0.0,256.0,0.5034170150756836,-0.5200601138174534,-0.0106576884631067,2.454719351590029e-05,0.015394087,0.09833984375,-14.962905883789062,0.00025,dynamic-obstacles-8x8,MiniGrid-Dynamic-Obstacles-8x8-v0,2
131072,661.351,0.0,256.0,0.4777671694755554,-0.4848496116697788,-0.0098925077938474,2.5058801656996366e-05,0.014866401,0.09443359375,-33.32627487182617,0.00025,dynamic-obstacles-8x8,MiniGrid-Dynamic-Obstacles-8x8-v0,2
132096,665.394,0.0,256.0,0.4784051179885864,-0.4978894740343094,-0.0105816926341503,2.105362050315307e-05,0.008135855,0.080859375,-9.22471809387207,0.00025,dynamic-obstacles-8x8,MiniGrid-Dynamic-Obstacles-8x8-v0,2
133120,669.207,0.0,256.0,0.5022721886634827,-0.4845931716263294,-0.0106228996068239,2.3639955225007724e-05,0.016068999,0.11201171875,-14.819390296936035,0.00025,dynamic-obstacles-8x8,MiniGrid-Dynamic-Obstacles-8x8-v0,2
134144,673.611,0.0,256.0,0.5019742250442505,-0.4861332856118679,-0.0127178409835323,2.2820417825641925e-05,0.013139499,0.1017578125,-16.095579147338867,0.00025,dynamic-obstacles-8x8,MiniGrid-Dynamic-Obstacles-8x8-v0,2
135168,677.207,0.0,256.0,0.4882036447525024,-0.4969457067549229,-0.0120630780351348,2.3833199657019576e-05,0.014872893,0.117578125,-17.423805236816406,0.00025,dynamic-obstacles-8x8,MiniGrid-Dynamic-Obstacles-8x8-v0,2
136192,681.89,0.0,256.0,0.4244158565998077,-0.4819477088749408,-0.0101748848101124,2.44562717853114e-05,0.017208911,0.11259765625,-9.426297187805176,0.00025,dynamic-obstacles-8x8,MiniGrid-Dynamic-Obstacles-8x8-v0,2
137216,685.383,0.0,256.0,0.4518128335475921,-0.4360987208783626,-0.0090207993693184,2.072347733701463e-05,0.0068464866,0.07509765625,-21.63190269470215,0.00025,dynamic-obstacles-8x8,MiniGrid-Dynamic-Obstacles-8x8-v0,2
138240,690.048,0.0,256.0,0.4650653898715973,-0.4478812828660011,-0.0119537139078602,2.672990217433835e-05,0.012788603,0.0859375,-13.8994779586792,0.00025,dynamic-obstacles-8x8,MiniGrid-Dynamic-Obstacles-8x8-v0,2
139264,694.396,0.0,256.0,0.4416713416576385,-0.4544053450226784,-0.0120142308995127,2.123763927102118e-05,0.01031923,0.1037109375,-12.975143432617188,0.00025,dynamic-obstacles-8x8,MiniGrid-Dynamic-Obstacles-8x8-v0,2
140288,706.036,0.0,256.0,0.4553906917572021,-0.4478067561984062,-0.0100900804973207,2.724206578932353e-05,0.008133714,0.1287109375,-8.105539321899414,0.00025,dynamic-obstacles-8x8,MiniGrid-Dynamic-Obstacles-8x8-v0,2
141312,710.624,0.0,256.0,0.457462340593338,-0.4499158173799514,-0.0065914471400901,2.77901695426408e-05,0.011210553,0.092578125,-7.018380165100098,0.00025,dynamic-obstacles-8x8,MiniGrid-Dynamic-Obstacles-8x8-v0,2
142336,714.154,0.0,256.0,0.444397360086441,-0.4471743583679199,0.0039168307441286,2.2789325657868176e-05,0.018146807,0.15390625,-19.58931350708008,0.00025,dynamic-obstacles-8x8,MiniGrid-Dynamic-Obstacles-8x8-v0,2
143360,718.647,0.0,256.0,0.4393425583839416,-0.4374394565820694,0.0017519351909868,2.4101932058329116e-05,0.019567154,0.1484375,-11.276137351989746,0.00025,dynamic-obstacles-8x8,MiniGrid-Dynamic-Obstacles-8x8-v0,2
144384,723.08,0.0,256.0,0.4571948647499084,-0.4473338827490806,-0.0124235470429994,2.160160047424142e-05,0.009557342,0.0931640625,-12.611547470092772,0.00025,dynamic-obstacles-8x8,MiniGrid-Dynamic-Obstacles-8x8-v0,2
145408,726.813,0.0,256.0,0.4270453155040741,-0.4395494520664215,-0.0102365062688477,2.6298569991922705e-05,0.012918905,0.07490234375,-47.60053253173828,0.00025,dynamic-obstacles-8x8,MiniGrid-Dynamic-Obstacles-8x8-v0,2
146432,730.345,0.0,256.0,0.4317928254604339,-0.4273814544081687,-0.0123084224178455,2.212521571891557e-05,0.01062863,0.0765625,-21.376447677612305,0.00025,dynamic-obstacles-8x8,MiniGrid-Dynamic-Obstacles-8x8-v0,2
147456,734.859,0.0,256.0,0.4456105828285217,-0.4390117183327675,-0.0130540101323276,1.92862166386476e-05,0.00915354,0.0970703125,-12.404239654541016,0.00025,dynamic-obstacles-8x8,MiniGrid-Dynamic-Obstacles-8x8-v0,2
148480,738.339,0.0,256.0,0.4459461569786072,-0.4608182691037655,-0.0089065301755908,1.9864588966811422e-05,0.011381291,0.08212890625,-23.308490753173828,0.00025,dynamic-obstacles-8x8,MiniGrid-Dynamic-Obstacles-8x8-v0,2
149504,744.702,0.0,256.0,0.4689523875713348,-0.4452802658081055,-0.0108573393896222,1.921384500747081e-05,0.01602744,0.08916015625,-9.2767333984375,0.00025,dynamic-obstacles-8x8,MiniGrid-Dynamic-Obstacles-8x8-v0,2
150528,762.042,0.0,256.0,0.5029075741767883,-0.4763019382953644,-0.008133998978883,1.8392437573311328e-05,0.018412404,0.10126953125,-12.35694408416748,0.00025,dynamic-obstacles-8x8,MiniGrid-Dynamic-Obstacles-8x8-v0,2
151552,766.398,0.0,256.0,0.4622048735618591,-0.4919276259839534,-0.0097252604318782,2.1659905132764835e-05,0.016592659,0.10947265625,-16.3410701751709,0.00025,dynamic-obstacles-8x8,MiniGrid-Dynamic-Obstacles-8x8-v0,2
152576,769.866,0.0,256.0,0.4485619664192199,-0.4652939856052399,-0.0089042796054855,2.1051098656243997e-05,0.007681203,0.0806640625,-19.19306182861328,0.00025,dynamic-obstacles-8x8,MiniGrid-Dynamic-Obstacles-8x8-v0,2
153600,773.952,0.0,256.0,0.4446355998516083,-0.4327511981129646,-0.0080663864093367,4.6633626470793385e-05,0.014039648,0.11337890625,-43.19186401367188,0.00025,dynamic-obstacles-8x8,MiniGrid-Dynamic-Obstacles-8x8-v0,2
154624,777.533,0.0,256.0,0.4170733392238617,-0.4257899977266788,-0.0125144156860187,6.014042178321688e-05,0.028716264,0.13720703125,-22.938560485839844,0.00025,dynamic-obstacles-8x8,MiniGrid-Dynamic-Obstacles-8x8-v0,2
155648,782.364,0.0,256.0,0.4406560063362121,-0.4238340526819229,-0.006918634934118,2.2695191955790505e-05,0.007758285,0.0830078125,-15.15839958190918,0.00025,dynamic-obstacles-8x8,MiniGrid-Dynamic-Obstacles-8x8-v0,2
156672,786.115,0.0,256.0,0.4932639002799988,-0.4642702408134937,-0.0135971919633448,1.954604770162405e-05,0.012561969,0.1158203125,-5.056219577789307,0.00025,dynamic-obstacles-8x8,MiniGrid-Dynamic-Obstacles-8x8-v0,2
157696,791.383,0.0,256.0,0.4837282598018646,-0.4932443931698799,-0.0132401778246276,1.6412492209383343e-05,0.009499412,0.076953125,-20.695592880249023,0.00025,dynamic-obstacles-8x8,MiniGrid-Dynamic-Obstacles-8x8-v0,2
158720,796.591,0.0,256.0,0.4888786077499389,-0.4879852205514908,-0.0130563576240092,1.3449196626424963e-05,0.008435125,0.07099609375,-15.368133544921877,0.00025,dynamic-obstacles-8x8,MiniGrid-Dynamic-Obstacles-8x8-v0,2
159744,804.699,0.0,256.0,0.4911689460277557,-0.47810043618083,-0.0157431555446237,1.1935494603676488e-05,0.011515034,0.09052734375,-12.857852935791016,0.00025,dynamic-obstacles-8x8,MiniGrid-Dynamic-Obstacles-8x8-v0,2
160768,818.831,0.0,256.0,0.5141141414642334,-0.5117440924048424,-0.0136319740675389,1.4804279567215416e-05,0.008999915,0.10517578125,-23.78295135498047,0.00025,dynamic-obstacles-8x8,MiniGrid-Dynamic-Obstacles-8x8-v0,2
161792,822.821,0.0,256.0,0.4711592197418213,-0.5087072968482971,-0.0132386652869172,1.326781230091001e-05,0.010786703,0.07392578125,-14.621875762939451,0.00025,dynamic-obstacles-8x8,MiniGrid-Dynamic-Obstacles-8x8-v0,2
162816,826.105,0.0,256.0,0.4732920527458191,-0.4721379958093166,-0.0125746000674553,1.5606614306307164e-05,0.01087844,0.09462890625,-15.116073608398438,0.00025,dynamic-obstacles-8x8,MiniGrid-Dynamic-Obstacles-8x8-v0,2
163840,830.086,0.0,256.0,0.4964658915996551,-0.4693388178944587,-0.0111468364077154,1.1220361329833397e-05,0.008982462,0.08388671875,-29.609769821166992,0.00025,dynamic-obstacles-8x8,MiniGrid-Dynamic-Obstacles-8x8-v0,2
164864,833.743,-0.01,254.6,0.4939611256122589,-0.4998638458549976,-0.0100743416289333,1.0555917174315255e-05,0.012310168,0.10439453125,-18.470029830932617,0.00025,dynamic-obstacles-8x8,MiniGrid-Dynamic-Obstacles-8x8-v0,2
165888,839.081,-0.01,254.6,0.497758150100708,-0.4958804354071617,-0.008315401955042,0.0083555505378171,0.014808762,0.0931640625,-0.0014364719390869,0.00025,dynamic-obstacles-8x8,MiniGrid-Dynamic-Obstacles-8x8-v0,2
166912,843.142,-0.01,254.6,0.5441272258758545,-0.5081699237227439,-0.0098436973057687,7.119421252355096e-05,0.017525455,0.12763671875,-10.77266788482666,0.00025,dynamic-obstacles-8x8,MiniGrid-Dynamic-Obstacles-8x8-v0,2
167936,846.332,-0.01,254.6,0.5523481369018555,-0.5359722666442395,-0.0139204249135218,3.269612438998593e-05,0.008807903,0.08427734375,-4.686262130737305,0.00025,dynamic-obstacles-8x8,MiniGrid-Dynamic-Obstacles-8x8-v0,2
168960,850.317,-0.01,254.6,0.531434178352356,-0.5430256254971028,-0.0175250878557562,2.3957289067766395e-05,0.013702672,0.1056640625,-9.285914421081545,0.00025,dynamic-obstacles-8x8,MiniGrid-Dynamic-Obstacles-8x8-v0,2
169984,853.578,-0.01,254.6,0.5299791693687439,-0.5266871564090252,-0.0172003318089991,2.5454151409576297e-05,0.00954045,0.0892578125,-8.042001724243164,0.00025,dynamic-obstacles-8x8,MiniGrid-Dynamic-Obstacles-8x8-v0,2
171008,867.959,-0.01,254.6,0.5093796253204346,-0.5215152867138386,-0.016524823650252,1.6832173059810884e-05,0.009730033,0.08828125,-13.531654357910156,0.00025,dynamic-obstacles-8x8,MiniGrid-Dynamic-Obstacles-8x8-v0,2
172032,874.403,-0.01,254.6,0.5048969984054565,-0.5138681754469872,-0.0143092175596393,1.4573330304301637e-05,0.019162772,0.10078125,-10.374682426452637,0.00025,dynamic-obstacles-8x8,MiniGrid-Dynamic-Obstacles-8x8-v0,2
173056,878.534,-0.01,254.6,0.49966961145401,-0.4777902029454708,-0.0118773046066053,1.7144101752819553e-05,0.015318568,0.1009765625,-9.99271297454834,0.00025,dynamic-obstacles-8x8,MiniGrid-Dynamic-Obstacles-8x8-v0,2
174080,884.756,-0.01,254.6,0.4577493071556091,-0.4851167239248752,-0.0119961765245534,1.1823888007711502e-05,0.012095373,0.09287109375,-10.74216365814209,0.00025,dynamic-obstacles-8x8,MiniGrid-Dynamic-Obstacles-8x8-v0,2
175104,889.009,-0.01,254.6,0.4860614538192749,-0.4638401195406914,-0.0140211196034215,9.42301849136129e-06,0.009631322,0.09931640625,-14.687103271484377,0.00025,dynamic-obstacles-8x8,MiniGrid-Dynamic-Obstacles-8x8-v0,2
176128,892.648,-0.01,254.6,0.4747631549835205,-0.4778517089784145,-0.0121497906511649,8.293942380532826e-06,0.007987844,0.0869140625,-7.031551361083984,0.00025,dynamic-obstacles-8x8,MiniGrid-Dynamic-Obstacles-8x8-v0,2
177152,896.872,-0.01,254.6,0.4639201462268829,-0.4586509995162487,-0.0083311092690564,9.693539414001862e-06,0.008131258,0.1015625,-34.551170349121094,0.00025,dynamic-obstacles-8x8,MiniGrid-Dynamic-Obstacles-8x8-v0,2
178176,902.719,-0.01,254.6,0.4412258863449096,-0.4448173895478248,-0.0114006047253496,1.0885513324865314e-05,0.010066304,0.07109375,-27.938013076782227,0.00025,dynamic-obstacles-8x8,MiniGrid-Dynamic-Obstacles-8x8-v0,2
179200,907.234,-0.01,254.6,0.4361740350723266,-0.4298084586858749,-0.0124602324329316,1.114758481435274e-05,0.009530992,0.108203125,-17.18144989013672,0.00025,dynamic-obstacles-8x8,MiniGrid-Dynamic-Obstacles-8x8-v0,2
180224,923.7,-0.01,254.6,0.4242546558380127,-0.4284807682037354,-0.0132923624012619,1.0575216106190054e-05,0.008924154,0.0615234375,-13.180974006652832,0.00025,dynamic-obstacles-8x8,MiniGrid-Dynamic-Obstacles-8x8-v0,2
181248,929.939,-0.01,254.6,0.4082012176513672,-0.4186627961695194,-0.0118059179629199,7.595540205329599e-06,0.011740306,0.08994140625,-14.474520683288574,0.00025,dynamic-obstacles-8x8,MiniGrid-Dynamic-Obstacles-8x8-v0,2
182272,937.444,-0.01,254.6,0.4476926028728485,-0.4083025485277176,-0.0109671486599836,8.069696298207418e-06,0.013301281,0.0919921875,-20.101850509643555,0.00025,dynamic-obstacles-8x8,MiniGrid-Dynamic-Obstacles-8x8-v0,2
183296,944.021,-0.01,254.6,0.3998973369598388,-0.4451699696481228,-0.0154775590752251,8.819399329240696e-06,0.008239187,0.0587890625,-5.295193672180176,0.00025,dynamic-obstacles-8x8,MiniGrid-Dynamic-Obstacles-8x8-v0,2
184320,948.947,-0.01,254.6,0.4224897027015686,-0.4100570939481258,-0.0105909403529949,8.777861955877597e-06,0.013326654,0.11484375,-21.16611099243164,0.00025,dynamic-obstacles-8x8,MiniGrid-Dynamic-Obstacles-8x8-v0,2
185344,953.271,-0.01,254.6,0.4278973937034607,-0.4250610388815403,-0.0144171431427821,1.264209090550139e-05,0.010878138,0.094921875,-25.700613021850582,0.00025,dynamic-obstacles-8x8,MiniGrid-Dynamic-Obstacles-8x8-v0,2
186368,958.205,-0.01,254.6,0.4539130926132202,-0.4290734156966209,-0.018741187651176,1.1953786020058032e-05,0.013194924,0.08525390625,-26.579015731811523,0.00025,dynamic-obstacles-8x8,MiniGrid-Dynamic-Obstacles-8x8-v0,2
187392,961.853,-0.01,254.6,0.4198371171951294,-0.4392058059573173,-0.0180673105292953,1.359660429898213e-05,0.012122432,0.09716796875,-19.82703971862793,0.00025,dynamic-obstacles-8x8,MiniGrid-Dynamic-Obstacles-8x8-v0,2
188416,970.865,-0.01,254.6,0.4076551795005798,-0.4070559464395046,-0.0148023909889161,1.4312050711851044e-05,0.014245758,0.12763671875,-6.50352668762207,0.00025,dynamic-obstacles-8x8,MiniGrid-Dynamic-Obstacles-8x8-v0,2
189440,977.689,-0.01,254.6,0.4207568764686584,-0.4083167217671871,-0.0123368758475407,1.2570273065648508e-05,0.01089403,0.0869140625,-14.850896835327148,0.00025,dynamic-obstacles-8x8,MiniGrid-Dynamic-Obstacles-8x8-v0,2
190464,992.755,0.0,256.0,0.3919257223606109,-0.4098639868199825,-0.0154485065024346,9.640384655540402e-06,0.013372539,0.12001953125,-14.920926094055176,0.00025,dynamic-obstacles-8x8,MiniGrid-Dynamic-Obstacles-8x8-v0,2
191488,999.204,0.0,256.0,0.3921882510185241,-0.3871556989848613,-0.0102855299017392,1.0232110935248785e-05,0.009910668,0.0974609375,-27.883167266845703,0.00025,dynamic-obstacles-8x8,MiniGrid-Dynamic-Obstacles-8x8-v0,2
192512,1005.258,0.0,256.0,0.3978908658027649,-0.3990831695497036,-0.0118017051951028,8.254918452621495e-06,0.0082198875,0.067578125,-26.034725189208984,0.00025,dynamic-obstacles-8x8,MiniGrid-Dynamic-Obstacles-8x8-v0,2
193536,1010.194,0.0,256.0,0.3693865835666656,-0.3857250347733497,-0.0103982914588414,1.039125820625486e-05,0.00973412,0.10732421875,-11.216736793518066,0.00025,dynamic-obstacles-8x8,MiniGrid-Dynamic-Obstacles-8x8-v0,2
194560,1013.926,0.0,256.0,0.36630979180336,-0.3533528544008731,-0.012534148117993,9.378171307616867e-06,0.011338904,0.08115234375,-11.587260246276855,0.00025,dynamic-obstacles-8x8,MiniGrid-Dynamic-Obstacles-8x8-v0,2
195584,1018.639,0.0,256.0,0.3867200016975403,-0.3730979949235916,-0.0124335918109864,9.151092092452016e-06,0.006831673,0.0845703125,-20.25954818725586,0.00025,dynamic-obstacles-8x8,MiniGrid-Dynamic-Obstacles-8x8-v0,2
196608,1022.468,0.0,256.0,0.3896490931510925,-0.3932006642222404,-0.0117477945284917,7.598972808864346e-06,0.009818568,0.07314453125,-25.18282127380371,0.00025,dynamic-obstacles-8x8,MiniGrid-Dynamic-Obstacles-8x8-v0,2
197632,1027.894,0.0,256.0,0.3755328953266144,-0.3801586054265499,-0.0134527372196316,7.133689439342561e-06,0.008989222,0.09501953125,-27.5188102722168,0.00025,dynamic-obstacles-8x8,MiniGrid-Dynamic-Obstacles-8x8-v0,2
198656,1034.507,0.0,256.0,0.3866738080978393,-0.3812111608684063,-0.0148442751495167,7.5264809879627135e-06,0.014976157,0.10009765625,-30.48577308654785,0.00025,dynamic-obstacles-8x8,MiniGrid-Dynamic-Obstacles-8x8-v0,2
199680,1040.886,0.0,256.0,0.4049973487854004,-0.3837726235389709,-0.0126375716179609,7.62839547405747e-06,0.0113074165,0.080859375,-15.314323425292969,0.00025,dynamic-obstacles-8x8,MiniGrid-Dynamic-Obstacles-8x8-v0,2
200704,1054.803,0.0,256.0,0.3771731555461883,-0.3883458338677883,-0.0166900559328496,8.733945810490695e-06,0.015261659,0.1068359375,-21.19610977172852,0.00025,dynamic-obstacles-8x8,MiniGrid-Dynamic-Obstacles-8x8-v0,2
201728,1059.501,0.0,256.0,0.3708241581916809,-0.3917585752904415,-0.0120383941801264,8.636619497792708e-06,0.026912704,0.12314453125,-27.923215866088867,0.00025,dynamic-obstacles-8x8,MiniGrid-Dynamic-Obstacles-8x8-v0,2
202752,1063.358,0.0,256.0,0.3828070759773254,-0.3514001429080963,-0.0127213584491983,8.180520205769426e-06,0.010371097,0.08154296875,-23.70320701599121,0.00025,dynamic-obstacles-8x8,MiniGrid-Dynamic-Obstacles-8x8-v0,2
203776,1067.916,0.0,256.0,0.3813693225383758,-0.3887166015803814,-0.0127597017795778,8.480430744839396e-06,0.008740064,0.0833984375,-18.597434997558597,0.00025,dynamic-obstacles-8x8,MiniGrid-Dynamic-Obstacles-8x8-v0,2
204800,1071.467,0.0,256.0,0.3815698623657226,-0.3919051095843315,-0.0116352016339078,6.317353143003856e-06,0.017124444,0.12138671875,-29.524932861328125,0.00025,dynamic-obstacles-8x8,MiniGrid-Dynamic-Obstacles-8x8-v0,2
205824,1076.773,0.0,256.0,0.3695244789123535,-0.3773985467851162,-0.0097073035314679,7.0715829110667984e-06,0.010373208,0.09443359375,-12.415453910827637,0.00025,dynamic-obstacles-8x8,MiniGrid-Dynamic-Obstacles-8x8-v0,2
206848,1081.159,0.0,256.0,0.3704381883144378,-0.3643585950136184,-0.0160225778701715,1.019402396877922e-05,0.010609245,0.0986328125,-18.08476829528809,0.00025,dynamic-obstacles-8x8,MiniGrid-Dynamic-Obstacles-8x8-v0,2
207872,1087.699,0.0,256.0,0.3768378794193268,-0.3711518615484238,-0.0169030557037331,1.035400059663516e-05,0.011139905,0.08154296875,-34.036346435546875,0.00025,dynamic-obstacles-8x8,MiniGrid-Dynamic-Obstacles-8x8-v0,2
208896,1093.853,0.0,256.0,0.346394807100296,-0.3744746558368206,-0.012007365480531,1.0361630143052025e-05,0.01615748,0.09345703125,-13.811046600341797,0.00025,dynamic-obstacles-8x8,MiniGrid-Dynamic-Obstacles-8x8-v0,2
209920,1097.792,0.0,256.0,0.3988339602947235,-0.364948234707117,-0.0145329650549683,8.774565651492594e-06,0.017112337,0.11220703125,-18.060556411743164,0.00025,dynamic-obstacles-8x8,MiniGrid-Dynamic-Obstacles-8x8-v0,2
210944,1108.921,0.0,256.0,0.3641356527805328,-0.37880579829216,-0.0105106491595506,8.89299828941148e-06,0.010091033,0.09794921875,-12.626435279846191,0.00025,dynamic-obstacles-8x8,MiniGrid-Dynamic-Obstacles-8x8-v0,2
211968,1113.131,0.0,256.0,0.3791216909885406,-0.3678649716079235,-0.0099156651704106,7.005562872564042e-06,0.007799247,0.08203125,-21.92375373840332,0.00025,dynamic-obstacles-8x8,MiniGrid-Dynamic-Obstacles-8x8-v0,2
212992,1116.452,0.0,256.0,0.3204047977924347,-0.376059278100729,-0.0158635483589023,7.2481743814023504e-06,0.009529738,0.07939453125,-13.958669662475586,0.00025,dynamic-obstacles-8x8,MiniGrid-Dynamic-Obstacles-8x8-v0,2
214016,1120.896,0.0,256.0,0.3333545327186584,-0.3034959144890308,-0.0130797862191684,7.925520674234576e-06,0.017318098,0.0810546875,-13.016305923461914,0.00025,dynamic-obstacles-8x8,MiniGrid-Dynamic-Obstacles-8x8-v0,2
215040,1125.711,0.0,256.0,0.32918581366539,-0.3252165935933589,-0.0080441857047844,7.850405631870672e-06,0.0136357155,0.116796875,-18.155075073242188,0.00025,dynamic-obstacles-8x8,MiniGrid-Dynamic-Obstacles-8x8-v0,2
216064,1130.41,0.0,256.0,0.3477658033370971,-0.3390266969799995,-0.0127559771062806,6.204919827723643e-06,0.020607596,0.0896484375,-19.85565757751465,0.00025,dynamic-obstacles-8x8,MiniGrid-Dynamic-Obstacles-8x8-v0,2
217088,1133.797,0.0,256.0,0.3411757051944732,-0.3423737198114395,-0.0128514290146995,5.483215716139966e-06,0.011146363,0.06357421875,-34.17359924316406,0.00025,dynamic-obstacles-8x8,MiniGrid-Dynamic-Obstacles-8x8-v0,2
218112,1139.648,0.0,256.0,0.2914583384990692,-0.3194705419242382,-0.0116751947731245,8.425656437793804e-06,0.010211122,0.0701171875,-10.096837043762209,0.00025,dynamic-obstacles-8x8,MiniGrid-Dynamic-Obstacles-8x8-v0,2
219136,1144.693,0.0,256.0,0.2821926474571228,-0.2894606336951256,-0.0157719039940275,6.5376646261938735e-06,0.023192631,0.08984375,-17.051855087280273,0.00025,dynamic-obstacles-8x8,MiniGrid-Dynamic-Obstacles-8x8-v0,2
220160,1158.111,0.0,256.0,0.3036706149578094,-0.2802117496728897,-0.0149284083192469,7.411256910927478e-06,0.010262882,0.072265625,-11.230177879333496,0.00025,dynamic-obstacles-8x8,MiniGrid-Dynamic-Obstacles-8x8-v0,2
221184,1162.63,0.0,256.0,0.2953770160675049,-0.3112279675900936,-0.015499556530267,7.517624635511311e-06,0.008118948,0.085546875,-3.794576168060303,0.00025,dynamic-obstacles-8x8,MiniGrid-Dynamic-Obstacles-8x8-v0,2
222208,1166.08,0.0,256.0,0.2838292717933655,-0.2840197592973709,-0.0183998692664317,6.870924823942914e-06,0.016465152,0.1,-14.767144203186035,0.00025,dynamic-obstacles-8x8,MiniGrid-Dynamic-Obstacles-8x8-v0,2
223232,1170.796,0.0,256.0,0.3111324906349182,-0.2849749028682709,-0.0112453222100157,6.106127341354295e-06,0.011579044,0.08642578125,-21.76850700378418,0.00025,dynamic-obstacles-8x8,MiniGrid-Dynamic-Obstacles-8x8-v0,2
224256,1174.328,0.0,256.0,0.2993799448013305,-0.3090050920844078,-0.0077755110512953,7.112719413271407e-06,0.015138453,0.10498046875,-11.944893836975098,0.00025,dynamic-obstacles-8x8,MiniGrid-Dynamic-Obstacles-8x8-v0,2
225280,1178.775,0.0,256.0,0.3232352435588836,-0.3035073302686214,-0.014890567283146,5.976762588488782e-06,0.01805359,0.09921875,-6.865658760070801,0.00025,dynamic-obstacles-8x8,MiniGrid-Dynamic-Obstacles-8x8-v0,2
226304,1182.258,0.0,256.0,0.2920903861522674,-0.323849668353796,-0.0095628672395832,7.498779427805857e-06,0.011862437,0.109765625,-23.748836517333984,0.00025,dynamic-obstacles-8x8,MiniGrid-Dynamic-Obstacles-8x8-v0,2
227328,1186.772,0.0,256.0,0.3331186473369598,-0.299758530408144,-0.01263629256282,6.636638215695712e-06,0.015092394,0.096875,-25.078712463378903,0.00025,dynamic-obstacles-8x8,MiniGrid-Dynamic-Obstacles-8x8-v0,2
228352,1190.386,0.0,256.0,0.3311201930046081,-0.3376864671707153,-0.01502831436228,5.372720102059247e-06,0.010655509,0.08564453125,-19.62785530090332,0.00025,dynamic-obstacles-8x8,MiniGrid-Dynamic-Obstacles-8x8-v0,2
229376,1194.879,0.0,256.0,0.3413673341274261,-0.3247304067015648,-0.0129790745675563,5.631684655327263e-06,0.0113132,0.071484375,-15.833999633789062,0.00025,dynamic-obstacles-8x8,MiniGrid-Dynamic-Obstacles-8x8-v0,2
230400,1206.495,0.0,256.0,0.3160220384597778,-0.3463867962360382,-0.0140706347650848,5.253732740584382e-06,0.013439936,0.08857421875,-10.97382926940918,0.00025,dynamic-obstacles-8x8,MiniGrid-Dynamic-Obstacles-8x8-v0,2
231424,1211.454,0.0,256.0,0.325960636138916,-0.3138917632400989,-0.0144254775485023,5.364567186916247e-06,0.01718317,0.10361328125,-24.08430290222168,0.00025,dynamic-obstacles-8x8,MiniGrid-Dynamic-Obstacles-8x8-v0,2
232448,1215.266,0.0,256.0,0.3155503869056701,-0.3285497054457664,-0.0106445918208919,4.718374316325935e-06,0.013046028,0.080078125,-13.712194442749023,0.00025,dynamic-obstacles-8x8,MiniGrid-Dynamic-Obstacles-8x8-v0,2
233472,1219.502,0.0,256.0,0.3378308415412903,-0.3301233559846878,-0.0141998236300423,5.170899669337814e-06,0.0131369475,0.0908203125,-13.871050834655762,0.00025,dynamic-obstacles-8x8,MiniGrid-Dynamic-Obstacles-8x8-v0,2
234496,1222.895,0.0,256.0,0.3325580358505249,-0.3412018068134784,-0.0142741069663316,4.990889965483802e-06,0.012592228,0.087890625,-32.12033462524414,0.00025,dynamic-obstacles-8x8,MiniGrid-Dynamic-Obstacles-8x8-v0,2
235520,1227.48,0.0,256.0,0.3852870762348175,-0.3498345933854579,-0.0144035536068258,5.088321256607742e-06,0.010546495,0.0748046875,-13.949872970581056,0.00025,dynamic-obstacles-8x8,MiniGrid-Dynamic-Obstacles-8x8-v0,2
236544,1230.98,0.0,256.0,0.4070016741752624,-0.3930736094713211,-0.0175916314125061,5.0974308010154346e-06,0.011397826,0.09658203125,-7.826781272888184,0.00025,dynamic-obstacles-8x8,MiniGrid-Dynamic-Obstacles-8x8-v0,2
237568,1235.406,0.0,256.0,0.4262649118900299,-0.4090355485677719,-0.0159537841449491,4.0360054640586895e-06,0.0114965895,0.07666015625,-21.01770401000977,0.00025,dynamic-obstacles-8x8,MiniGrid-Dynamic-Obstacles-8x8-v0,2
238592,1239.072,0.0,256.0,0.4159430563449859,-0.4378407172858715,-0.0158642926602624,4.428474647966141e-06,0.019886069,0.1388671875,-21.149459838867188,0.00025,dynamic-obstacles-8x8,MiniGrid-Dynamic-Obstacles-8x8-v0,2
239616,1243.966,0.0,256.0,0.4090431928634643,-0.4181818768382072,-0.0214440838899463,5.681767061105347e-06,0.016289882,0.099609375,-5.243042945861816,0.00025,dynamic-obstacles-8x8,MiniGrid-Dynamic-Obstacles-8x8-v0,2
240640,1255.631,0.0,256.0,0.4324821233749389,-0.4080333635210991,-0.013647863746155,6.726965546022257e-06,0.008192655,0.06357421875,-16.321163177490234,0.00025,dynamic-obstacles-8x8,MiniGrid-Dynamic-Obstacles-8x8-v0,2
241664,1260.199,0.0,256.0,0.4243457317352295,-0.4275100238621235,-0.0191961208067368,1.186567163813379e-05,0.0150675,0.11455078125,-14.802963256835938,0.00025,dynamic-obstacles-8x8,MiniGrid-Dynamic-Obstacles-8x8-v0,2
242688,1264.332,0.0,256.0,0.4527929425239563,-0.4212406352162361,-0.0126512032467871,1.319724356108054e-05,0.009260844,0.07890625,-8.476725578308105,0.00025,dynamic-obstacles-8x8,MiniGrid-Dynamic-Obstacles-8x8-v0,2
243712,1268.711,0.0,256.0,0.401331216096878,-0.4279040597379208,-0.0154329345677979,1.1198790275557258e-05,0.016156364,0.1103515625,-22.57223320007324,0.00025,dynamic-obstacles-8x8,MiniGrid-Dynamic-Obstacles-8x8-v0,2
244736,1272.182,0.0,256.0,0.3854287564754486,-0.4032323062419891,-0.0158792019006796,1.006205789053638e-05,0.0125955045,0.0833984375,-10.914368629455566,0.00025,dynamic-obstacles-8x8,MiniGrid-Dynamic-Obstacles-8x8-v0,2
245760,1276.834,0.0,256.0,0.4204145967960357,-0.4009920828044414,-0.0187279703910462,1.0376345949225652e-05,0.009854268,0.0962890625,-7.329107284545898,0.00025,dynamic-obstacles-8x8,MiniGrid-Dynamic-Obstacles-8x8-v0,2
246784,1280.415,0.0,256.0,0.4323005080223083,-0.4010434284806251,-0.013784044154454,8.99702274637093e-06,0.011109933,0.08828125,-19.732929229736328,0.00025,dynamic-obstacles-8x8,MiniGrid-Dynamic-Obstacles-8x8-v0,2
247808,1286.358,0.0,256.0,0.3644053936004638,-0.4360582694411278,-0.0098388078622519,8.15771836641943e-06,0.009524258,0.09521484375,-11.13698959350586,0.00025,dynamic-obstacles-8x8,MiniGrid-Dynamic-Obstacles-8x8-v0,2
248832,1291.13,0.0,256.0,0.409697026014328,-0.3605507597327232,-0.0108608821290545,7.29124176359619e-06,0.0099924635,0.0822265625,-17.854063034057617,0.00025,dynamic-obstacles-8x8,MiniGrid-Dynamic-Obstacles-8x8-v0,2
249856,1295.372,0.0,256.0,0.3797171711921692,-0.4275643706321716,-0.0156945495516993,6.3594270045541634e-06,0.01146155,0.08349609375,-17.947418212890625,0.00025,dynamic-obstacles-8x8,MiniGrid-Dynamic-Obstacles-8x8-v0,2
250880,1308.449,0.0,256.0,0.3859040439128876,-0.3699211560189724,-0.0137274336593691,5.720795013530733e-06,0.009536436,0.07529296875,-16.207157135009766,0.00025,dynamic-obstacles-8x8,MiniGrid-Dynamic-Obstacles-8x8-v0,2
251904,1312.838,0.0,256.0,0.345112681388855,-0.3707138635218143,-0.0131950022070668,5.460448312533117e-06,0.011383459,0.081640625,-15.747217178344728,0.00025,dynamic-obstacles-8x8,MiniGrid-Dynamic-Obstacles-8x8-v0,2
252928,1316.142,0.0,256.0,0.3678670525550842,-0.3453974612057209,-0.0162485121458303,5.243223165507516e-06,0.014283659,0.0775390625,-16.490476608276367,0.00025,dynamic-obstacles-8x8,MiniGrid-Dynamic-Obstacles-8x8-v0,2
253952,1320.341,0.0,256.0,0.3690719902515411,-0.3786989510059356,-0.011868591181701,5.056042516571324e-06,0.0062871515,0.05888671875,-13.519206047058104,0.00025,dynamic-obstacles-8x8,MiniGrid-Dynamic-Obstacles-8x8-v0,2
254976,1323.674,0.0,256.0,0.389114648103714,-0.3770579203963279,-0.0138495697872713,5.611121775928041e-06,0.010725143,0.0744140625,-15.50758171081543,0.00025,dynamic-obstacles-8x8,MiniGrid-Dynamic-Obstacles-8x8-v0,2
256000,1328.007,0.0,256.0,0.4236176013946533,-0.3967149280011653,-0.0185156999155879,5.095322046599904e-06,0.011140348,0.07548828125,-12.181106567382812,0.00025,dynamic-obstacles-8x8,MiniGrid-Dynamic-Obstacles-8x8-v0,2
257024,1331.747,0.0,256.0,0.3274933397769928,-0.4136006541550159,-0.0176825917442329,4.783414425446608e-06,0.013331473,0.11083984375,-10.494210243225098,0.00025,dynamic-obstacles-8x8,MiniGrid-Dynamic-Obstacles-8x8-v0,2
258048,1336.536,0.0,256.0,0.3979023993015289,-0.3312769331037998,-0.010566694533918,4.564047355870571e-06,0.009058475,0.06123046875,-21.333175659179688,0.00025,dynamic-obstacles-8x8,MiniGrid-Dynamic-Obstacles-8x8-v0,2
259072,1341.222,0.0,256.0,0.3916620016098022,-0.4090789340436458,-0.0145379365654662,6.9786716494490975e-06,0.00811374,0.07275390625,-8.739630699157715,0.00025,dynamic-obstacles-8x8,MiniGrid-Dynamic-Obstacles-8x8-v0,2
260096,1356.822,0.0,256.0,0.3367787599563598,-0.3985313273966312,-0.0172163596842437,6.631732821915648e-06,0.014407938,0.09091796875,-15.10769271850586,0.00025,dynamic-obstacles-8x8,MiniGrid-Dynamic-Obstacles-8x8-v0,2
261120,1361.624,-0.01,255.5,0.3686296343803406,-0.3257182948291302,-0.0149109867983497,5.356200108508346e-06,0.0105811935,0.0783203125,-19.26941299438477,0.00025,dynamic-obstacles-8x8,MiniGrid-Dynamic-Obstacles-8x8-v0,2
262144,1365.091,-0.01,255.5,0.4477076232433319,-0.3774293936789036,-0.0091363621642813,0.0083399471419397,0.017282173,0.10849609375,0.0009693503379821,0.00025,dynamic-obstacles-8x8,MiniGrid-Dynamic-Obstacles-8x8-v0,2
263168,1370.412,-0.01,255.5,0.4085931181907654,-0.4602484345436096,-0.012519755680114,3.75630361304502e-05,0.013965398,0.10791015625,-3.835227012634277,0.00025,dynamic-obstacles-8x8,MiniGrid-Dynamic-Obstacles-8x8-v0,2
264192,1375.659,-0.01,255.5,0.4724132418632507,-0.4548571772873401,-0.0208767821313813,1.7419145183339425e-05,0.043380324,0.15810546875,-2.91255259513855,0.00025,dynamic-obstacles-8x8,MiniGrid-Dynamic-Obstacles-8x8-v0,2
265216,1380.89,-0.01,255.5,0.5287725925445557,-0.4851637199521065,-0.0204890150343999,1.6647009010739568e-05,0.01275585,0.1083984375,-2.5773348808288574,0.00025,dynamic-obstacles-8x8,MiniGrid-Dynamic-Obstacles-8x8-v0,2
266240,1386.516,-0.01,255.5,0.5402264595031738,-0.5378835029900074,-0.0185910699656233,1.3243600824353052e-05,0.011674507,0.0896484375,-2.772359609603882,0.00025,dynamic-obstacles-8x8,MiniGrid-Dynamic-Obstacles-8x8-v0,2
267264,1391.7,-0.01,255.5,0.5420781373977661,-0.540915061533451,-0.0180525662610307,9.064106302503206e-06,0.0126111,0.10576171875,-11.86453342437744,0.00025,dynamic-obstacles-8x8,MiniGrid-Dynamic-Obstacles-8x8-v0,2
268288,1396.618,-0.01,255.5,0.5211488604545593,-0.5458901897072792,-0.0155974056455306,9.393919231115434e-06,0.012139326,0.0869140625,-19.976123809814453,0.00025,dynamic-obstacles-8x8,MiniGrid-Dynamic-Obstacles-8x8-v0,2
269312,1400.593,-0.01,255.5,0.4982702732086181,-0.5095624245703221,-0.0120402652304619,9.08685277636323e-06,0.009848516,0.11435546875,-8.685853004455566,0.00025,dynamic-obstacles-8x8,MiniGrid-Dynamic-Obstacles-8x8-v0,2
270336,1414.788,-0.01,255.5,0.5459244251251221,-0.4954387456178665,-0.0180222189752385,1.110997079649678e-05,0.015543131,0.123828125,-16.87464714050293,0.00025,dynamic-obstacles-8x8,MiniGrid-Dynamic-Obstacles-8x8-v0,2
271360,1419.578,-0.01,255.5,0.5352141857147217,-0.5285031139850617,-0.0197620465653017,1.236882371813408e-05,0.012691181,0.12060546875,-10.516128540039062,0.00025,dynamic-obstacles-8x8,MiniGrid-Dynamic-Obstacles-8x8-v0,2
272384,1423.727,-0.01,255.5,0.493662029504776,-0.5140660531818867,-0.0171313887229189,1.2890427365164216e-05,0.013453165,0.0970703125,-11.058232307434082,0.00025,dynamic-obstacles-8x8,MiniGrid-Dynamic-Obstacles-8x8-v0,2
273408,1428.799,-0.01,255.5,0.4176732003688812,-0.4839137136936188,-0.0192678647581487,1.1339811476318572e-05,0.012624454,0.1052734375,-8.690153121948242,0.00025,dynamic-obstacles-8x8,MiniGrid-Dynamic-Obstacles-8x8-v0,2
274432,1433.839,-0.01,255.5,0.4314866960048675,-0.4151367381215095,-0.0196592503692954,9.62525093655131e-06,0.01359999,0.108984375,-10.972825050354004,0.00025,dynamic-obstacles-8x8,MiniGrid-Dynamic-Obstacles-8x8-v0,2
275456,1438.897,-0.01,255.5,0.4285379946231842,-0.4337507203221321,-0.0204136008629575,1.1933738346669995e-05,0.014557342,0.0978515625,-7.815901756286621,0.00025,dynamic-obstacles-8x8,MiniGrid-Dynamic-Obstacles-8x8-v0,2
276480,1444.281,-0.01,255.5,0.3972609639167785,-0.4298606045544147,-0.0199337213183753,1.0680505943128082e-05,0.0148447575,0.09541015625,-14.652085304260254,0.00025,dynamic-obstacles-8x8,MiniGrid-Dynamic-Obstacles-8x8-v0,2
277504,1449.31,-0.01,255.5,0.4742113351821899,-0.4128150656819344,-0.0201190129853785,1.0561757562754792e-05,0.019746386,0.13056640625,-12.561196327209473,0.00025,dynamic-obstacles-8x8,MiniGrid-Dynamic-Obstacles-8x8-v0,2
278528,1454.412,-0.01,255.5,0.4521040022373199,-0.4770560853183269,-0.0186583052040077,1.157886622422666e-05,0.01186588,0.1,-19.401968002319336,0.00025,dynamic-obstacles-8x8,MiniGrid-Dynamic-Obstacles-8x8-v0,2
279552,1459.455,-0.02,253.98,0.4889303743839264,-0.4548770889639854,-0.0162913407082669,1.076431124147348e-05,0.011278743,0.08515625,-7.547877311706543,0.00025,dynamic-obstacles-8x8,MiniGrid-Dynamic-Obstacles-8x8-v0,2
280576,1474.069,-0.02,253.98,0.5688610076904297,-0.5110968232154847,-0.0142059812555089,0.0081996532913763,0.019311043,0.13193359375,-0.0022667646408081,0.00025,dynamic-obstacles-8x8,MiniGrid-Dynamic-Obstacles-8x8-v0,2
281600,1478.923,-0.02,253.98,0.5364584922790527,-0.5705155149102211,-0.0204559541423805,2.3574032593387528e-05,0.013144736,0.1142578125,-9.575037002563477,0.00025,dynamic-obstacles-8x8,MiniGrid-Dynamic-Obstacles-8x8-v0,2
282624,1483.141,-0.02,253.98,0.5293086767196655,-0.5377251230180263,-0.0180426258244551,1.417311186742154e-05,0.011370253,0.10595703125,-17.036848068237305,0.00025,dynamic-obstacles-8x8,MiniGrid-Dynamic-Obstacles-8x8-v0,2
283648,1487.937,-0.02,253.98,0.535300612449646,-0.5279491014778614,-0.0214246211922727,1.4870141535539006e-05,0.019800581,0.12724609375,-10.5466890335083,0.00025,dynamic-obstacles-8x8,MiniGrid-Dynamic-Obstacles-8x8-v0,2
284672,1491.812,-0.02,253.98,0.5291907787322998,-0.5464471593499184,-0.0199041151616256,1.2730159392049244e-05,0.011367617,0.11220703125,-13.068045616149902,0.00025,dynamic-obstacles-8x8,MiniGrid-Dynamic-Obstacles-8x8-v0,2
285696,1496.718,-0.03,252.82,0.4895214736461639,-0.5159488208591938,-0.0211701990803703,1.1452114381427235e-05,0.021795962,0.115234375,-11.741771697998049,0.00025,dynamic-obstacles-8x8,MiniGrid-Dynamic-Obstacles-8x8-v0,2
286720,1500.856,-0.03,252.05,0.4919679164886474,-0.477160720527172,-0.0101537476526573,0.0081428851059172,0.01096309,0.14248046875,-0.0019221305847167,0.00025,dynamic-obstacles-8x8,MiniGrid-Dynamic-Obstacles-8x8-v0,2
287744,1505.604,-0.03,252.05,0.4595286250114441,-0.4726939722895622,-0.0106714732362888,0.0079111724742688,0.010341455,0.12578125,-0.010974645614624,0.00025,dynamic-obstacles-8x8,MiniGrid-Dynamic-Obstacles-8x8-v0,2
288768,1509.614,-0.03,252.05,0.499536782503128,-0.4689067266881466,-0.013352298119571,5.31676046193752e-05,0.018027535,0.1248046875,-15.98263168334961,0.00025,dynamic-obstacles-8x8,MiniGrid-Dynamic-Obstacles-8x8-v0,2
289792,1515.539,-0.03,252.05,0.5005643367767334,-0.5051771640777588,-0.0219489987008273,1.906105585476325e-05,0.019956531,0.11884765625,-7.446445465087891,0.00025,dynamic-obstacles-8x8,MiniGrid-Dynamic-Obstacles-8x8-v0,2
290816,1529.203,-0.03,252.05,0.5423541069030762,-0.519822432845831,-0.0214272027369588,1.4759958685317542e-05,0.013883743,0.1052734375,-9.601231575012209,0.00025,dynamic-obstacles-8x8,MiniGrid-Dynamic-Obstacles-8x8-v0,2
291840,1534.47,-0.03,252.05,0.5434098839759827,-0.552497698366642,-0.0160650346078909,1.2852302825194784e-05,0.012036961,0.10615234375,-13.578006744384766,0.00025,dynamic-obstacles-8x8,MiniGrid-Dynamic-Obstacles-8x8-v0,2
292864,1539.426,-0.03,252.05,0.5462340116500854,-0.5437315426766872,-0.0194852174259722,1.081163024991838e-05,0.01350637,0.12177734375,-17.694570541381836,0.00025,dynamic-obstacles-8x8,MiniGrid-Dynamic-Obstacles-8x8-v0,2
293888,1543.334,-0.03,252.05,0.6000705361366272,-0.5568804882466794,-0.0213020437280647,9.307210541464883e-06,0.014594418,0.13232421875,-8.988191604614258,0.00025,dynamic-obstacles-8x8,MiniGrid-Dynamic-Obstacles-8x8-v0,2
294912,1548.617,-0.03,252.05,0.5671476125717163,-0.5838254392147064,-0.0173463464248925,8.540677265500563e-06,0.012997862,0.121875,-7.307990074157715,0.00025,dynamic-obstacles-8x8,MiniGrid-Dynamic-Obstacles-8x8-v0,2
295936,1554.273,-0.03,252.05,0.5411831736564636,-0.560678206384182,-0.0191542155342176,9.843310544965787e-06,0.012987172,0.11025390625,-18.091588973999023,0.00025,dynamic-obstacles-8x8,MiniGrid-Dynamic-Obstacles-8x8-v0,2
296960,1560.627,-0.03,252.05,0.5319228172302246,-0.5238944679498673,-0.0184760875650681,9.29550460568862e-06,0.015150979,0.1056640625,-23.81217384338379,0.00025,dynamic-obstacles-8x8,MiniGrid-Dynamic-Obstacles-8x8-v0,2
297984,1565.811,-0.03,252.05,0.5345581769943237,-0.5122464664280415,-0.0228017076733522,9.339491191440174e-06,0.019981671,0.144140625,-5.920556545257568,0.00025,dynamic-obstacles-8x8,MiniGrid-Dynamic-Obstacles-8x8-v0,2
299008,1570.584,-0.03,252.05,0.4924348890781402,-0.5194469876587391,-0.0177775459364056,7.554925150543567e-06,0.012483403,0.1146484375,-10.324322700500488,0.00025,dynamic-obstacles-8x8,MiniGrid-Dynamic-Obstacles-8x8-v0,2
300032,1583.66,-0.03,252.05,0.4399868547916412,-0.4732019670307636,-0.0168402786366641,6.820458179390698e-06,0.012898926,0.12138671875,-8.303596496582031,0.00025,dynamic-obstacles-8x8,MiniGrid-Dynamic-Obstacles-8x8-v0,2
301056,1588.586,-0.03,252.05,0.4777826070785522,-0.4392632149159908,-0.0125216739776078,5.8069400552085424e-06,0.008341405,0.091796875,-20.905805587768555,0.00025,dynamic-obstacles-8x8,MiniGrid-Dynamic-Obstacles-8x8-v0,2
302080,1592.502,-0.03,252.05,0.4364252686500549,-0.4770263828337192,-0.0161482356954365,5.837873300151841e-06,0.01611379,0.1041015625,-18.41905975341797,0.00025,dynamic-obstacles-8x8,MiniGrid-Dynamic-Obstacles-8x8-v0,2
303104,1597.716,-0.03,252.05,0.4613534808158874,-0.4614484407007694,-0.0150049514952115,6.5387533823013655e-06,0.018617887,0.11943359375,-9.061327934265137,0.00025,dynamic-obstacles-8x8,MiniGrid-Dynamic-Obstacles-8x8-v0,2
304128,1602.525,-0.03,252.05,0.4814345240592956,-0.4581784151494503,-0.0185197826009243,8.06066856284815e-06,0.016454536,0.09462890625,-33.46816635131836,0.00025,dynamic-obstacles-8x8,MiniGrid-Dynamic-Obstacles-8x8-v0,2
305152,1606.609,-0.02,253.57,0.4810488224029541,-0.4732827924191952,-0.0191271688090637,8.517394837781466e-06,0.025814364,0.11845703125,-30.86314392089844,0.00025,dynamic-obstacles-8x8,MiniGrid-Dynamic-Obstacles-8x8-v0,2
306176,1613.865,-0.02,253.57,0.4672876000404358,-0.4872722409665584,-0.0097902405890636,8.633356605969311e-06,0.012590934,0.12392578125,-9.26796531677246,0.00025,dynamic-obstacles-8x8,MiniGrid-Dynamic-Obstacles-8x8-v0,2
307200,1619.636,-0.02,253.57,0.48124760389328,-0.4479907751083374,-0.0153319438162725,9.1384538109196e-06,0.01822176,0.112109375,-16.220809936523438,0.00025,dynamic-obstacles-8x8,MiniGrid-Dynamic-Obstacles-8x8-v0,2
308224,1625.417,-0.03,251.13,0.4690418243408203,-0.4841177463531494,-0.0131649997085332,6.644293273438962e-06,0.010167203,0.076171875,-15.003000259399414,0.00025,dynamic-obstacles-8x8,MiniGrid-Dynamic-Obstacles-8x8-v0,2
309248,1630.972,-0.03,251.13,0.4989673197269439,-0.4779960550367832,-0.0075793729862198,0.0063593174043489,0.011950528,0.0982421875,0.0016979575157165,0.00025,dynamic-obstacles-8x8,MiniGrid-Dynamic-Obstacles-8x8-v0,2
310272,1646.122,-0.02,252.29,0.4992777705192566,-0.503016347438097,-0.0157459799549542,5.49943751138926e-05,0.015304497,0.10732421875,-11.919737815856934,0.00025,dynamic-obstacles-8x8,MiniGrid-Dynamic-Obstacles-8x8-v0,2
311296,1650.485,-0.02,252.29,0.4829913377761841,-0.4832262173295021,-0.0154909098288044,3.510985970933689e-05,0.014763741,0.13212890625,-8.900413513183594,0.00025,dynamic-obstacles-8x8,MiniGrid-Dynamic-Obstacles-8x8-v0,2
312320,1654.086,-0.01,253.56,0.5002859830856323,-0.4841543063521385,-0.016148103843443,2.509454334358452e-05,0.015537292,0.13115234375,-11.016975402832031,0.00025,dynamic-obstacles-8x8,MiniGrid-Dynamic-Obstacles-8x8-v0,2
313344,1658.453,-0.01,253.56,0.4880070090293884,-0.4842736214399338,-0.0160531437722966,1.953710602720093e-05,0.022267113,0.11630859375,-10.349413871765137,0.00025,dynamic-obstacles-8x8,MiniGrid-Dynamic-Obstacles-8x8-v0,2
314368,1661.857,-0.01,253.56,0.5048910975456238,-0.5122200079262257,-0.0120708896894939,1.820047250475909e-05,0.015381707,0.13662109375,-4.709151744842529,0.00025,dynamic-obstacles-8x8,MiniGrid-Dynamic-Obstacles-8x8-v0,2
315392,1666.342,-0.01,253.56,0.5128697156906128,-0.5047236099839211,-0.0127953600604087,1.511944121830311e-05,0.010099059,0.080859375,-13.269682884216309,0.00025,dynamic-obstacles-8x8,MiniGrid-Dynamic-Obstacles-8x8-v0,2
316416,1669.933,-0.01,253.56,0.4819481372833252,-0.4852198749780655,-0.0179474689182825,1.442658642645256e-05,0.014589427,0.1025390625,-15.744392395019531,0.00025,dynamic-obstacles-8x8,MiniGrid-Dynamic-Obstacles-8x8-v0,2
317440,1674.346,-0.02,251.6,0.494108647108078,-0.4744234949350357,-0.0193934994167648,1.4190643946676574e-05,0.018197708,0.12060546875,-8.005266189575195,0.00025,dynamic-obstacles-8x8,MiniGrid-Dynamic-Obstacles-8x8-v0,2
318464,1677.813,-0.02,251.6,0.5038740634918213,-0.4960903063416481,-0.0072555126214865,0.0082401150080841,0.01840784,0.09130859375,-0.0013859272003173,0.00025,dynamic-obstacles-8x8,MiniGrid-Dynamic-Obstacles-8x8-v0,2
319488,1682.218,-0.03,249.05,0.4643436670303345,-0.5038628652691841,-0.0162052155472338,3.8207281340874034e-05,0.014817558,0.11240234375,-23.834508895874023,0.00025,dynamic-obstacles-8x8,MiniGrid-Dynamic-Obstacles-8x8-v0,2
320512,1693.089,-0.03,249.05,0.5165584683418274,-0.4846566297113895,-0.0155472843674942,0.0009305475929522,0.015906692,0.08984375,0.0141614079475402,0.00025,dynamic-obstacles-8x8,MiniGrid-Dynamic-Obstacles-8x8-v0,2
321536,1697.494,-0.03,249.05,0.496128112077713,-0.5187889918684959,-0.0171906890813261,2.9993618500157027e-05,0.011299002,0.1146484375,-9.901897430419922,0.00025,dynamic-obstacles-8x8,MiniGrid-Dynamic-Obstacles-8x8-v0,2
322560,1701.054,-0.03,249.05,0.4894532859325409,-0.4878740519285202,-0.0165299757150933,2.2017751734892955e-05,0.017034626,0.11044921875,-16.0449275970459,0.00025,dynamic-obstacles-8x8,MiniGrid-Dynamic-Obstacles-8x8-v0,2
323584,1705.399,-0.04,246.52,0.5197241306304932,-0.4875577598810195,-0.0175140853971242,2.0476671852520668e-05,0.018438589,0.11298828125,-11.717958450317385,0.00025,dynamic-obstacles-8x8,MiniGrid-Dynamic-Obstacles-8x8-v0,2
324608,1708.88,-0.04,246.52,0.5172528028488159,-0.5287930130958557,-0.0074241230031475,0.002488368039485,0.011504942,0.0841796875,0.0218223929405212,0.00025,dynamic-obstacles-8x8,MiniGrid-Dynamic-Obstacles-8x8-v0,2
325632,1713.26,-0.04,246.52,0.4993013739585876,-0.5150174133479595,-0.0161034872755408,5.951571074547246e-05,0.018491467,0.11533203125,-9.734159469604492,0.00025,dynamic-obstacles-8x8,MiniGrid-Dynamic-Obstacles-8x8-v0,2
326656,1716.71,-0.04,246.52,0.5249212384223938,-0.504436231404543,-0.0160831214743666,4.2836763350351247e-05,0.021974728,0.1287109375,-12.71731662750244,0.00025,dynamic-obstacles-8x8,MiniGrid-Dynamic-Obstacles-8x8-v0,2
327680,1721.095,-0.04,246.52,0.5072974562644958,-0.5319915749132633,-0.0157847247086465,2.9654170793946837e-05,0.015610907,0.10068359375,-20.84803581237793,0.00025,dynamic-obstacles-8x8,MiniGrid-Dynamic-Obstacles-8x8-v0,2
328704,1724.527,-0.04,246.52,0.5130953192710876,-0.5074489258229733,-0.0148665818502195,2.679619828995783e-05,0.01327345,0.12578125,-17.87337875366211,0.00025,dynamic-obstacles-8x8,MiniGrid-Dynamic-Obstacles-8x8-v0,2
329728,1728.791,-0.04,246.52,0.4990017116069793,-0.4950430892407894,-0.0145581006072461,3.209540514035325e-05,0.019636123,0.140625,-13.823766708374023,0.00025,dynamic-obstacles-8x8,MiniGrid-Dynamic-Obstacles-8x8-v0,2
330752,1739.958,-0.05,245.91,0.4894136786460876,-0.4825862370431423,-0.0150209982064552,2.399103764219035e-05,0.011530266,0.09375,-23.67576789855957,0.00025,dynamic-obstacles-8x8,MiniGrid-Dynamic-Obstacles-8x8-v0,2
331776,1744.525,-0.05,245.91,0.4378004670143127,-0.4659754864871502,-0.0128736713784746,0.0081716318672988,0.017805394,0.13359375,0.0077196359634399,0.00025,dynamic-obstacles-8x8,MiniGrid-Dynamic-Obstacles-8x8-v0,2
332800,1748.067,-0.04,248.35,0.4009479582309723,-0.4240754768252373,-0.0149376534915063,2.7727291899282137e-05,0.03546714,0.12275390625,-18.123825073242188,0.00025,dynamic-obstacles-8x8,MiniGrid-Dynamic-Obstacles-8x8-v0,2
333824,1752.514,-0.04,248.35,0.4375958144664764,-0.4055122271180152,-0.0090160074993036,2.299157658853801e-05,0.013944724,0.1212890625,-19.44508934020996,0.00025,dynamic-obstacles-8x8,MiniGrid-Dynamic-Obstacles-8x8-v0,2
334848,1755.987,-0.04,248.35,0.4285863935947418,-0.4343339644372463,-0.015580319892615,1.9983476340712515e-05,0.015914861,0.12158203125,-7.693870544433594,0.00025,dynamic-obstacles-8x8,MiniGrid-Dynamic-Obstacles-8x8-v0,2
335872,1760.358,-0.04,248.35,0.465419203042984,-0.4393799267709255,-0.0155031484202481,1.9608938691817455e-05,0.011387166,0.090234375,-14.33610725402832,0.00025,dynamic-obstacles-8x8,MiniGrid-Dynamic-Obstacles-8x8-v0,2
336896,1763.874,-0.04,248.35,0.4832402169704437,-0.4715377815067768,-0.0135959300852846,1.6628189723633113e-05,0.010343172,0.0880859375,-12.232842445373535,0.00025,dynamic-obstacles-8x8,MiniGrid-Dynamic-Obstacles-8x8-v0,2
337920,1768.194,-0.04,248.35,0.4991955161094665,-0.4804171986877918,-0.0167395324038807,1.7602059483579068e-05,0.012267545,0.09873046875,-9.667433738708496,0.00025,dynamic-obstacles-8x8,MiniGrid-Dynamic-Obstacles-8x8-v0,2
338944,1771.584,-0.04,248.35,0.5213583111763,-0.5057852447032929,-0.0175780652090907,1.6734646283111943e-05,0.01454434,0.1140625,-5.1923112869262695,0.00025,dynamic-obstacles-8x8,MiniGrid-Dynamic-Obstacles-8x8-v0,2
339968,1776.022,-0.04,248.35,0.5204159617424011,-0.5233736783266068,-0.021220384852495,1.4151848381516174e-05,0.021308072,0.133984375,-20.188512802124023,0.00025,dynamic-obstacles-8x8,MiniGrid-Dynamic-Obstacles-8x8-v0,2
340992,1786.667,-0.04,248.35,0.4919856488704681,-0.5313335753977299,-0.0177607722813263,1.9033343278351825e-05,0.017631335,0.11201171875,-3.1592960357666016,0.00025,dynamic-obstacles-8x8,MiniGrid-Dynamic-Obstacles-8x8-v0,2
342016,1790.948,-0.03,250.31,0.4999429583549499,-0.4853530511260032,-0.0128898238413967,1.6055782998591896e-05,0.01527662,0.099609375,-12.118474006652832,0.00025,dynamic-obstacles-8x8,MiniGrid-Dynamic-Obstacles-8x8-v0,2
343040,1794.6,-0.03,250.31,0.4443603456020355,-0.4770374573767185,-0.0138871246716007,1.3970335089652508e-05,0.02254324,0.13583984375,-15.644084930419922,0.00025,dynamic-obstacles-8x8,MiniGrid-Dynamic-Obstacles-8x8-v0,2
344064,1798.964,-0.02,252.86,0.5195872187614441,-0.4530731499195098,-0.0042638243758119,1.3872312206331116e-05,0.0115468325,0.15751953125,-11.60028839111328,0.00025,dynamic-obstacles-8x8,MiniGrid-Dynamic-Obstacles-8x8-v0,2
345088,1802.632,-0.02,252.86,0.5254690647125244,-0.5276956602931022,-0.0166860920144245,1.0915055872828816e-05,0.01223086,0.09921875,-16.154508590698242,0.00025,dynamic-obstacles-8x8,MiniGrid-Dynamic-Obstacles-8x8-v0,2
346112,1806.917,-0.02,252.86,0.4891188740730285,-0.5188515320420265,-0.0177562011755071,9.819383512876813e-06,0.019504491,0.11552734375,-23.833030700683597,0.00025,dynamic-obstacles-8x8,MiniGrid-Dynamic-Obstacles-8x8-v0,2
347136,1810.519,-0.02,252.86,0.4685243368148803,-0.485728932917118,-0.0147203512722626,1.1301117501716362e-05,0.018390765,0.0990234375,-2.8614251613616943,0.00025,dynamic-obstacles-8x8,MiniGrid-Dynamic-Obstacles-8x8-v0,2
348160,1815.381,-0.02,252.86,0.4931963086128235,-0.4766301982104778,-0.0122042942675761,1.1033226655854378e-05,0.013387754,0.11787109375,-18.64548110961914,0.00025,dynamic-obstacles-8x8,MiniGrid-Dynamic-Obstacles-8x8-v0,2
349184,1818.761,-0.01,255.39,0.5094859004020691,-0.5031231865286827,-0.0153156449319794,1.0735290811680895e-05,0.016648771,0.14404296875,-21.138011932373047,0.00025,dynamic-obstacles-8x8,MiniGrid-Dynamic-Obstacles-8x8-v0,2
350208,1830.64,-0.01,255.39,0.5402246117591858,-0.4985420078039169,-0.0180917608784511,9.901970884129696e-06,0.017415792,0.1134765625,-17.629196166992188,0.00025,dynamic-obstacles-8x8,MiniGrid-Dynamic-Obstacles-8x8-v0,2
351232,1835.037,-0.01,255.39,0.5117232799530029,-0.5304120913147926,-0.0144402721198275,9.017222214424692e-06,0.016393702,0.1162109375,-18.555219650268555,0.00025,dynamic-obstacles-8x8,MiniGrid-Dynamic-Obstacles-8x8-v0,2
352256,1838.402,-0.01,255.39,0.501212477684021,-0.4974992126226425,-0.0169420796446502,9.961300861505151e-06,0.019588392,0.13564453125,-10.022183418273926,0.00025,dynamic-obstacles-8x8,MiniGrid-Dynamic-Obstacles-8x8-v0,2
353280,1842.879,-0.01,255.39,0.490631639957428,-0.5032828412950039,-0.0193800195527728,9.774081718205709e-06,0.018805312,0.125,-25.105226516723636,0.00025,dynamic-obstacles-8x8,MiniGrid-Dynamic-Obstacles-8x8-v0,2
354304,1846.263,-0.01,255.39,0.4974433779716491,-0.4954870782792568,-0.0153406963334418,1.2696223825514607e-05,0.01340328,0.11826171875,-7.902358055114746,0.00025,dynamic-obstacles-8x8,MiniGrid-Dynamic-Obstacles-8x8-v0,2
355328,1850.975,-0.01,255.39,0.4707405865192413,-0.4689752094447613,-0.0196264271915424,9.105694880418014e-06,0.017672658,0.1431640625,-15.101844787597656,0.00025,dynamic-obstacles-8x8,MiniGrid-Dynamic-Obstacles-8x8-v0,2
356352,1854.634,0.0,256.0,0.4720099866390228,-0.462805999070406,-0.0137380786705762,9.318055867879594e-06,0.016542278,0.11533203125,-14.514659881591797,0.00025,dynamic-obstacles-8x8,MiniGrid-Dynamic-Obstacles-8x8-v0,2
357376,1859.036,0.0,256.0,0.4761893451213836,-0.4873322539031505,-0.0165286512230522,8.79564352089801e-06,0.016510636,0.14140625,-14.668002128601074,0.00025,dynamic-obstacles-8x8,MiniGrid-Dynamic-Obstacles-8x8-v0,2
358400,1862.614,0.0,256.0,0.484947144985199,-0.4713332533836364,-0.0174125151941552,7.674507958199684e-06,0.013312025,0.10322265625,-16.885799407958984,0.00025,dynamic-obstacles-8x8,MiniGrid-Dynamic-Obstacles-8x8-v0,2
359424,1866.966,0.0,256.0,0.4842738509178161,-0.4681323684751987,-0.0155764607712626,7.784406454902637e-06,0.013058118,0.1216796875,-23.65423583984375,0.00025,dynamic-obstacles-8x8,MiniGrid-Dynamic-Obstacles-8x8-v0,2
360448,1877.937,0.0,256.0,0.4288500547409057,-0.4736799225211143,-0.0188352815574035,7.52984170730997e-06,0.01514667,0.1232421875,-19.770450592041016,0.00025,dynamic-obstacles-8x8,MiniGrid-Dynamic-Obstacles-8x8-v0,2
361472,1882.382,0.0,256.0,0.4536530971527099,-0.4362467922270298,-0.0172344911145046,8.570902241444856e-06,0.02049393,0.1103515625,-6.338794708251953,0.00025,dynamic-obstacles-8x8,MiniGrid-Dynamic-Obstacles-8x8-v0,2
362496,1885.805,0.0,256.0,0.4081348478794098,-0.4462831035256386,-0.0192806157749146,8.360092544990039e-06,0.0167718,0.10625,-20.58324432373047,0.00025,dynamic-obstacles-8x8,MiniGrid-Dynamic-Obstacles-8x8-v0,2
363520,1890.068,0.0,256.0,0.4293228387832641,-0.3888708584010601,-0.0193032081006094,8.04097801392345e-06,0.020525973,0.10673828125,-15.00984001159668,0.00025,dynamic-obstacles-8x8,MiniGrid-Dynamic-Obstacles-8x8-v0,2
364544,1893.742,0.0,256.0,0.4067768454551697,-0.4184151299297809,-0.0180051452247425,7.98607139813612e-06,0.020453267,0.115625,-7.843757629394531,0.00025,dynamic-obstacles-8x8,MiniGrid-Dynamic-Obstacles-8x8-v0,2
365568,1898.071,0.0,256.0,0.4157871305942535,-0.4065625980496407,-0.0170021993806585,7.348617907609878e-06,0.0151676405,0.0908203125,-8.762057304382324,0.00025,dynamic-obstacles-8x8,MiniGrid-Dynamic-Obstacles-8x8-v0,2
366592,1901.62,0.0,256.0,0.4065083265304565,-0.404206820577383,-0.0218152804300189,7.243375557663967e-06,0.020094758,0.12958984375,-24.1453914642334,0.00025,dynamic-obstacles-8x8,MiniGrid-Dynamic-Obstacles-8x8-v0,2
367616,1905.919,0.0,256.0,0.3762629926204681,-0.3895979292690754,-0.0167024395079351,7.255641401116009e-06,0.020214645,0.1341796875,-19.95957565307617,0.00025,dynamic-obstacles-8x8,MiniGrid-Dynamic-Obstacles-8x8-v0,2
368640,1909.362,0.0,256.0,0.4038578867912292,-0.3871574133634567,-0.0120186691521666,7.650482496046607e-06,0.012670841,0.09306640625,-11.680018424987791,0.00025,dynamic-obstacles-8x8,MiniGrid-Dynamic-Obstacles-8x8-v0,2
369664,1913.77,0.0,256.0,0.3836134672164917,-0.405107469856739,-0.0134725346812047,6.406044121831656e-06,0.026102338,0.1265625,-13.658031463623049,0.00025,dynamic-obstacles-8x8,MiniGrid-Dynamic-Obstacles-8x8-v0,2
370688,1924.746,0.0,256.0,0.3797004222869873,-0.3897170543670654,-0.0145275624963687,7.331220888318057e-06,0.016724242,0.12890625,-13.821056365966797,0.00025,dynamic-obstacles-8x8,MiniGrid-Dynamic-Obstacles-8x8-v0,2
371712,1929.034,0.0,256.0,0.3865008652210235,-0.3855893239378929,-0.0156723848078399,7.44957416145553e-06,0.034017608,0.11357421875,-14.22113037109375,0.00025,dynamic-obstacles-8x8,MiniGrid-Dynamic-Obstacles-8x8-v0,2
372736,1932.632,0.0,256.0,0.4184413850307464,-0.3808602944016456,-0.0136505563685204,6.791315092868899e-06,0.016324295,0.1140625,-21.770751953125,0.00025,dynamic-obstacles-8x8,MiniGrid-Dynamic-Obstacles-8x8-v0,2
373760,1936.93,0.0,256.0,0.4139977693557739,-0.4276179730892181,-0.019723215396516,6.684652112198819e-06,0.011761783,0.108984375,-14.917313575744627,0.00025,dynamic-obstacles-8x8,MiniGrid-Dynamic-Obstacles-8x8-v0,2
374784,1940.429,0.0,256.0,0.3776545226573944,-0.402524184435606,-0.0187518784077838,7.014386005721462e-06,0.019163314,0.1126953125,-13.945151329040527,0.00025,dynamic-obstacles-8x8,MiniGrid-Dynamic-Obstacles-8x8-v0,2
375808,1944.877,0.0,256.0,0.4013243913650512,-0.373838447779417,-0.0180230603436939,6.6436624251764446e-06,0.022078797,0.1103515625,-18.042804718017575,0.00025,dynamic-obstacles-8x8,MiniGrid-Dynamic-Obstacles-8x8-v0,2
376832,1948.322,0.0,256.0,0.4004598557949066,-0.3980654314160347,-0.0167201573960483,6.972073242650367e-06,0.014796942,0.10380859375,-17.17584800720215,0.00025,dynamic-obstacles-8x8,MiniGrid-Dynamic-Obstacles-8x8-v0,2
377856,1952.747,0.0,256.0,0.3940000236034393,-0.4112868033349514,-0.0171219362062402,5.864800652943814e-06,0.017408771,0.12802734375,-8.172307968139648,0.00025,dynamic-obstacles-8x8,MiniGrid-Dynamic-Obstacles-8x8-v0,2
378880,1956.223,0.0,256.0,0.3978526294231415,-0.3841550230979919,-0.0140632120310328,5.584278699188871e-06,0.013266093,0.12431640625,-21.95333480834961,0.00025,dynamic-obstacles-8x8,MiniGrid-Dynamic-Obstacles-8x8-v0,2
379904,1960.601,0.0,256.0,0.3728854060173034,-0.3810472391545773,-0.0203244428616017,5.587545228991076e-06,0.018185861,0.13193359375,-29.09608459472656,0.00025,dynamic-obstacles-8x8,MiniGrid-Dynamic-Obstacles-8x8-v0,2
380928,1971.812,0.0,256.0,0.3948189616203308,-0.3749225556850433,-0.0184885863331146,5.9595897141662135e-06,0.017557532,0.1017578125,-36.46631240844727,0.00025,dynamic-obstacles-8x8,MiniGrid-Dynamic-Obstacles-8x8-v0,2
381952,1976.167,0.0,256.0,0.3815852105617523,-0.3984502665698528,-0.018574036611244,5.650867933582049e-06,0.018740239,0.11142578125,-20.003610610961918,0.00025,dynamic-obstacles-8x8,MiniGrid-Dynamic-Obstacles-8x8-v0,2
382976,1979.614,0.0,256.0,0.4040194749832153,-0.3955134317278862,-0.0202160960063338,6.761590316273214e-06,0.034259386,0.12177734375,-19.61098289489746,0.00025,dynamic-obstacles-8x8,MiniGrid-Dynamic-Obstacles-8x8-v0,2
384000,1984.227,0.0,256.0,0.3841753304004669,-0.3955515183508396,-0.0209277555579319,7.431617541442393e-06,0.01538918,0.101953125,-14.399608612060549,0.00025,dynamic-obstacles-8x8,MiniGrid-Dynamic-Obstacles-8x8-v0,2
385024,1987.744,0.0,256.0,0.3706468939781189,-0.4001005887985229,-0.0173247240134514,6.488141161753447e-06,0.029435793,0.13759765625,-24.842512130737305,0.00025,dynamic-obstacles-8x8,MiniGrid-Dynamic-Obstacles-8x8-v0,2
386048,1992.226,0.0,256.0,0.3842061460018158,-0.367928908765316,-0.01820474260021,6.8014586304343535e-06,0.027925724,0.13857421875,-34.15183639526367,0.00025,dynamic-obstacles-8x8,MiniGrid-Dynamic-Obstacles-8x8-v0,2
387072,1995.682,0.0,256.0,0.3264093101024627,-0.3655550613999366,-0.0110344326123595,7.407343196064175e-06,0.039105598,0.14501953125,-25.342618942260746,0.00025,dynamic-obstacles-8x8,MiniGrid-Dynamic-Obstacles-8x8-v0,2
388096,2000.132,0.0,256.0,0.3001728653907776,-0.3233795806765556,-0.0101210703578544,8.226416434808926e-06,0.013171432,0.1033203125,-10.955734252929688,0.00025,dynamic-obstacles-8x8,MiniGrid-Dynamic-Obstacles-8x8-v0,2
389120,2003.504,-0.01,254.43,0.3059957027435303,-0.3050284929573535,-0.0149094225489534,6.556710218319495e-06,0.026467731,0.0853515625,-17.186433792114258,0.00025,dynamic-obstacles-8x8,MiniGrid-Dynamic-Obstacles-8x8-v0,2
390144,2015.512,-0.01,254.43,0.3466473221778869,-0.3129936099052429,-0.0101189866429194,0.0082048590353224,0.035913512,0.116015625,-0.0011751651763916,0.00025,dynamic-obstacles-8x8,MiniGrid-Dynamic-Obstacles-8x8-v0,2
391168,2020.44,-0.01,254.43,0.3212213218212127,-0.3505923248827457,-0.0109945909061934,8.05367802058754e-05,0.016098185,0.11474609375,-9.331785202026367,0.00025,dynamic-obstacles-8x8,MiniGrid-Dynamic-Obstacles-8x8-v0,2
392192,2024.082,-0.01,254.43,0.3853551149368286,-0.3468811117112637,-0.0174312827177345,2.946612312371144e-05,0.01900446,0.1486328125,-15.846479415893556,0.00025,dynamic-obstacles-8x8,MiniGrid-Dynamic-Obstacles-8x8-v0,2
393216,2028.339,-0.01,254.43,0.3847001194953918,-0.4034609422087669,-0.0145008317078463,1.466351384351583e-05,0.021800056,0.12490234375,-9.385986328125,0.00025,dynamic-obstacles-8x8,MiniGrid-Dynamic-Obstacles-8x8-v0,2
394240,2031.921,-0.01,254.43,0.3814980089664459,-0.3892436742782593,-0.0089253953308798,9.207023856561136e-06,0.01509732,0.13740234375,-9.817039489746094,0.00025,dynamic-obstacles-8x8,MiniGrid-Dynamic-Obstacles-8x8-v0,2
395264,2036.429,-0.01,254.43,0.3546977043151855,-0.3659506559371948,-0.0172466425807215,9.670392000771243e-06,0.025428765,0.14453125,-10.43593406677246,0.00025,dynamic-obstacles-8x8,MiniGrid-Dynamic-Obstacles-8x8-v0,2
396288,2039.897,-0.01,254.43,0.3883872032165527,-0.3629823461174964,-0.016432236530818,7.148660938582907e-06,0.016427975,0.12216796875,-11.743406295776367,0.00025,dynamic-obstacles-8x8,MiniGrid-Dynamic-Obstacles-8x8-v0,2
397312,2044.519,-0.01,254.43,0.3666585087776184,-0.3779134750366211,-0.0190333654638379,6.238827700144611e-06,0.014865879,0.10322265625,-13.80890655517578,0.00025,dynamic-obstacles-8x8,MiniGrid-Dynamic-Obstacles-8x8-v0,2
398336,2047.926,-0.01,254.43,0.3518551290035248,-0.3578397519886493,-0.013546342391055,6.185779830047977e-06,0.012260214,0.11416015625,-6.526673316955566,0.00025,dynamic-obstacles-8x8,MiniGrid-Dynamic-Obstacles-8x8-v0,2
399360,2052.352,-0.01,254.43,0.3640663027763366,-0.3540313318371773,-0.017487841314869,5.5160144597721225e-06,0.013432628,0.09716796875,-11.396671295166016,0.00025,dynamic-obstacles-8x8,MiniGrid-Dynamic-Obstacles-8x8-v0,2
400384,2063.144,-0.01,254.43,0.3427659869194031,-0.3517183244228363,-0.0131139760836958,6.300076711340807e-06,0.009703036,0.08955078125,-16.08746337890625,0.00025,dynamic-obstacles-8x8,MiniGrid-Dynamic-Obstacles-8x8-v0,2
401408,2067.502,-0.01,254.43,0.3326717317104339,-0.3309835091233253,-0.0167875682818703,6.948257328076579e-06,0.014562989,0.10185546875,-10.439360618591309,0.00025,dynamic-obstacles-8x8,MiniGrid-Dynamic-Obstacles-8x8-v0,2
402432,2071.064,-0.01,254.43,0.3515089750289917,-0.3310539022088051,-0.0172609120374545,7.74031268520048e-06,0.011852111,0.091015625,-10.462908744812012,0.00025,dynamic-obstacles-8x8,MiniGrid-Dynamic-Obstacles-8x8-v0,2
403456,2075.492,-0.01,254.43,0.3379926979541778,-0.3562599413096904,-0.0154900347115471,7.4802068411372605e-06,0.015916225,0.100390625,-31.211524963378903,0.00025,dynamic-obstacles-8x8,MiniGrid-Dynamic-Obstacles-8x8-v0,2
404480,2078.978,-0.01,254.43,0.33815398812294,-0.3288540549576282,-0.0176383608137257,7.221147529890004e-06,0.01135388,0.1025390625,-20.30638313293457,0.00025,dynamic-obstacles-8x8,MiniGrid-Dynamic-Obstacles-8x8-v0,2
405504,2083.42,-0.01,254.43,0.3120599091053009,-0.3273631900548935,-0.0175460599013604,7.000326615980157e-06,0.019242357,0.10439453125,-24.48552894592285,0.00025,dynamic-obstacles-8x8,MiniGrid-Dynamic-Obstacles-8x8-v0,2
406528,2086.993,-0.01,254.43,0.3205263018608093,-0.3061923556029796,-0.0122978705214336,8.71858004529713e-06,0.023041414,0.10595703125,-17.875524520874023,0.00025,dynamic-obstacles-8x8,MiniGrid-Dynamic-Obstacles-8x8-v0,2
407552,2091.433,-0.01,254.43,0.3145616054534912,-0.3192876018583774,-0.0033211775124073,7.34643477926511e-06,0.012684971,0.12421875,-21.66119766235352,0.00025,dynamic-obstacles-8x8,MiniGrid-Dynamic-Obstacles-8x8-v0,2
408576,2094.967,-0.01,254.43,0.3123663663864136,-0.3042576372623443,-0.0147177054197527,6.5431226403234176e-06,0.018867701,0.10625,-18.024982452392575,0.00025,dynamic-obstacles-8x8,MiniGrid-Dynamic-Obstacles-8x8-v0,2
409600,2099.336,-0.01,254.43,0.3180338442325592,-0.3072198867797852,-0.0176811161218211,6.855754907064693e-06,0.019279659,0.1072265625,-18.57509994506836,0.00025,dynamic-obstacles-8x8,MiniGrid-Dynamic-Obstacles-8x8-v0,2
410624,2110.54,-0.01,254.43,0.3087391555309295,-0.3203756541013717,-0.0187838730053044,7.322409601329127e-06,0.017689912,0.10302734375,-27.28661155700684,0.00025,dynamic-obstacles-8x8,MiniGrid-Dynamic-Obstacles-8x8-v0,2
411648,2116.464,-0.01,254.43,0.3350811302661896,-0.3055740907788277,-0.0154975977144204,6.8817786655017695e-06,0.016166579,0.088671875,-25.25343894958496,0.00025,dynamic-obstacles-8x8,MiniGrid-Dynamic-Obstacles-8x8-v0,2
412672,2121.227,-0.01,254.43,0.2957653403282165,-0.33021559715271,-0.017963012936525,7.168750789787736e-06,0.016402094,0.1138671875,-15.435884475708008,0.00025,dynamic-obstacles-8x8,MiniGrid-Dynamic-Obstacles-8x8-v0,2
413696,2124.865,-0.01,254.43,0.3256866931915283,-0.2927457094192505,-0.0166672482271678,6.68511570438568e-06,0.016187929,0.11005859375,-24.929000854492188,0.00025,dynamic-obstacles-8x8,MiniGrid-Dynamic-Obstacles-8x8-v0,2
414720,2129.703,0.0,256.0,0.3223204314708709,-0.3330029763281345,-0.0204268240835517,5.864629179086478e-06,0.024630103,0.11806640625,-14.079166412353516,0.00025,dynamic-obstacles-8x8,MiniGrid-Dynamic-Obstacles-8x8-v0,2
415744,2133.168,0.0,256.0,0.3418749868869781,-0.3284611649811267,-0.0170695014181546,5.865917512437591e-06,0.01746926,0.12119140625,-35.22640609741211,0.00025,dynamic-obstacles-8x8,MiniGrid-Dynamic-Obstacles-8x8-v0,2
416768,2137.487,0.0,256.0,0.3535136282444,-0.3515838623046875,-0.0204328569234348,5.248471870800131e-06,0.01694946,0.126171875,-21.400718688964844,0.00025,dynamic-obstacles-8x8,MiniGrid-Dynamic-Obstacles-8x8-v0,2
417792,2141.013,0.0,256.0,0.3380158543586731,-0.3447239764034748,-0.0204413363011553,5.456631618017127e-06,0.015568635,0.1123046875,-19.997026443481445,0.00025,dynamic-obstacles-8x8,MiniGrid-Dynamic-Obstacles-8x8-v0,2
418816,2145.448,0.0,256.0,0.321284532546997,-0.3323149599134922,-0.0151945227873511,5.861968713816168e-06,0.015345048,0.1107421875,-19.94174575805664,0.00025,dynamic-obstacles-8x8,MiniGrid-Dynamic-Obstacles-8x8-v0,2
419840,2148.896,0.0,256.0,0.3423538208007812,-0.3161507226526737,-0.0199115939089097,5.307221488237701e-06,0.025220096,0.13486328125,-26.26602935791016,0.00025,dynamic-obstacles-8x8,MiniGrid-Dynamic-Obstacles-8x8-v0,2
420864,2162.401,0.0,256.0,0.3663336038589477,-0.3497901692986488,-0.0214732972206547,5.8147327649749055e-06,0.017626148,0.12470703125,-21.597396850585938,0.00025,dynamic-obstacles-8x8,MiniGrid-Dynamic-Obstacles-8x8-v0,2
421888,2166.893,0.0,256.0,0.3335079252719879,-0.3541359640657902,-0.020539405173622,5.299238932821027e-06,0.030048558,0.16298828125,-13.213269233703612,0.00025,dynamic-obstacles-8x8,MiniGrid-Dynamic-Obstacles-8x8-v0,2
422912,2170.424,0.0,256.0,0.3358770608901977,-0.3384467259049415,-0.020402219495736,5.705961893909262e-06,0.01907861,0.11787109375,-24.319955825805664,0.00025,dynamic-obstacles-8x8,MiniGrid-Dynamic-Obstacles-8x8-v0,2
423936,2174.774,0.0,256.0,0.3331812620162964,-0.329802692681551,-0.0215645210817456,5.922439970618143e-06,0.028556176,0.136328125,-37.26266098022461,0.00025,dynamic-obstacles-8x8,MiniGrid-Dynamic-Obstacles-8x8-v0,2
424960,2178.327,0.0,256.0,0.3257983028888702,-0.3214941740036011,-0.0194192894501611,7.82809689781061e-06,0.017878003,0.12412109375,-40.52849197387695,0.00025,dynamic-obstacles-8x8,MiniGrid-Dynamic-Obstacles-8x8-v0,2
425984,2182.934,0.0,256.0,0.3294157981872558,-0.3246324241161346,-0.0200094158411957,8.979984477264224e-06,0.016264208,0.1322265625,-13.524060249328612,0.00025,dynamic-obstacles-8x8,MiniGrid-Dynamic-Obstacles-8x8-v0,2
427008,2186.361,0.0,256.0,0.3391353189945221,-0.3302669607102871,-0.0188837376190349,8.035402424866334e-06,0.013887049,0.109765625,-8.486856460571289,0.00025,dynamic-obstacles-8x8,MiniGrid-Dynamic-Obstacles-8x8-v0,2
428032,2190.926,0.0,256.0,0.3155102133750915,-0.3247258067131042,-0.0187782591208815,6.104794010752812e-06,0.014662899,0.11982421875,-11.14065933227539,0.00025,dynamic-obstacles-8x8,MiniGrid-Dynamic-Obstacles-8x8-v0,2
429056,2194.864,0.0,256.0,0.322045624256134,-0.2998553857207298,-0.012621355918236,6.864653698812617e-06,0.017078105,0.13681640625,-6.164039611816406,0.00025,dynamic-obstacles-8x8,MiniGrid-Dynamic-Obstacles-8x8-v0,2
430080,2206.782,0.0,256.0,0.3372671008110046,-0.3262674644589424,-0.0225226201233454,7.413010678192222e-06,0.015964638,0.11474609375,-4.830259799957275,0.00025,dynamic-obstacles-8x8,MiniGrid-Dynamic-Obstacles-8x8-v0,2
431104,2211.243,0.0,256.0,0.3237222135066986,-0.3306964382529259,-0.0227252120850607,5.688393935088243e-06,0.021499451,0.1236328125,-7.070626258850098,0.00025,dynamic-obstacles-8x8,MiniGrid-Dynamic-Obstacles-8x8-v0,2
432128,2214.731,0.0,256.0,0.3318602740764618,-0.3172502711415291,-0.0149655330809764,5.709577976631408e-06,0.0153437015,0.12490234375,-30.746288299560547,0.00025,dynamic-obstacles-8x8,MiniGrid-Dynamic-Obstacles-8x8-v0,2
433152,2219.128,0.0,256.0,0.3211860060691833,-0.3286988139152527,-0.0173155783908441,5.302084957747866e-06,0.01410225,0.1349609375,-22.318164825439453,0.00025,dynamic-obstacles-8x8,MiniGrid-Dynamic-Obstacles-8x8-v0,2
434176,2222.702,0.0,256.0,0.3400563895702362,-0.3197995446622371,-0.0197252048412337,5.539843152746471e-06,0.012246864,0.10302734375,-23.84676551818848,0.00025,dynamic-obstacles-8x8,MiniGrid-Dynamic-Obstacles-8x8-v0,2
435200,2226.998,0.0,256.0,0.3351888358592987,-0.3370807193219661,-0.0206982298288494,5.0025507675854895e-06,0.022375429,0.14365234375,-52.17253875732422,0.00025,dynamic-obstacles-8x8,MiniGrid-Dynamic-Obstacles-8x8-v0,2
436224,2230.696,0.0,256.0,0.2833447754383087,-0.3210304848849773,-0.0219538139179348,4.815417628378782e-06,0.020006634,0.13408203125,-11.488351821899414,0.00025,dynamic-obstacles-8x8,MiniGrid-Dynamic-Obstacles-8x8-v0,2
437248,2235.057,0.0,256.0,0.3066562414169311,-0.2676328301429748,-0.015201134304516,5.486974066570837e-06,0.013409517,0.109375,-12.99698257446289,0.00025,dynamic-obstacles-8x8,MiniGrid-Dynamic-Obstacles-8x8-v0,2
438272,2238.506,0.0,256.0,0.2884420156478882,-0.3070741854608059,-0.0178184944903478,4.635069967662276e-06,0.011432045,0.108984375,-35.6194953918457,0.00025,dynamic-obstacles-8x8,MiniGrid-Dynamic-Obstacles-8x8-v0,2
439296,2243.008,0.0,256.0,0.2990152537822723,-0.2946695122867823,-0.0186446880106814,4.0732657680564445e-06,0.02706149,0.12587890625,-12.514684677124023,0.00025,dynamic-obstacles-8x8,MiniGrid-Dynamic-Obstacles-8x8-v0,2
440320,2253.828,0.0,256.0,0.3211767375469208,-0.2964485019445419,-0.0172895744559355,4.045905177463282e-06,0.013423894,0.11279296875,-25.51639747619629,0.00025,dynamic-obstacles-8x8,MiniGrid-Dynamic-Obstacles-8x8-v0,2
441344,2258.166,0.0,256.0,0.318098247051239,-0.3053015261888504,-0.0139035154134035,4.303031676045066e-06,0.01498948,0.12763671875,-9.709268569946287,0.00025,dynamic-obstacles-8x8,MiniGrid-Dynamic-Obstacles-8x8-v0,2
442368,2261.727,0.0,256.0,0.3287897109985351,-0.3132342599332333,-0.0202628030325286,4.502877936829464e-06,0.0253631,0.13037109375,-14.466778755187988,0.00025,dynamic-obstacles-8x8,MiniGrid-Dynamic-Obstacles-8x8-v0,2
443392,2265.971,0.0,256.0,0.2785860598087311,-0.3195814073085785,-0.0218988300999626,5.36305090577116e-06,0.025147079,0.1322265625,-17.718969345092773,0.00025,dynamic-obstacles-8x8,MiniGrid-Dynamic-Obstacles-8x8-v0,2
444416,2269.516,0.0,256.0,0.2998150587081909,-0.2803023889660835,-0.0179613079293631,3.774223603159044e-06,0.020166023,0.115625,-23.56815719604492,0.00025,dynamic-obstacles-8x8,MiniGrid-Dynamic-Obstacles-8x8-v0,2
445440,2274.012,0.0,256.0,0.3015171587467193,-0.2942563474178314,-0.0221127329394221,7.81195240051602e-06,0.01943098,0.13330078125,-13.867283821105955,0.00025,dynamic-obstacles-8x8,MiniGrid-Dynamic-Obstacles-8x8-v0,2
446464,2277.338,0.0,256.0,0.2927845120429992,-0.2909993976354599,-0.0145456802099943,1.1891523035956195e-05,0.01068236,0.09296875,-25.5105094909668,0.00025,dynamic-obstacles-8x8,MiniGrid-Dynamic-Obstacles-8x8-v0,2
447488,2281.858,0.0,256.0,0.278763473033905,-0.2954494908452034,-0.0219918415532447,8.33947816545333e-06,0.016856559,0.119921875,-27.824419021606445,0.00025,dynamic-obstacles-8x8,MiniGrid-Dynamic-Obstacles-8x8-v0,2
448512,2285.345,0.0,256.0,0.3257259130477905,-0.2863792587071657,-0.0190918695472646,5.204268194347605e-06,0.014028768,0.10126953125,-18.792631149291992,0.00025,dynamic-obstacles-8x8,MiniGrid-Dynamic-Obstacles-8x8-v0,2
449536,2289.767,0.0,256.0,0.3171229362487793,-0.3286195240914821,-0.0160642229253426,3.511272234391072e-06,0.013833194,0.11435546875,-18.973276138305664,0.00025,dynamic-obstacles-8x8,MiniGrid-Dynamic-Obstacles-8x8-v0,2
450560,2300.679,0.0,256.0,0.3161970674991607,-0.3032228611409664,-0.0153389295213855,3.817494297209123e-06,0.01562795,0.11943359375,-18.082984924316406,0.00025,dynamic-obstacles-8x8,MiniGrid-Dynamic-Obstacles-8x8-v0,2
451584,2305.015,0.0,256.0,0.3100377321243286,-0.3088562481105327,-0.0154567227582447,2.674046805850594e-06,0.014443424,0.14609375,-19.87524032592773,0.00025,dynamic-obstacles-8x8,MiniGrid-Dynamic-Obstacles-8x8-v0,2
452608,2308.328,0.0,256.0,0.2999116480350494,-0.3168717809021473,-0.0193614955176599,3.1070978138814097e-06,0.022626627,0.1390625,-21.24790573120117,0.00025,dynamic-obstacles-8x8,MiniGrid-Dynamic-Obstacles-8x8-v0,2
453632,2312.777,0.0,256.0,0.2872132062911987,-0.2931019350886344,-0.0228333669016137,2.7433455272785067e-06,0.024535371,0.12421875,-15.556951522827148,0.00025,dynamic-obstacles-8x8,MiniGrid-Dynamic-Obstacles-8x8-v0,2
454656,2316.131,0.0,256.0,0.3041826784610748,-0.2907112427055836,-0.0100875955540686,3.007433451784891e-06,0.012522895,0.1201171875,-15.573543548583984,0.00025,dynamic-obstacles-8x8,MiniGrid-Dynamic-Obstacles-8x8-v0,2
455680,2320.654,0.0,256.0,0.2704816162586212,-0.2974361047148705,-0.0184797420050017,3.496746535347484e-06,0.016674876,0.11787109375,-33.125736236572266,0.00025,dynamic-obstacles-8x8,MiniGrid-Dynamic-Obstacles-8x8-v0,2
456704,2324.094,0.0,256.0,0.2950521111488342,-0.2677400659769773,-0.015146502200514,4.22863624294223e-06,0.016674269,0.096484375,-17.730714797973633,0.00025,dynamic-obstacles-8x8,MiniGrid-Dynamic-Obstacles-8x8-v0,2
457728,2328.358,0.0,256.0,0.3017175793647766,-0.3022019319236279,-0.0210492994636297,4.199931652237865e-06,0.017678376,0.12421875,-29.46317672729492,0.00025,dynamic-obstacles-8x8,MiniGrid-Dynamic-Obstacles-8x8-v0,2
458752,2331.91,0.0,256.0,0.3124478161334991,-0.3071482263505459,-0.0224171585519798,3.858134630263521e-06,0.022119613,0.1361328125,-20.197599411010746,0.00025,dynamic-obstacles-8x8,MiniGrid-Dynamic-Obstacles-8x8-v0,2
459776,2336.266,0.0,256.0,0.3022518455982208,-0.3179760247468948,-0.0234042876574676,3.451592334613452e-06,0.017934883,0.1185546875,-20.302221298217773,0.00025,dynamic-obstacles-8x8,MiniGrid-Dynamic-Obstacles-8x8-v0,2
460800,2348.51,0.0,256.0,0.3140491843223572,-0.3013779833912849,-0.0248662141850218,4.21966187786893e-06,0.023215003,0.13623046875,-17.44454002380371,0.00025,dynamic-obstacles-8x8,MiniGrid-Dynamic-Obstacles-8x8-v0,2
461824,2353.166,0.0,256.0,0.3008551299571991,-0.3126556374132633,-0.0197103917249478,3.4274984272997244e-06,0.019391019,0.1314453125,-31.180606842041016,0.00025,dynamic-obstacles-8x8,MiniGrid-Dynamic-Obstacles-8x8-v0,2
462848,2356.689,0.0,256.0,0.2984839081764221,-0.2910649627447128,-0.0126692412886768,3.4821883787117256e-06,0.020814389,0.14052734375,-25.70395851135254,0.00025,dynamic-obstacles-8x8,MiniGrid-Dynamic-Obstacles-8x8-v0,2
463872,2361.295,0.0,256.0,0.3267076909542084,-0.3041007630527019,-0.0164548590080812,3.113216843075861e-06,0.014123462,0.10576171875,-27.4670467376709,0.00025,dynamic-obstacles-8x8,MiniGrid-Dynamic-Obstacles-8x8-v0,2
464896,2364.712,0.0,256.0,0.3205886483192444,-0.3244604744017124,-0.0206704632844775,3.3207924218459085e-06,0.02303566,0.14560546875,-11.436793327331545,0.00025,dynamic-obstacles-8x8,MiniGrid-Dynamic-Obstacles-8x8-v0,2
465920,2369.233,0.0,256.0,0.2853105664253235,-0.302363396435976,-0.0208798653970006,3.233216881426415e-06,0.018221105,0.13994140625,-22.34249496459961,0.00025,dynamic-obstacles-8x8,MiniGrid-Dynamic-Obstacles-8x8-v0,2
466944,2372.754,0.0,256.0,0.2804412841796875,-0.2827571153640747,-0.0161522351554594,3.143355013435212e-06,0.017945623,0.120703125,-9.505220413208008,0.00025,dynamic-obstacles-8x8,MiniGrid-Dynamic-Obstacles-8x8-v0,2
467968,2377.114,0.0,256.0,0.2966857552528381,-0.2863594807684421,-0.0189147761208005,3.704888143829521e-06,0.015853178,0.1240234375,-28.99668312072754,0.00025,dynamic-obstacles-8x8,MiniGrid-Dynamic-Obstacles-8x8-v0,2
468992,2380.722,0.0,256.0,0.3058754801750183,-0.2966767132282257,-0.018330501532182,3.3069608662117387e-06,0.021269325,0.14365234375,-11.901046752929688,0.00025,dynamic-obstacles-8x8,MiniGrid-Dynamic-Obstacles-8x8-v0,2
470016,2392.586,0.0,256.0,0.3020833134651184,-0.3039427064359188,-0.0172770120203495,3.4855038052228337e-06,0.0157201,0.12900390625,-21.29063415527344,0.00025,dynamic-obstacles-8x8,MiniGrid-Dynamic-Obstacles-8x8-v0,2
471040,2397.345,0.0,256.0,0.2916568219661712,-0.303415160626173,-0.0138632793794386,3.502451914982885e-06,0.014046974,0.12421875,-10.03517246246338,0.00025,dynamic-obstacles-8x8,MiniGrid-Dynamic-Obstacles-8x8-v0,2
472064,2401.12,0.0,256.0,0.2829520404338836,-0.2775177847594022,-0.0150057307910174,3.220030032480281e-06,0.015697781,0.12587890625,-16.318246841430664,0.00025,dynamic-obstacles-8x8,MiniGrid-Dynamic-Obstacles-8x8-v0,2
473088,2405.432,0.0,256.0,0.2985017895698547,-0.2801195409148931,-0.0189584320585709,2.652621788001852e-06,0.0166404,0.1375,-8.712242126464844,0.00025,dynamic-obstacles-8x8,MiniGrid-Dynamic-Obstacles-8x8-v0,2
474112,2409.618,0.0,256.0,0.2720580995082855,-0.2982012197375298,-0.0178471247549168,2.677427141861699e-06,0.033813335,0.1228515625,-16.007938385009766,0.00025,dynamic-obstacles-8x8,MiniGrid-Dynamic-Obstacles-8x8-v0,2
475136,2415.215,0.0,256.0,0.2922800481319427,-0.2778722584247589,-0.0169116005068644,3.3128157838291373e-06,0.022399433,0.12392578125,-8.729415893554688,0.00025,dynamic-obstacles-8x8,MiniGrid-Dynamic-Obstacles-8x8-v0,2
476160,2419.76,0.0,256.0,0.271140307188034,-0.2908372469246387,-0.0185346397222019,3.664276113113374e-06,0.017823953,0.10703125,-32.50166702270508,0.00025,dynamic-obstacles-8x8,MiniGrid-Dynamic-Obstacles-8x8-v0,2
477184,2423.229,0.0,256.0,0.2828787267208099,-0.2712624687701463,-0.0151392317085992,5.063304712393801e-06,0.014703704,0.1232421875,-44.14044952392578,0.00025,dynamic-obstacles-8x8,MiniGrid-Dynamic-Obstacles-8x8-v0,2
478208,2427.723,0.0,256.0,0.283144861459732,-0.2809881933033466,-0.0198419928841758,3.949422671212233e-06,0.015340031,0.11181640625,-12.947287559509276,0.00025,dynamic-obstacles-8x8,MiniGrid-Dynamic-Obstacles-8x8-v0,2
479232,2431.137,0.0,256.0,0.27997487783432,-0.2818390838801861,-0.0175720360130071,5.58937376808899e-06,0.014541848,0.1193359375,-30.503835678100582,0.00025,dynamic-obstacles-8x8,MiniGrid-Dynamic-Obstacles-8x8-v0,2
480256,2443.858,0.0,256.0,0.2808592319488525,-0.2809851702302694,-0.0222593894461169,5.49269575458311e-06,0.014039113,0.13466796875,-21.46347999572754,0.00025,dynamic-obstacles-8x8,MiniGrid-Dynamic-Obstacles-8x8-v0,2
481280,2448.354,0.0,256.0,0.2961511611938476,-0.2863752599805593,-0.0198723272653296,4.056603603430631e-06,0.014409359,0.096875,-24.82614517211914,0.00025,dynamic-obstacles-8x8,MiniGrid-Dynamic-Obstacles-8x8-v0,2
482304,2451.796,0.0,256.0,0.2917572557926178,-0.2919056557118892,-0.021308287163265,3.103318744024364e-06,0.017219475,0.12548828125,-5.83737325668335,0.00025,dynamic-obstacles-8x8,MiniGrid-Dynamic-Obstacles-8x8-v0,2
483328,2456.174,0.0,256.0,0.2968012988567352,-0.2896614700555801,-0.023388524306938,3.209576505014411e-06,0.018510776,0.12548828125,-13.555335998535156,0.00025,dynamic-obstacles-8x8,MiniGrid-Dynamic-Obstacles-8x8-v0,2
484352,2459.765,0.0,256.0,0.2991503775119781,-0.3005124270915985,-0.0173100663349032,2.6228747628920244e-06,0.013325252,0.11904296875,-13.614622116088867,0.00025,dynamic-obstacles-8x8,MiniGrid-Dynamic-Obstacles-8x8-v0,2
485376,2464.514,0.0,256.0,0.3145949244499206,-0.3037652529776096,-0.0155724593321792,2.4360901790032584e-06,0.021942856,0.14091796875,-13.309839248657228,0.00025,dynamic-obstacles-8x8,MiniGrid-Dynamic-Obstacles-8x8-v0,2
486400,2468.189,0.0,256.0,0.3324746787548065,-0.3120715118944644,-0.0203314227517694,2.1689221938459013e-06,0.014489751,0.12568359375,-25.13011360168457,0.00025,dynamic-obstacles-8x8,MiniGrid-Dynamic-Obstacles-8x8-v0,2
487424,2472.481,0.0,256.0,0.3256275653839111,-0.3312726028263569,-0.0214193142019212,2.022504625642796e-06,0.013044782,0.11123046875,-12.009917259216309,0.00025,dynamic-obstacles-8x8,MiniGrid-Dynamic-Obstacles-8x8-v0,2
488448,2476.084,0.0,256.0,0.3199729919433594,-0.3231151543557644,-0.0193310095928609,1.967878870345885e-06,0.026134053,0.12978515625,-19.819107055664062,0.00025,dynamic-obstacles-8x8,MiniGrid-Dynamic-Obstacles-8x8-v0,2
489472,2480.588,0.0,256.0,0.336635023355484,-0.3135810650885105,-0.0143812075664754,1.869447848434902e-06,0.0133649185,0.13759765625,-12.81021499633789,0.00025,dynamic-obstacles-8x8,MiniGrid-Dynamic-Obstacles-8x8-v0,2
490496,2491.628,0.0,256.0,0.3781220912933349,-0.351770656555891,-0.0203098614700138,1.7921947090826509e-06,0.021245707,0.1369140625,-18.52849578857422,0.00025,dynamic-obstacles-8x8,MiniGrid-Dynamic-Obstacles-8x8-v0,2
491520,2496.195,0.0,256.0,0.3776585757732391,-0.3757857702672481,-0.020348277024459,1.6391090440492917e-06,0.015866946,0.14013671875,-18.885910034179688,0.00025,dynamic-obstacles-8x8,MiniGrid-Dynamic-Obstacles-8x8-v0,2
492544,2499.634,0.0,256.0,0.3504813015460968,-0.3734778724610805,-0.023463079938665,1.5553945360125e-06,0.020028098,0.12373046875,-16.937423706054688,0.00025,dynamic-obstacles-8x8,MiniGrid-Dynamic-Obstacles-8x8-v0,2
493568,2503.929,0.0,256.0,0.334823340177536,-0.3545493893325329,-0.0232910240301862,1.3259302164669862e-06,0.017353773,0.11298828125,-11.653090476989746,0.00025,dynamic-obstacles-8x8,MiniGrid-Dynamic-Obstacles-8x8-v0,2
494592,2507.521,0.0,256.0,0.3549417853355407,-0.3346416927874088,-0.0193507042713463,1.7891222597654632e-06,0.017209217,0.13203125,-41.36164093017578,0.00025,dynamic-obstacles-8x8,MiniGrid-Dynamic-Obstacles-8x8-v0,2
495616,2511.746,0.0,256.0,0.3593162000179291,-0.3553595215082168,-0.0239012015634216,1.32538074524291e-06,0.017027335,0.13173828125,-22.921485900878903,0.00025,dynamic-obstacles-8x8,MiniGrid-Dynamic-Obstacles-8x8-v0,2
496640,2515.288,0.0,256.0,0.3416486978530884,-0.3546780563890934,-0.0203066619113087,1.5882884326856584e-06,0.013192912,0.10576171875,-27.521221160888672,0.00025,dynamic-obstacles-8x8,MiniGrid-Dynamic-Obstacles-8x8-v0,2
497664,2519.677,0.0,256.0,0.3542174100875854,-0.3325146332383156,-0.0167761315766256,3.109983157401075e-06,0.011603704,0.13203125,-22.27361869812012,0.00025,dynamic-obstacles-8x8,MiniGrid-Dynamic-Obstacles-8x8-v0,2
498688,2523.093,0.0,256.0,0.3560900688171386,-0.3653998836874962,-0.024502882361412,3.5085339419538287e-06,0.020052813,0.13740234375,-29.78526306152344,0.00025,dynamic-obstacles-8x8,MiniGrid-Dynamic-Obstacles-8x8-v0,2
499712,2527.553,0.0,256.0,0.343737781047821,-0.35790771022439,-0.0218222072639036,2.2975566224658904e-06,0.012790282,0.12177734375,-21.23607063293457,0.00025,dynamic-obstacles-8x8,MiniGrid-Dynamic-Obstacles-8x8-v0,2
500736,2538.391,0.0,256.0,0.3483692407608032,-0.3448613978922367,-0.0183162192697636,2.0203689558684344e-06,0.016698811,0.1353515625,-23.422439575195312,0.00025,dynamic-obstacles-8x8,MiniGrid-Dynamic-Obstacles-8x8-v0,2
